Year,Time_Pt,Species,Site,Location,Bag_Numb,Replicate,Mortality,Dead_Alive
2020,5,M. gigas,North,HIOC,1,1,1,Dead
2020,5,M. gigas,North,HIOC,1,2,1,Dead
2020,5,M. gigas,North,HIOC,1,3,1,Dead
2020,5,M. gigas,North,HIOC,1,4,0,Alive
2020,5,M. gigas,North,HIOC,1,5,0,Alive
2020,5,M. gigas,North,HIOC,1,6,0,Alive
2020,5,M. gigas,North,HIOC,1,7,0,Alive
2020,5,M. gigas,North,HIOC,1,8,0,Alive
2020,5,M. gigas,North,HIOC,1,9,0,Alive
2020,5,M. gigas,North,HIOC,1,10,0,Alive
2020,5,M. gigas,North,HIOC,1,11,0,Alive
2020,5,M. gigas,North,HIOC,1,12,0,Alive
2020,5,M. gigas,North,HIOC,1,13,0,Alive
2020,5,M. gigas,North,HIOC,1,14,0,Alive
2020,5,M. gigas,North,HIOC,1,15,0,Alive
2020,5,M. gigas,North,HIOC,1,16,0,Alive
2020,5,M. gigas,North,HIOC,1,17,0,Alive
2020,5,M. gigas,North,HIOC,1,18,0,Alive
2020,5,M. gigas,North,HIOC,1,19,0,Alive
2020,5,M. gigas,North,HIOC,1,20,0,Alive
2020,5,M. gigas,North,HIOC,1,21,0,Alive
2020,5,M. gigas,North,HIOC,1,22,0,Alive
2020,5,M. gigas,North,HIOC,1,23,0,Alive
2020,5,M. gigas,North,HIOC,1,24,0,Alive
2020,5,M. gigas,North,HIOC,1,25,0,Alive
2020,5,M. gigas,North,HIOC,1,26,0,Alive
2020,5,M. gigas,North,HIOC,1,27,0,Alive
2020,5,M. gigas,North,HIOC,1,28,0,Alive
2020,5,M. gigas,North,HIOC,1,29,0,Alive
2020,5,M. gigas,North,HIOC,1,30,0,Alive
2020,5,M. gigas,North,HIOC,1,31,0,Alive
2020,5,M. gigas,North,HIOC,1,32,0,Alive
2020,5,M. gigas,North,HIOC,1,33,0,Alive
2020,5,M. gigas,North,HIOC,1,34,0,Alive
2020,5,M. gigas,North,HIOC,1,35,0,Alive
2020,5,M. gigas,North,HIOC,1,36,0,Alive
2020,5,M. gigas,North,HIOC,1,37,0,Alive
2020,5,M. gigas,North,HIOC,1,38,0,Alive
2020,5,M. gigas,North,HIOC,1,39,0,Alive
2020,5,M. gigas,North,HIOC,1,40,0,Alive
2020,5,M. gigas,North,HIOC,1,41,0,Alive
2020,5,M. gigas,North,HIOC,1,42,0,Alive
2020,5,M. gigas,North,HIOC,1,43,0,Alive
2020,5,M. gigas,North,HIOC,1,44,0,Alive
2020,5,M. gigas,North,HIOC,1,45,0,Alive
2020,5,M. gigas,North,HIOC,1,46,0,Alive
2020,5,M. gigas,North,HIOC,1,47,0,Alive
2020,5,M. gigas,North,HIOC,1,48,0,Alive
2020,5,M. gigas,North,HIOC,1,49,0,Alive
2020,5,M. gigas,North,HIOC,1,50,0,Alive
2020,5,M. gigas,North,HIOC,1,51,0,Alive
2020,5,M. gigas,North,HIOC,1,52,0,Alive
2020,5,M. gigas,North,HIOC,1,53,0,Alive
2020,5,M. gigas,North,HIOC,1,54,0,Alive
2020,5,M. gigas,North,HIOC,1,55,0,Alive
2020,5,M. gigas,North,HIOC,1,56,0,Alive
2020,5,M. gigas,North,HIOC,1,57,0,Alive
2020,5,M. gigas,North,HIOC,1,58,0,Alive
2020,5,M. gigas,North,HIOC,1,59,0,Alive
2020,5,M. gigas,North,HIOC,1,60,0,Alive
2020,5,M. gigas,North,HIOC,1,61,0,Alive
2020,5,M. gigas,North,HIOC,1,62,0,Alive
2020,5,M. gigas,North,HIOC,1,63,0,Alive
2020,5,M. gigas,North,HIOC,1,64,0,Alive
2020,5,M. gigas,North,HIOC,1,65,0,Alive
2020,5,M. gigas,North,HIOC,1,66,0,Alive
2020,5,M. gigas,North,HIOC,1,67,0,Alive
2020,5,M. gigas,North,HIOC,1,68,0,Alive
2020,5,M. gigas,North,HIOC,1,69,0,Alive
2020,5,M. gigas,North,HIOC,1,70,0,Alive
2020,5,M. gigas,North,HIOC,1,71,0,Alive
2020,5,M. gigas,North,HIOC,1,72,0,Alive
2020,5,M. gigas,North,HIOC,1,73,0,Alive
2020,5,M. gigas,North,HIOC,1,74,0,Alive
2020,5,M. gigas,North,HIOC,1,75,0,Alive
2020,5,M. gigas,North,HIOC,1,76,0,Alive
2020,5,M. gigas,North,HIOC,1,77,0,Alive
2020,5,M. gigas,North,HIOC,1,78,0,Alive
2020,5,M. gigas,North,HIOC,1,79,0,Alive
2020,5,M. gigas,North,HIOC,1,80,0,Alive
2020,5,M. gigas,North,HIOC,1,81,0,Alive
2020,5,M. gigas,North,HIOC,1,82,0,Alive
2020,5,M. gigas,North,HIOC,1,83,0,Alive
2020,5,M. gigas,North,HIOC,1,84,0,Alive
2020,5,M. gigas,North,HIOC,1,85,0,Alive
2020,5,M. gigas,North,HIOC,1,86,0,Alive
2020,5,M. gigas,North,HIOC,1,87,0,Alive
2020,5,M. gigas,North,HIOC,1,88,0,Alive
2020,5,M. gigas,North,HIOC,1,89,0,Alive
2020,5,M. gigas,North,HIOC,1,90,0,Alive
2020,5,M. gigas,North,HIOC,1,91,0,Alive
2020,5,M. gigas,North,HIOC,1,92,0,Alive
2020,5,M. gigas,North,HIOC,1,93,0,Alive
2020,5,M. gigas,North,HIOC,1,94,0,Alive
2020,5,M. gigas,North,HIOC,1,95,0,Alive
2020,5,M. gigas,North,HIOC,1,96,0,Alive
2020,5,M. gigas,North,HIOC,1,97,0,Alive
2020,5,M. gigas,North,HIOC,1,98,0,Alive
2020,5,M. gigas,North,HIOC,1,99,0,Alive
2020,5,M. gigas,North,HIOC,1,100,0,Alive
2020,5,M. gigas,North,HIOC,1,101,0,Alive
2020,5,M. gigas,North,HIOC,1,102,0,Alive
2020,5,M. gigas,North,HIOC,1,103,0,Alive
2020,5,M. gigas,North,HIOC,1,104,0,Alive
2020,5,M. gigas,North,HIOC,1,105,0,Alive
2020,5,M. gigas,North,HIOC,1,106,0,Alive
2020,5,M. gigas,North,HIOC,1,107,0,Alive
2020,5,M. gigas,North,HIOC,1,108,0,Alive
2020,5,M. gigas,North,HIOC,1,109,0,Alive
2020,5,M. gigas,North,HIOC,1,110,0,Alive
2020,5,M. gigas,North,HIOC,1,111,0,Alive
2020,5,M. gigas,North,HIOC,1,112,0,Alive
2020,5,M. gigas,North,HIOC,1,113,0,Alive
2020,5,M. gigas,North,HIOC,1,114,0,Alive
2020,5,M. gigas,North,HIOC,1,115,0,Alive
2020,5,M. gigas,North,HIOC,1,116,0,Alive
2020,5,M. gigas,North,HIOC,1,117,0,Alive
2020,5,M. gigas,North,HIOC,1,118,0,Alive
2020,5,M. gigas,North,HIOC,1,119,0,Alive
2020,5,M. gigas,North,HIOC,1,120,0,Alive
2020,5,M. gigas,North,HIOC,1,121,0,Alive
2020,5,M. gigas,North,HIOC,1,122,0,Alive
2020,5,M. gigas,North,HIOC,1,123,0,Alive
2020,5,M. gigas,North,HIOC,1,124,0,Alive
2020,5,M. gigas,North,HIOC,1,125,0,Alive
2020,5,M. gigas,North,HIOC,1,126,0,Alive
2020,5,M. gigas,North,HIOC,1,127,0,Alive
2020,5,M. gigas,North,HIOC,1,128,0,Alive
2020,5,M. gigas,North,HIOC,1,129,0,Alive
2020,5,M. gigas,North,HIOC,1,130,0,Alive
2020,5,M. gigas,North,HIOC,1,131,0,Alive
2020,5,M. gigas,North,HIOC,1,132,0,Alive
2020,5,M. gigas,North,HIOC,1,133,0,Alive
2020,5,M. gigas,North,HIOC,1,134,0,Alive
2020,5,M. gigas,North,HIOC,1,135,0,Alive
2020,5,M. gigas,North,HIOC,1,136,0,Alive
2020,5,M. gigas,North,HIOC,1,137,0,Alive
2020,5,M. gigas,North,HIOC,1,138,0,Alive
2020,5,M. gigas,North,HIOC,1,139,0,Alive
2020,5,M. gigas,North,HIOC,1,140,0,Alive
2020,5,M. gigas,North,HIOC,1,141,0,Alive
2020,5,M. gigas,North,HIOC,1,142,0,Alive
2020,5,M. gigas,North,HIOC,1,143,0,Alive
2020,5,M. gigas,North,HIOC,1,144,0,Alive
2020,5,M. gigas,North,HIOC,1,145,0,Alive
2020,5,M. gigas,North,HIOC,1,146,0,Alive
2020,5,M. gigas,North,HIOC,1,147,0,Alive
2020,5,M. gigas,North,HIOC,1,148,0,Alive
2020,5,M. gigas,North,HIOC,1,149,0,Alive
2020,5,M. gigas,North,HIOC,1,150,0,Alive
2020,5,M. gigas,North,HIOC,1,151,0,Alive
2020,5,M. gigas,North,HIOC,1,152,0,Alive
2020,5,M. gigas,North,HIOC,1,153,0,Alive
2020,5,M. gigas,North,HIOC,1,154,0,Alive
2020,5,M. gigas,North,HIOC,1,155,0,Alive
2020,5,M. gigas,North,HIOC,1,156,0,Alive
2020,5,M. gigas,North,HIOC,1,157,0,Alive
2020,5,M. gigas,North,HIOC,1,158,0,Alive
2020,5,M. gigas,North,HIOC,1,159,0,Alive
2020,5,M. gigas,North,HIOC,1,160,0,Alive
2020,5,M. gigas,North,HIOC,1,161,0,Alive
2020,5,M. gigas,North,HIOC,1,162,0,Alive
2020,5,M. gigas,North,HIOC,1,163,0,Alive
2020,5,M. gigas,North,HIOC,1,164,0,Alive
2020,5,M. gigas,North,HIOC,1,165,0,Alive
2020,5,M. gigas,North,HIOC,1,166,0,Alive
2020,5,M. gigas,North,HIOC,1,167,0,Alive
2020,5,M. gigas,North,HIOC,1,168,0,Alive
2020,5,M. gigas,North,HIOC,1,169,0,Alive
2020,5,M. gigas,North,HIOC,1,170,0,Alive
2020,5,M. gigas,North,HIOC,1,171,0,Alive
2020,5,M. gigas,North,HIOC,1,172,0,Alive
2020,5,M. gigas,North,HIOC,1,173,0,Alive
2020,5,M. gigas,North,HIOC,1,174,0,Alive
2020,5,M. gigas,North,HIOC,1,175,0,Alive
2020,5,M. gigas,North,HIOC,1,176,0,Alive
2020,5,M. gigas,North,HIOC,1,177,0,Alive
2020,5,M. gigas,North,HIOC,1,178,0,Alive
2020,5,M. gigas,North,HIOC,1,179,0,Alive
2020,5,M. gigas,North,HIOC,1,180,0,Alive
2020,5,M. gigas,North,HIOC,1,181,0,Alive
2020,5,M. gigas,North,HIOC,1,182,0,Alive
2020,5,M. gigas,North,HIOC,1,183,0,Alive
2020,5,M. gigas,North,HIOC,1,184,0,Alive
2020,5,M. gigas,North,HIOC,1,185,0,Alive
2020,5,M. gigas,North,HIOC,1,186,0,Alive
2020,5,M. gigas,North,HIOC,1,187,0,Alive
2020,5,M. gigas,North,HIOC,1,188,0,Alive
2020,5,M. gigas,North,HIOC,1,189,0,Alive
2020,5,M. gigas,North,HIOC,1,190,0,Alive
2020,5,M. gigas,North,HIOC,1,191,0,Alive
2020,5,M. gigas,North,HIOC,1,192,0,Alive
2020,5,M. gigas,North,HIOC,1,193,0,Alive
2020,5,M. gigas,North,HIOC,1,194,0,Alive
2020,5,M. gigas,North,HIOC,1,195,0,Alive
2020,5,M. gigas,North,HIOC,1,196,0,Alive
2020,5,M. gigas,North,HIOC,1,197,0,Alive
2020,5,M. gigas,North,HIOC,1,198,0,Alive
2020,5,M. gigas,North,HIOC,1,199,0,Alive
2020,5,M. gigas,North,HIOC,1,200,0,Alive
2020,5,M. gigas,North,HIOC,1,201,0,Alive
2020,5,M. gigas,North,HIOC,1,202,0,Alive
2020,5,M. gigas,North,HIOC,1,203,0,Alive
2020,5,M. gigas,North,HIOC,1,204,0,Alive
2020,5,M. gigas,North,HIOC,1,205,0,Alive
2020,5,M. gigas,North,HIOC,1,206,0,Alive
2020,5,M. gigas,North,HIOC,1,207,0,Alive
2020,5,M. gigas,North,HIOC,1,208,0,Alive
2020,5,M. gigas,North,HIOC,1,209,0,Alive
2020,5,M. gigas,North,HIOC,1,210,0,Alive
2020,5,M. gigas,North,HIOC,1,211,0,Alive
2020,5,M. gigas,North,HIOC,1,212,0,Alive
2020,5,M. gigas,North,HIOC,1,213,0,Alive
2020,5,M. gigas,North,HIOC,1,214,0,Alive
2020,5,M. gigas,North,HIOC,1,215,0,Alive
2020,5,M. gigas,North,HIOC,1,216,0,Alive
2020,5,M. gigas,North,HIOC,1,217,0,Alive
2020,5,M. gigas,North,HIOC,1,218,0,Alive
2020,5,M. gigas,North,HIOC,1,219,0,Alive
2020,5,M. gigas,North,HIOC,1,220,0,Alive
2020,5,M. gigas,North,HIOC,1,221,0,Alive
2020,5,M. gigas,North,HIOC,1,222,0,Alive
2020,5,M. gigas,North,HIOC,1,223,0,Alive
2020,5,M. gigas,North,HIOC,1,224,0,Alive
2020,5,M. gigas,North,HIOC,1,225,0,Alive
2020,5,M. gigas,North,HIOC,1,226,0,Alive
2020,5,M. gigas,North,HIOC,1,227,0,Alive
2020,5,M. gigas,North,HIOC,1,228,0,Alive
2020,5,M. gigas,North,HIOC,1,229,0,Alive
2020,5,M. gigas,North,HIOC,1,230,0,Alive
2020,5,M. gigas,North,HIOC,1,231,0,Alive
2020,5,M. gigas,North,HIOC,1,232,0,Alive
2020,5,M. gigas,North,HIOC,1,233,0,Alive
2020,5,M. gigas,North,HIOC,1,234,0,Alive
2020,5,M. gigas,North,HIOC,1,235,0,Alive
2020,5,M. gigas,North,HIOC,1,236,0,Alive
2020,5,M. gigas,North,HIOC,1,237,0,Alive
2020,5,M. gigas,North,HIOC,1,238,0,Alive
2020,5,M. gigas,North,HIOC,1,239,0,Alive
2020,5,M. gigas,North,HIOC,1,240,0,Alive
2020,5,M. gigas,North,HIOC,1,241,0,Alive
2020,5,M. gigas,North,HIOC,1,242,0,Alive
2020,5,M. gigas,North,HIOC,1,243,0,Alive
2020,5,M. gigas,North,HIOC,1,244,0,Alive
2020,5,M. gigas,North,HIOC,1,245,0,Alive
2020,5,M. gigas,North,HIOC,1,246,0,Alive
2020,5,M. gigas,North,HIOC,1,247,0,Alive
2020,5,M. gigas,North,HIOC,1,248,0,Alive
2020,5,M. gigas,North,HIOC,1,249,0,Alive
2020,5,M. gigas,North,HIOC,1,250,0,Alive
2020,5,M. gigas,North,HIOC,2,1,1,Dead
2020,5,M. gigas,North,HIOC,2,2,1,Dead
2020,5,M. gigas,North,HIOC,2,3,1,Dead
2020,5,M. gigas,North,HIOC,2,4,1,Dead
2020,5,M. gigas,North,HIOC,2,5,1,Dead
2020,5,M. gigas,North,HIOC,2,6,1,Dead
2020,5,M. gigas,North,HIOC,2,7,1,Dead
2020,5,M. gigas,North,HIOC,2,8,1,Dead
2020,5,M. gigas,North,HIOC,2,9,1,Dead
2020,5,M. gigas,North,HIOC,2,10,1,Dead
2020,5,M. gigas,North,HIOC,2,11,1,Dead
2020,5,M. gigas,North,HIOC,2,12,1,Dead
2020,5,M. gigas,North,HIOC,2,13,1,Dead
2020,5,M. gigas,North,HIOC,2,14,1,Dead
2020,5,M. gigas,North,HIOC,2,15,1,Dead
2020,5,M. gigas,North,HIOC,2,16,1,Dead
2020,5,M. gigas,North,HIOC,2,17,1,Dead
2020,5,M. gigas,North,HIOC,2,18,1,Dead
2020,5,M. gigas,North,HIOC,2,19,1,Dead
2020,5,M. gigas,North,HIOC,2,20,1,Dead
2020,5,M. gigas,North,HIOC,2,21,1,Dead
2020,5,M. gigas,North,HIOC,2,22,1,Dead
2020,5,M. gigas,North,HIOC,2,23,1,Dead
2020,5,M. gigas,North,HIOC,2,24,1,Dead
2020,5,M. gigas,North,HIOC,2,25,1,Dead
2020,5,M. gigas,North,HIOC,2,26,1,Dead
2020,5,M. gigas,North,HIOC,2,27,1,Dead
2020,5,M. gigas,North,HIOC,2,28,1,Dead
2020,5,M. gigas,North,HIOC,2,29,1,Dead
2020,5,M. gigas,North,HIOC,2,30,1,Dead
2020,5,M. gigas,North,HIOC,2,31,1,Dead
2020,5,M. gigas,North,HIOC,2,32,1,Dead
2020,5,M. gigas,North,HIOC,2,33,1,Dead
2020,5,M. gigas,North,HIOC,2,34,1,Dead
2020,5,M. gigas,North,HIOC,2,35,1,Dead
2020,5,M. gigas,North,HIOC,2,36,1,Dead
2020,5,M. gigas,North,HIOC,2,37,1,Dead
2020,5,M. gigas,North,HIOC,2,38,1,Dead
2020,5,M. gigas,North,HIOC,2,39,1,Dead
2020,5,M. gigas,North,HIOC,2,40,1,Dead
2020,5,M. gigas,North,HIOC,2,41,1,Dead
2020,5,M. gigas,North,HIOC,2,42,1,Dead
2020,5,M. gigas,North,HIOC,2,43,1,Dead
2020,5,M. gigas,North,HIOC,2,44,1,Dead
2020,5,M. gigas,North,HIOC,2,45,0,Alive
2020,5,M. gigas,North,HIOC,2,46,0,Alive
2020,5,M. gigas,North,HIOC,2,47,0,Alive
2020,5,M. gigas,North,HIOC,2,48,0,Alive
2020,5,M. gigas,North,HIOC,2,49,0,Alive
2020,5,M. gigas,North,HIOC,2,50,0,Alive
2020,5,M. gigas,North,HIOC,2,51,0,Alive
2020,5,M. gigas,North,HIOC,2,52,0,Alive
2020,5,M. gigas,North,HIOC,2,53,0,Alive
2020,5,M. gigas,North,HIOC,2,54,0,Alive
2020,5,M. gigas,North,HIOC,2,55,0,Alive
2020,5,M. gigas,North,HIOC,2,56,0,Alive
2020,5,M. gigas,North,HIOC,2,57,0,Alive
2020,5,M. gigas,North,HIOC,2,58,0,Alive
2020,5,M. gigas,North,HIOC,2,59,0,Alive
2020,5,M. gigas,North,HIOC,2,60,0,Alive
2020,5,M. gigas,North,HIOC,2,61,0,Alive
2020,5,M. gigas,North,HIOC,2,62,0,Alive
2020,5,M. gigas,North,HIOC,2,63,0,Alive
2020,5,M. gigas,North,HIOC,2,64,0,Alive
2020,5,M. gigas,North,HIOC,2,65,0,Alive
2020,5,M. gigas,North,HIOC,2,66,0,Alive
2020,5,M. gigas,North,HIOC,2,67,0,Alive
2020,5,M. gigas,North,HIOC,2,68,0,Alive
2020,5,M. gigas,North,HIOC,2,69,0,Alive
2020,5,M. gigas,North,HIOC,2,70,0,Alive
2020,5,M. gigas,North,HIOC,2,71,0,Alive
2020,5,M. gigas,North,HIOC,2,72,0,Alive
2020,5,M. gigas,North,HIOC,2,73,0,Alive
2020,5,M. gigas,North,HIOC,2,74,0,Alive
2020,5,M. gigas,North,HIOC,2,75,0,Alive
2020,5,M. gigas,North,HIOC,2,76,0,Alive
2020,5,M. gigas,North,HIOC,2,77,0,Alive
2020,5,M. gigas,North,HIOC,2,78,0,Alive
2020,5,M. gigas,North,HIOC,2,79,0,Alive
2020,5,M. gigas,North,HIOC,2,80,0,Alive
2020,5,M. gigas,North,HIOC,2,81,0,Alive
2020,5,M. gigas,North,HIOC,2,82,0,Alive
2020,5,M. gigas,North,HIOC,2,83,0,Alive
2020,5,M. gigas,North,HIOC,2,84,0,Alive
2020,5,M. gigas,North,HIOC,2,85,0,Alive
2020,5,M. gigas,North,HIOC,2,86,0,Alive
2020,5,M. gigas,North,HIOC,2,87,0,Alive
2020,5,M. gigas,North,HIOC,2,88,0,Alive
2020,5,M. gigas,North,HIOC,2,89,0,Alive
2020,5,M. gigas,North,HIOC,2,90,0,Alive
2020,5,M. gigas,North,HIOC,2,91,0,Alive
2020,5,M. gigas,North,HIOC,2,92,0,Alive
2020,5,M. gigas,North,HIOC,2,93,0,Alive
2020,5,M. gigas,North,HIOC,2,94,0,Alive
2020,5,M. gigas,North,HIOC,2,95,0,Alive
2020,5,M. gigas,North,HIOC,2,96,0,Alive
2020,5,M. gigas,North,HIOC,2,97,0,Alive
2020,5,M. gigas,North,HIOC,2,98,0,Alive
2020,5,M. gigas,North,HIOC,2,99,0,Alive
2020,5,M. gigas,North,HIOC,2,100,0,Alive
2020,5,M. gigas,North,HIOC,2,101,0,Alive
2020,5,M. gigas,North,HIOC,2,102,0,Alive
2020,5,M. gigas,North,HIOC,2,103,0,Alive
2020,5,M. gigas,North,HIOC,2,104,0,Alive
2020,5,M. gigas,North,HIOC,2,105,0,Alive
2020,5,M. gigas,North,HIOC,2,106,0,Alive
2020,5,M. gigas,North,HIOC,2,107,0,Alive
2020,5,M. gigas,North,HIOC,2,108,0,Alive
2020,5,M. gigas,North,HIOC,2,109,0,Alive
2020,5,M. gigas,North,HIOC,2,110,0,Alive
2020,5,M. gigas,North,HIOC,2,111,0,Alive
2020,5,M. gigas,North,HIOC,2,112,0,Alive
2020,5,M. gigas,North,HIOC,2,113,0,Alive
2020,5,M. gigas,North,HIOC,2,114,0,Alive
2020,5,M. gigas,North,HIOC,2,115,0,Alive
2020,5,M. gigas,North,HIOC,2,116,0,Alive
2020,5,M. gigas,North,HIOC,2,117,0,Alive
2020,5,M. gigas,North,HIOC,2,118,0,Alive
2020,5,M. gigas,North,HIOC,2,119,0,Alive
2020,5,M. gigas,North,HIOC,2,120,0,Alive
2020,5,M. gigas,North,HIOC,2,121,0,Alive
2020,5,M. gigas,North,HIOC,2,122,0,Alive
2020,5,M. gigas,North,HIOC,2,123,0,Alive
2020,5,M. gigas,North,HIOC,2,124,0,Alive
2020,5,M. gigas,North,HIOC,2,125,0,Alive
2020,5,M. gigas,North,HIOC,2,126,0,Alive
2020,5,M. gigas,North,HIOC,2,127,0,Alive
2020,5,M. gigas,North,HIOC,2,128,0,Alive
2020,5,M. gigas,North,HIOC,2,129,0,Alive
2020,5,M. gigas,North,HIOC,2,130,0,Alive
2020,5,M. gigas,North,HIOC,2,131,0,Alive
2020,5,M. gigas,North,HIOC,2,132,0,Alive
2020,5,M. gigas,North,HIOC,2,133,0,Alive
2020,5,M. gigas,North,HIOC,2,134,0,Alive
2020,5,M. gigas,North,HIOC,2,135,0,Alive
2020,5,M. gigas,North,HIOC,2,136,0,Alive
2020,5,M. gigas,North,HIOC,2,137,0,Alive
2020,5,M. gigas,North,HIOC,2,138,0,Alive
2020,5,M. gigas,North,HIOC,2,139,0,Alive
2020,5,M. gigas,North,HIOC,2,140,0,Alive
2020,5,M. gigas,North,HIOC,2,141,0,Alive
2020,5,M. gigas,North,HIOC,2,142,0,Alive
2020,5,M. gigas,North,HIOC,2,143,0,Alive
2020,5,M. gigas,North,HIOC,2,144,0,Alive
2020,5,M. gigas,North,HIOC,2,145,0,Alive
2020,5,M. gigas,North,HIOC,2,146,0,Alive
2020,5,M. gigas,North,HIOC,2,147,0,Alive
2020,5,M. gigas,North,HIOC,2,148,0,Alive
2020,5,M. gigas,North,HIOC,2,149,0,Alive
2020,5,M. gigas,North,HIOC,2,150,0,Alive
2020,5,M. gigas,North,HIOC,2,151,0,Alive
2020,5,M. gigas,North,HIOC,2,152,0,Alive
2020,5,M. gigas,North,HIOC,2,153,0,Alive
2020,5,M. gigas,North,HIOC,2,154,0,Alive
2020,5,M. gigas,North,HIOC,2,155,0,Alive
2020,5,M. gigas,North,HIOC,2,156,0,Alive
2020,5,M. gigas,North,HIOC,2,157,0,Alive
2020,5,M. gigas,North,HIOC,2,158,0,Alive
2020,5,M. gigas,North,HIOC,2,159,0,Alive
2020,5,M. gigas,North,HIOC,2,160,0,Alive
2020,5,M. gigas,North,HIOC,2,161,0,Alive
2020,5,M. gigas,North,HIOC,2,162,0,Alive
2020,5,M. gigas,North,HIOC,2,163,0,Alive
2020,5,M. gigas,North,HIOC,2,164,0,Alive
2020,5,M. gigas,North,HIOC,2,165,0,Alive
2020,5,M. gigas,North,HIOC,2,166,0,Alive
2020,5,M. gigas,North,HIOC,2,167,0,Alive
2020,5,M. gigas,North,HIOC,2,168,0,Alive
2020,5,M. gigas,North,HIOC,2,169,0,Alive
2020,5,M. gigas,North,HIOC,2,170,0,Alive
2020,5,M. gigas,North,HIOC,2,171,0,Alive
2020,5,M. gigas,North,HIOC,2,172,0,Alive
2020,5,M. gigas,North,HIOC,2,173,0,Alive
2020,5,M. gigas,North,HIOC,2,174,0,Alive
2020,5,M. gigas,North,HIOC,2,175,0,Alive
2020,5,M. gigas,North,HIOC,2,176,0,Alive
2020,5,M. gigas,North,HIOC,2,177,0,Alive
2020,5,M. gigas,North,HIOC,2,178,0,Alive
2020,5,M. gigas,North,HIOC,2,179,0,Alive
2020,5,M. gigas,North,HIOC,2,180,0,Alive
2020,5,M. gigas,North,HIOC,2,181,0,Alive
2020,5,M. gigas,North,HIOC,2,182,0,Alive
2020,5,M. gigas,North,HIOC,2,183,0,Alive
2020,5,M. gigas,North,HIOC,2,184,0,Alive
2020,5,M. gigas,North,HIOC,2,185,0,Alive
2020,5,M. gigas,North,HIOC,2,186,0,Alive
2020,5,M. gigas,North,HIOC,2,187,0,Alive
2020,5,M. gigas,North,HIOC,2,188,0,Alive
2020,5,M. gigas,North,HIOC,2,189,0,Alive
2020,5,M. gigas,North,HIOC,2,190,0,Alive
2020,5,M. gigas,North,HIOC,2,191,0,Alive
2020,5,M. gigas,North,HIOC,2,192,0,Alive
2020,5,M. gigas,North,HIOC,2,193,0,Alive
2020,5,M. gigas,North,HIOC,2,194,0,Alive
2020,5,M. gigas,North,HIOC,2,195,0,Alive
2020,5,M. gigas,North,HIOC,2,196,0,Alive
2020,5,M. gigas,North,HIOC,2,197,0,Alive
2020,5,M. gigas,North,HIOC,2,198,0,Alive
2020,5,M. gigas,North,HIOC,2,199,0,Alive
2020,5,M. gigas,North,HIOC,2,200,0,Alive
2020,5,M. gigas,North,HIOC,2,201,0,Alive
2020,5,M. gigas,North,HIOC,2,202,0,Alive
2020,5,M. gigas,North,HIOC,2,203,0,Alive
2020,5,M. gigas,North,HIOC,2,204,0,Alive
2020,5,M. gigas,North,HIOC,2,205,0,Alive
2020,5,M. gigas,North,HIOC,2,206,0,Alive
2020,5,M. gigas,North,HIOC,2,207,0,Alive
2020,5,M. gigas,North,HIOC,2,208,0,Alive
2020,5,M. gigas,North,HIOC,2,209,0,Alive
2020,5,M. gigas,North,HIOC,2,210,0,Alive
2020,5,M. gigas,North,HIOC,2,211,0,Alive
2020,5,M. gigas,North,HIOC,2,212,0,Alive
2020,5,M. gigas,North,HIOC,2,213,0,Alive
2020,5,M. gigas,North,HIOC,2,214,0,Alive
2020,5,M. gigas,North,HIOC,2,215,0,Alive
2020,5,M. gigas,North,HIOC,2,216,0,Alive
2020,5,M. gigas,North,HIOC,2,217,0,Alive
2020,5,M. gigas,North,HIOC,2,218,0,Alive
2020,5,M. gigas,North,HIOC,2,219,0,Alive
2020,5,M. gigas,North,HIOC,2,220,0,Alive
2020,5,M. gigas,North,HIOC,2,221,0,Alive
2020,5,M. gigas,North,HIOC,2,222,0,Alive
2020,5,M. gigas,North,HIOC,2,223,0,Alive
2020,5,M. gigas,North,HIOC,2,224,0,Alive
2020,5,M. gigas,North,HIOC,2,225,0,Alive
2020,5,M. gigas,North,HIOC,2,226,0,Alive
2020,5,M. gigas,North,HIOC,2,227,0,Alive
2020,5,M. gigas,North,HIOC,2,228,0,Alive
2020,5,M. gigas,North,HIOC,2,229,0,Alive
2020,5,M. gigas,North,HIOC,2,230,0,Alive
2020,5,M. gigas,North,HIOC,2,231,0,Alive
2020,5,M. gigas,North,HIOC,2,232,0,Alive
2020,5,M. gigas,North,HIOC,2,233,0,Alive
2020,5,M. gigas,North,HIOC,2,234,0,Alive
2020,5,M. gigas,North,HIOC,2,235,0,Alive
2020,5,M. gigas,North,HIOC,2,236,0,Alive
2020,5,M. gigas,North,HIOC,2,237,0,Alive
2020,5,M. gigas,North,HIOC,2,238,0,Alive
2020,5,M. gigas,North,HIOC,2,239,0,Alive
2020,5,M. gigas,North,HIOC,2,240,0,Alive
2020,5,M. gigas,North,HIOC,2,241,0,Alive
2020,5,M. gigas,North,HIOC,2,242,0,Alive
2020,5,M. gigas,North,HIOC,2,243,0,Alive
2020,5,M. gigas,North,HIOC,2,244,0,Alive
2020,5,M. gigas,North,HIOC,2,245,0,Alive
2020,5,M. gigas,North,HIOC,2,246,0,Alive
2020,5,M. gigas,North,HIOC,2,247,0,Alive
2020,5,M. gigas,North,HIOC,2,248,0,Alive
2020,5,M. gigas,North,HIOC,2,249,0,Alive
2020,5,M. gigas,North,HIOC,2,250,0,Alive
2020,5,M. gigas,North,HIOC,3,1,1,Dead
2020,5,M. gigas,North,HIOC,3,2,1,Dead
2020,5,M. gigas,North,HIOC,3,3,1,Dead
2020,5,M. gigas,North,HIOC,3,4,1,Dead
2020,5,M. gigas,North,HIOC,3,5,1,Dead
2020,5,M. gigas,North,HIOC,3,6,1,Dead
2020,5,M. gigas,North,HIOC,3,7,1,Dead
2020,5,M. gigas,North,HIOC,3,8,1,Dead
2020,5,M. gigas,North,HIOC,3,9,1,Dead
2020,5,M. gigas,North,HIOC,3,10,1,Dead
2020,5,M. gigas,North,HIOC,3,11,1,Dead
2020,5,M. gigas,North,HIOC,3,12,1,Dead
2020,5,M. gigas,North,HIOC,3,13,1,Dead
2020,5,M. gigas,North,HIOC,3,14,1,Dead
2020,5,M. gigas,North,HIOC,3,15,1,Dead
2020,5,M. gigas,North,HIOC,3,16,1,Dead
2020,5,M. gigas,North,HIOC,3,17,1,Dead
2020,5,M. gigas,North,HIOC,3,18,1,Dead
2020,5,M. gigas,North,HIOC,3,19,1,Dead
2020,5,M. gigas,North,HIOC,3,20,1,Dead
2020,5,M. gigas,North,HIOC,3,21,1,Dead
2020,5,M. gigas,North,HIOC,3,22,1,Dead
2020,5,M. gigas,North,HIOC,3,23,1,Dead
2020,5,M. gigas,North,HIOC,3,24,1,Dead
2020,5,M. gigas,North,HIOC,3,25,1,Dead
2020,5,M. gigas,North,HIOC,3,26,1,Dead
2020,5,M. gigas,North,HIOC,3,27,1,Dead
2020,5,M. gigas,North,HIOC,3,28,1,Dead
2020,5,M. gigas,North,HIOC,3,29,1,Dead
2020,5,M. gigas,North,HIOC,3,30,1,Dead
2020,5,M. gigas,North,HIOC,3,31,1,Dead
2020,5,M. gigas,North,HIOC,3,32,1,Dead
2020,5,M. gigas,North,HIOC,3,33,1,Dead
2020,5,M. gigas,North,HIOC,3,34,1,Dead
2020,5,M. gigas,North,HIOC,3,35,1,Dead
2020,5,M. gigas,North,HIOC,3,36,1,Dead
2020,5,M. gigas,North,HIOC,3,37,1,Dead
2020,5,M. gigas,North,HIOC,3,38,1,Dead
2020,5,M. gigas,North,HIOC,3,39,1,Dead
2020,5,M. gigas,North,HIOC,3,40,1,Dead
2020,5,M. gigas,North,HIOC,3,41,1,Dead
2020,5,M. gigas,North,HIOC,3,42,1,Dead
2020,5,M. gigas,North,HIOC,3,43,1,Dead
2020,5,M. gigas,North,HIOC,3,44,1,Dead
2020,5,M. gigas,North,HIOC,3,45,1,Dead
2020,5,M. gigas,North,HIOC,3,46,1,Dead
2020,5,M. gigas,North,HIOC,3,47,1,Dead
2020,5,M. gigas,North,HIOC,3,48,1,Dead
2020,5,M. gigas,North,HIOC,3,49,1,Dead
2020,5,M. gigas,North,HIOC,3,50,1,Dead
2020,5,M. gigas,North,HIOC,3,51,1,Dead
2020,5,M. gigas,North,HIOC,3,52,1,Dead
2020,5,M. gigas,North,HIOC,3,53,1,Dead
2020,5,M. gigas,North,HIOC,3,54,1,Dead
2020,5,M. gigas,North,HIOC,3,55,1,Dead
2020,5,M. gigas,North,HIOC,3,56,1,Dead
2020,5,M. gigas,North,HIOC,3,57,1,Dead
2020,5,M. gigas,North,HIOC,3,58,0,Alive
2020,5,M. gigas,North,HIOC,3,59,0,Alive
2020,5,M. gigas,North,HIOC,3,60,0,Alive
2020,5,M. gigas,North,HIOC,3,61,0,Alive
2020,5,M. gigas,North,HIOC,3,62,0,Alive
2020,5,M. gigas,North,HIOC,3,63,0,Alive
2020,5,M. gigas,North,HIOC,3,64,0,Alive
2020,5,M. gigas,North,HIOC,3,65,0,Alive
2020,5,M. gigas,North,HIOC,3,66,0,Alive
2020,5,M. gigas,North,HIOC,3,67,0,Alive
2020,5,M. gigas,North,HIOC,3,68,0,Alive
2020,5,M. gigas,North,HIOC,3,69,0,Alive
2020,5,M. gigas,North,HIOC,3,70,0,Alive
2020,5,M. gigas,North,HIOC,3,71,0,Alive
2020,5,M. gigas,North,HIOC,3,72,0,Alive
2020,5,M. gigas,North,HIOC,3,73,0,Alive
2020,5,M. gigas,North,HIOC,3,74,0,Alive
2020,5,M. gigas,North,HIOC,3,75,0,Alive
2020,5,M. gigas,North,HIOC,3,76,0,Alive
2020,5,M. gigas,North,HIOC,3,77,0,Alive
2020,5,M. gigas,North,HIOC,3,78,0,Alive
2020,5,M. gigas,North,HIOC,3,79,0,Alive
2020,5,M. gigas,North,HIOC,3,80,0,Alive
2020,5,M. gigas,North,HIOC,3,81,0,Alive
2020,5,M. gigas,North,HIOC,3,82,0,Alive
2020,5,M. gigas,North,HIOC,3,83,0,Alive
2020,5,M. gigas,North,HIOC,3,84,0,Alive
2020,5,M. gigas,North,HIOC,3,85,0,Alive
2020,5,M. gigas,North,HIOC,3,86,0,Alive
2020,5,M. gigas,North,HIOC,3,87,0,Alive
2020,5,M. gigas,North,HIOC,3,88,0,Alive
2020,5,M. gigas,North,HIOC,3,89,0,Alive
2020,5,M. gigas,North,HIOC,3,90,0,Alive
2020,5,M. gigas,North,HIOC,3,91,0,Alive
2020,5,M. gigas,North,HIOC,3,92,0,Alive
2020,5,M. gigas,North,HIOC,3,93,0,Alive
2020,5,M. gigas,North,HIOC,3,94,0,Alive
2020,5,M. gigas,North,HIOC,3,95,0,Alive
2020,5,M. gigas,North,HIOC,3,96,0,Alive
2020,5,M. gigas,North,HIOC,3,97,0,Alive
2020,5,M. gigas,North,HIOC,3,98,0,Alive
2020,5,M. gigas,North,HIOC,3,99,0,Alive
2020,5,M. gigas,North,HIOC,3,100,0,Alive
2020,5,M. gigas,North,HIOC,3,101,0,Alive
2020,5,M. gigas,North,HIOC,3,102,0,Alive
2020,5,M. gigas,North,HIOC,3,103,0,Alive
2020,5,M. gigas,North,HIOC,3,104,0,Alive
2020,5,M. gigas,North,HIOC,3,105,0,Alive
2020,5,M. gigas,North,HIOC,3,106,0,Alive
2020,5,M. gigas,North,HIOC,3,107,0,Alive
2020,5,M. gigas,North,HIOC,3,108,0,Alive
2020,5,M. gigas,North,HIOC,3,109,0,Alive
2020,5,M. gigas,North,HIOC,3,110,0,Alive
2020,5,M. gigas,North,HIOC,3,111,0,Alive
2020,5,M. gigas,North,HIOC,3,112,0,Alive
2020,5,M. gigas,North,HIOC,3,113,0,Alive
2020,5,M. gigas,North,HIOC,3,114,0,Alive
2020,5,M. gigas,North,HIOC,3,115,0,Alive
2020,5,M. gigas,North,HIOC,3,116,0,Alive
2020,5,M. gigas,North,HIOC,3,117,0,Alive
2020,5,M. gigas,North,HIOC,3,118,0,Alive
2020,5,M. gigas,North,HIOC,3,119,0,Alive
2020,5,M. gigas,North,HIOC,3,120,0,Alive
2020,5,M. gigas,North,HIOC,3,121,0,Alive
2020,5,M. gigas,North,HIOC,3,122,0,Alive
2020,5,M. gigas,North,HIOC,3,123,0,Alive
2020,5,M. gigas,North,HIOC,3,124,0,Alive
2020,5,M. gigas,North,HIOC,3,125,0,Alive
2020,5,M. gigas,North,HIOC,3,126,0,Alive
2020,5,M. gigas,North,HIOC,3,127,0,Alive
2020,5,M. gigas,North,HIOC,3,128,0,Alive
2020,5,M. gigas,North,HIOC,3,129,0,Alive
2020,5,M. gigas,North,HIOC,3,130,0,Alive
2020,5,M. gigas,North,HIOC,3,131,0,Alive
2020,5,M. gigas,North,HIOC,3,132,0,Alive
2020,5,M. gigas,North,HIOC,3,133,0,Alive
2020,5,M. gigas,North,HIOC,3,134,0,Alive
2020,5,M. gigas,North,HIOC,3,135,0,Alive
2020,5,M. gigas,North,HIOC,3,136,0,Alive
2020,5,M. gigas,North,HIOC,3,137,0,Alive
2020,5,M. gigas,North,HIOC,3,138,0,Alive
2020,5,M. gigas,North,HIOC,3,139,0,Alive
2020,5,M. gigas,North,HIOC,3,140,0,Alive
2020,5,M. gigas,North,HIOC,3,141,0,Alive
2020,5,M. gigas,North,HIOC,3,142,0,Alive
2020,5,M. gigas,North,HIOC,3,143,0,Alive
2020,5,M. gigas,North,HIOC,3,144,0,Alive
2020,5,M. gigas,North,HIOC,3,145,0,Alive
2020,5,M. gigas,North,HIOC,3,146,0,Alive
2020,5,M. gigas,North,HIOC,3,147,0,Alive
2020,5,M. gigas,North,HIOC,3,148,0,Alive
2020,5,M. gigas,North,HIOC,3,149,0,Alive
2020,5,M. gigas,North,HIOC,3,150,0,Alive
2020,5,M. gigas,North,HIOC,3,151,0,Alive
2020,5,M. gigas,North,HIOC,3,152,0,Alive
2020,5,M. gigas,North,HIOC,3,153,0,Alive
2020,5,M. gigas,North,HIOC,3,154,0,Alive
2020,5,M. gigas,North,HIOC,3,155,0,Alive
2020,5,M. gigas,North,HIOC,3,156,0,Alive
2020,5,M. gigas,North,HIOC,3,157,0,Alive
2020,5,M. gigas,North,HIOC,3,158,0,Alive
2020,5,M. gigas,North,HIOC,3,159,0,Alive
2020,5,M. gigas,North,HIOC,3,160,0,Alive
2020,5,M. gigas,North,HIOC,3,161,0,Alive
2020,5,M. gigas,North,HIOC,3,162,0,Alive
2020,5,M. gigas,North,HIOC,3,163,0,Alive
2020,5,M. gigas,North,HIOC,3,164,0,Alive
2020,5,M. gigas,North,HIOC,3,165,0,Alive
2020,5,M. gigas,North,HIOC,3,166,0,Alive
2020,5,M. gigas,North,HIOC,3,167,0,Alive
2020,5,M. gigas,North,HIOC,3,168,0,Alive
2020,5,M. gigas,North,HIOC,3,169,0,Alive
2020,5,M. gigas,North,HIOC,3,170,0,Alive
2020,5,M. gigas,North,HIOC,3,171,0,Alive
2020,5,M. gigas,North,HIOC,3,172,0,Alive
2020,5,M. gigas,North,HIOC,3,173,0,Alive
2020,5,M. gigas,North,HIOC,3,174,0,Alive
2020,5,M. gigas,North,HIOC,3,175,0,Alive
2020,5,M. gigas,North,HIOC,3,176,0,Alive
2020,5,M. gigas,North,HIOC,3,177,0,Alive
2020,5,M. gigas,North,HIOC,3,178,0,Alive
2020,5,M. gigas,North,HIOC,3,179,0,Alive
2020,5,M. gigas,North,HIOC,3,180,0,Alive
2020,5,M. gigas,North,HIOC,3,181,0,Alive
2020,5,M. gigas,North,HIOC,3,182,0,Alive
2020,5,M. gigas,North,HIOC,3,183,0,Alive
2020,5,M. gigas,North,HIOC,3,184,0,Alive
2020,5,M. gigas,North,HIOC,3,185,0,Alive
2020,5,M. gigas,North,HIOC,3,186,0,Alive
2020,5,M. gigas,North,HIOC,3,187,0,Alive
2020,5,M. gigas,North,HIOC,3,188,0,Alive
2020,5,M. gigas,North,HIOC,3,189,0,Alive
2020,5,M. gigas,North,HIOC,3,190,0,Alive
2020,5,M. gigas,North,HIOC,3,191,0,Alive
2020,5,M. gigas,North,HIOC,3,192,0,Alive
2020,5,M. gigas,North,HIOC,3,193,0,Alive
2020,5,M. gigas,North,HIOC,3,194,0,Alive
2020,5,M. gigas,North,HIOC,3,195,0,Alive
2020,5,M. gigas,North,HIOC,3,196,0,Alive
2020,5,M. gigas,North,HIOC,3,197,0,Alive
2020,5,M. gigas,North,HIOC,3,198,0,Alive
2020,5,M. gigas,North,HIOC,3,199,0,Alive
2020,5,M. gigas,North,HIOC,3,200,0,Alive
2020,5,M. gigas,North,HIOC,3,201,0,Alive
2020,5,M. gigas,North,HIOC,3,202,0,Alive
2020,5,M. gigas,North,HIOC,3,203,0,Alive
2020,5,M. gigas,North,HIOC,3,204,0,Alive
2020,5,M. gigas,North,HIOC,3,205,0,Alive
2020,5,M. gigas,North,HIOC,3,206,0,Alive
2020,5,M. gigas,North,HIOC,3,207,0,Alive
2020,5,M. gigas,North,HIOC,3,208,0,Alive
2020,5,M. gigas,North,HIOC,3,209,0,Alive
2020,5,M. gigas,North,HIOC,3,210,0,Alive
2020,5,M. gigas,North,HIOC,3,211,0,Alive
2020,5,M. gigas,North,HIOC,3,212,0,Alive
2020,5,M. gigas,North,HIOC,3,213,0,Alive
2020,5,M. gigas,North,HIOC,3,214,0,Alive
2020,5,M. gigas,North,HIOC,3,215,0,Alive
2020,5,M. gigas,North,HIOC,3,216,0,Alive
2020,5,M. gigas,North,HIOC,3,217,0,Alive
2020,5,M. gigas,North,HIOC,3,218,0,Alive
2020,5,M. gigas,North,HIOC,3,219,0,Alive
2020,5,M. gigas,North,HIOC,3,220,0,Alive
2020,5,M. gigas,North,HIOC,3,221,0,Alive
2020,5,M. gigas,North,HIOC,3,222,0,Alive
2020,5,M. gigas,North,HIOC,3,223,0,Alive
2020,5,M. gigas,North,HIOC,3,224,0,Alive
2020,5,M. gigas,North,HIOC,3,225,0,Alive
2020,5,M. gigas,North,HIOC,3,226,0,Alive
2020,5,M. gigas,North,HIOC,3,227,0,Alive
2020,5,M. gigas,North,HIOC,3,228,0,Alive
2020,5,M. gigas,North,HIOC,3,229,0,Alive
2020,5,M. gigas,North,HIOC,3,230,0,Alive
2020,5,M. gigas,North,HIOC,3,231,0,Alive
2020,5,M. gigas,North,HIOC,3,232,0,Alive
2020,5,M. gigas,North,HIOC,3,233,0,Alive
2020,5,M. gigas,North,HIOC,3,234,0,Alive
2020,5,M. gigas,North,HIOC,3,235,0,Alive
2020,5,M. gigas,North,HIOC,3,236,0,Alive
2020,5,M. gigas,North,HIOC,3,237,0,Alive
2020,5,M. gigas,North,HIOC,3,238,0,Alive
2020,5,M. gigas,North,HIOC,3,239,0,Alive
2020,5,M. gigas,North,HIOC,3,240,0,Alive
2020,5,M. gigas,North,HIOC,3,241,0,Alive
2020,5,M. gigas,North,HIOC,3,242,0,Alive
2020,5,M. gigas,North,HIOC,3,243,0,Alive
2020,5,M. gigas,North,HIOC,3,244,0,Alive
2020,5,M. gigas,North,HIOC,3,245,0,Alive
2020,5,M. gigas,North,HIOC,3,246,0,Alive
2020,5,M. gigas,North,HIOC,3,247,0,Alive
2020,5,M. gigas,North,HIOC,3,248,0,Alive
2020,5,M. gigas,North,HIOC,3,249,0,Alive
2020,5,M. gigas,North,HIOC,3,250,0,Alive
2020,5,M. gigas,North,HIOC,4,1,1,Dead
2020,5,M. gigas,North,HIOC,4,2,1,Dead
2020,5,M. gigas,North,HIOC,4,3,1,Dead
2020,5,M. gigas,North,HIOC,4,4,1,Dead
2020,5,M. gigas,North,HIOC,4,5,0,Alive
2020,5,M. gigas,North,HIOC,4,6,0,Alive
2020,5,M. gigas,North,HIOC,4,7,0,Alive
2020,5,M. gigas,North,HIOC,4,8,0,Alive
2020,5,M. gigas,North,HIOC,4,9,0,Alive
2020,5,M. gigas,North,HIOC,4,10,0,Alive
2020,5,M. gigas,North,HIOC,4,11,0,Alive
2020,5,M. gigas,North,HIOC,4,12,0,Alive
2020,5,M. gigas,North,HIOC,4,13,0,Alive
2020,5,M. gigas,North,HIOC,4,14,0,Alive
2020,5,M. gigas,North,HIOC,4,15,0,Alive
2020,5,M. gigas,North,HIOC,4,16,0,Alive
2020,5,M. gigas,North,HIOC,4,17,0,Alive
2020,5,M. gigas,North,HIOC,4,18,0,Alive
2020,5,M. gigas,North,HIOC,4,19,0,Alive
2020,5,M. gigas,North,HIOC,4,20,0,Alive
2020,5,M. gigas,North,HIOC,4,21,0,Alive
2020,5,M. gigas,North,HIOC,4,22,0,Alive
2020,5,M. gigas,North,HIOC,4,23,0,Alive
2020,5,M. gigas,North,HIOC,4,24,0,Alive
2020,5,M. gigas,North,HIOC,4,25,0,Alive
2020,5,M. gigas,North,HIOC,4,26,0,Alive
2020,5,M. gigas,North,HIOC,4,27,0,Alive
2020,5,M. gigas,North,HIOC,4,28,0,Alive
2020,5,M. gigas,North,HIOC,4,29,0,Alive
2020,5,M. gigas,North,HIOC,4,30,0,Alive
2020,5,M. gigas,North,HIOC,4,31,0,Alive
2020,5,M. gigas,North,HIOC,4,32,0,Alive
2020,5,M. gigas,North,HIOC,4,33,0,Alive
2020,5,M. gigas,North,HIOC,4,34,0,Alive
2020,5,M. gigas,North,HIOC,4,35,0,Alive
2020,5,M. gigas,North,HIOC,4,36,0,Alive
2020,5,M. gigas,North,HIOC,4,37,0,Alive
2020,5,M. gigas,North,HIOC,4,38,0,Alive
2020,5,M. gigas,North,HIOC,4,39,0,Alive
2020,5,M. gigas,North,HIOC,4,40,0,Alive
2020,5,M. gigas,North,HIOC,4,41,0,Alive
2020,5,M. gigas,North,HIOC,4,42,0,Alive
2020,5,M. gigas,North,HIOC,4,43,0,Alive
2020,5,M. gigas,North,HIOC,4,44,0,Alive
2020,5,M. gigas,North,HIOC,4,45,0,Alive
2020,5,M. gigas,North,HIOC,4,46,0,Alive
2020,5,M. gigas,North,HIOC,4,47,0,Alive
2020,5,M. gigas,North,HIOC,4,48,0,Alive
2020,5,M. gigas,North,HIOC,4,49,0,Alive
2020,5,M. gigas,North,HIOC,4,50,0,Alive
2020,5,M. gigas,North,HIOC,4,51,0,Alive
2020,5,M. gigas,North,HIOC,4,52,0,Alive
2020,5,M. gigas,North,HIOC,4,53,0,Alive
2020,5,M. gigas,North,HIOC,4,54,0,Alive
2020,5,M. gigas,North,HIOC,4,55,0,Alive
2020,5,M. gigas,North,HIOC,4,56,0,Alive
2020,5,M. gigas,North,HIOC,4,57,0,Alive
2020,5,M. gigas,North,HIOC,4,58,0,Alive
2020,5,M. gigas,North,HIOC,4,59,0,Alive
2020,5,M. gigas,North,HIOC,4,60,0,Alive
2020,5,M. gigas,North,HIOC,4,61,0,Alive
2020,5,M. gigas,North,HIOC,4,62,0,Alive
2020,5,M. gigas,North,HIOC,4,63,0,Alive
2020,5,M. gigas,North,HIOC,4,64,0,Alive
2020,5,M. gigas,North,HIOC,4,65,0,Alive
2020,5,M. gigas,North,HIOC,4,66,0,Alive
2020,5,M. gigas,North,HIOC,4,67,0,Alive
2020,5,M. gigas,North,HIOC,4,68,0,Alive
2020,5,M. gigas,North,HIOC,4,69,0,Alive
2020,5,M. gigas,North,HIOC,4,70,0,Alive
2020,5,M. gigas,North,HIOC,4,71,0,Alive
2020,5,M. gigas,North,HIOC,4,72,0,Alive
2020,5,M. gigas,North,HIOC,4,73,0,Alive
2020,5,M. gigas,North,HIOC,4,74,0,Alive
2020,5,M. gigas,North,HIOC,4,75,0,Alive
2020,5,M. gigas,North,HIOC,4,76,0,Alive
2020,5,M. gigas,North,HIOC,4,77,0,Alive
2020,5,M. gigas,North,HIOC,4,78,0,Alive
2020,5,M. gigas,North,HIOC,4,79,0,Alive
2020,5,M. gigas,North,HIOC,4,80,0,Alive
2020,5,M. gigas,North,HIOC,4,81,0,Alive
2020,5,M. gigas,North,HIOC,4,82,0,Alive
2020,5,M. gigas,North,HIOC,4,83,0,Alive
2020,5,M. gigas,North,HIOC,4,84,0,Alive
2020,5,M. gigas,North,HIOC,4,85,0,Alive
2020,5,M. gigas,North,HIOC,4,86,0,Alive
2020,5,M. gigas,North,HIOC,4,87,0,Alive
2020,5,M. gigas,North,HIOC,4,88,0,Alive
2020,5,M. gigas,North,HIOC,4,89,0,Alive
2020,5,M. gigas,North,HIOC,4,90,0,Alive
2020,5,M. gigas,North,HIOC,4,91,0,Alive
2020,5,M. gigas,North,HIOC,4,92,0,Alive
2020,5,M. gigas,North,HIOC,4,93,0,Alive
2020,5,M. gigas,North,HIOC,4,94,0,Alive
2020,5,M. gigas,North,HIOC,4,95,0,Alive
2020,5,M. gigas,North,HIOC,4,96,0,Alive
2020,5,M. gigas,North,HIOC,4,97,0,Alive
2020,5,M. gigas,North,HIOC,4,98,0,Alive
2020,5,M. gigas,North,HIOC,4,99,0,Alive
2020,5,M. gigas,North,HIOC,4,100,0,Alive
2020,5,M. gigas,North,HIOC,4,101,0,Alive
2020,5,M. gigas,North,HIOC,4,102,0,Alive
2020,5,M. gigas,North,HIOC,4,103,0,Alive
2020,5,M. gigas,North,HIOC,4,104,0,Alive
2020,5,M. gigas,North,HIOC,4,105,0,Alive
2020,5,M. gigas,North,HIOC,4,106,0,Alive
2020,5,M. gigas,North,HIOC,4,107,0,Alive
2020,5,M. gigas,North,HIOC,4,108,0,Alive
2020,5,M. gigas,North,HIOC,4,109,0,Alive
2020,5,M. gigas,North,HIOC,4,110,0,Alive
2020,5,M. gigas,North,HIOC,4,111,0,Alive
2020,5,M. gigas,North,HIOC,4,112,0,Alive
2020,5,M. gigas,North,HIOC,4,113,0,Alive
2020,5,M. gigas,North,HIOC,4,114,0,Alive
2020,5,M. gigas,North,HIOC,4,115,0,Alive
2020,5,M. gigas,North,HIOC,4,116,0,Alive
2020,5,M. gigas,North,HIOC,4,117,0,Alive
2020,5,M. gigas,North,HIOC,4,118,0,Alive
2020,5,M. gigas,North,HIOC,4,119,0,Alive
2020,5,M. gigas,North,HIOC,4,120,0,Alive
2020,5,M. gigas,North,HIOC,4,121,0,Alive
2020,5,M. gigas,North,HIOC,4,122,0,Alive
2020,5,M. gigas,North,HIOC,4,123,0,Alive
2020,5,M. gigas,North,HIOC,4,124,0,Alive
2020,5,M. gigas,North,HIOC,4,125,0,Alive
2020,5,M. gigas,North,HIOC,4,126,0,Alive
2020,5,M. gigas,North,HIOC,4,127,0,Alive
2020,5,M. gigas,North,HIOC,4,128,0,Alive
2020,5,M. gigas,North,HIOC,4,129,0,Alive
2020,5,M. gigas,North,HIOC,4,130,0,Alive
2020,5,M. gigas,North,HIOC,4,131,0,Alive
2020,5,M. gigas,North,HIOC,4,132,0,Alive
2020,5,M. gigas,North,HIOC,4,133,0,Alive
2020,5,M. gigas,North,HIOC,4,134,0,Alive
2020,5,M. gigas,North,HIOC,4,135,0,Alive
2020,5,M. gigas,North,HIOC,4,136,0,Alive
2020,5,M. gigas,North,HIOC,4,137,0,Alive
2020,5,M. gigas,North,HIOC,4,138,0,Alive
2020,5,M. gigas,North,HIOC,4,139,0,Alive
2020,5,M. gigas,North,HIOC,4,140,0,Alive
2020,5,M. gigas,North,HIOC,4,141,0,Alive
2020,5,M. gigas,North,HIOC,4,142,0,Alive
2020,5,M. gigas,North,HIOC,4,143,0,Alive
2020,5,M. gigas,North,HIOC,4,144,0,Alive
2020,5,M. gigas,North,HIOC,4,145,0,Alive
2020,5,M. gigas,North,HIOC,4,146,0,Alive
2020,5,M. gigas,North,HIOC,4,147,0,Alive
2020,5,M. gigas,North,HIOC,4,148,0,Alive
2020,5,M. gigas,North,HIOC,4,149,0,Alive
2020,5,M. gigas,North,HIOC,4,150,0,Alive
2020,5,M. gigas,North,HIOC,4,151,0,Alive
2020,5,M. gigas,North,HIOC,4,152,0,Alive
2020,5,M. gigas,North,HIOC,4,153,0,Alive
2020,5,M. gigas,North,HIOC,4,154,0,Alive
2020,5,M. gigas,North,HIOC,4,155,0,Alive
2020,5,M. gigas,North,HIOC,4,156,0,Alive
2020,5,M. gigas,North,HIOC,4,157,0,Alive
2020,5,M. gigas,North,HIOC,4,158,0,Alive
2020,5,M. gigas,North,HIOC,4,159,0,Alive
2020,5,M. gigas,North,HIOC,4,160,0,Alive
2020,5,M. gigas,North,HIOC,4,161,0,Alive
2020,5,M. gigas,North,HIOC,4,162,0,Alive
2020,5,M. gigas,North,HIOC,4,163,0,Alive
2020,5,M. gigas,North,HIOC,4,164,0,Alive
2020,5,M. gigas,North,HIOC,4,165,0,Alive
2020,5,M. gigas,North,HIOC,4,166,0,Alive
2020,5,M. gigas,North,HIOC,4,167,0,Alive
2020,5,M. gigas,North,HIOC,4,168,0,Alive
2020,5,M. gigas,North,HIOC,4,169,0,Alive
2020,5,M. gigas,North,HIOC,4,170,0,Alive
2020,5,M. gigas,North,HIOC,4,171,0,Alive
2020,5,M. gigas,North,HIOC,4,172,0,Alive
2020,5,M. gigas,North,HIOC,4,173,0,Alive
2020,5,M. gigas,North,HIOC,4,174,0,Alive
2020,5,M. gigas,North,HIOC,4,175,0,Alive
2020,5,M. gigas,North,HIOC,4,176,0,Alive
2020,5,M. gigas,North,HIOC,4,177,0,Alive
2020,5,M. gigas,North,HIOC,4,178,0,Alive
2020,5,M. gigas,North,HIOC,4,179,0,Alive
2020,5,M. gigas,North,HIOC,4,180,0,Alive
2020,5,M. gigas,North,HIOC,4,181,0,Alive
2020,5,M. gigas,North,HIOC,4,182,0,Alive
2020,5,M. gigas,North,HIOC,4,183,0,Alive
2020,5,M. gigas,North,HIOC,4,184,0,Alive
2020,5,M. gigas,North,HIOC,4,185,0,Alive
2020,5,M. gigas,North,HIOC,4,186,0,Alive
2020,5,M. gigas,North,HIOC,4,187,0,Alive
2020,5,M. gigas,North,HIOC,4,188,0,Alive
2020,5,M. gigas,North,HIOC,4,189,0,Alive
2020,5,M. gigas,North,HIOC,4,190,0,Alive
2020,5,M. gigas,North,HIOC,4,191,0,Alive
2020,5,M. gigas,North,HIOC,4,192,0,Alive
2020,5,M. gigas,North,HIOC,4,193,0,Alive
2020,5,M. gigas,North,HIOC,4,194,0,Alive
2020,5,M. gigas,North,HIOC,4,195,0,Alive
2020,5,M. gigas,North,HIOC,4,196,0,Alive
2020,5,M. gigas,North,HIOC,4,197,0,Alive
2020,5,M. gigas,North,HIOC,4,198,0,Alive
2020,5,M. gigas,North,HIOC,4,199,0,Alive
2020,5,M. gigas,North,HIOC,4,200,0,Alive
2020,5,M. gigas,North,HIOC,4,201,0,Alive
2020,5,M. gigas,North,HIOC,4,202,0,Alive
2020,5,M. gigas,North,HIOC,4,203,0,Alive
2020,5,M. gigas,North,HIOC,4,204,0,Alive
2020,5,M. gigas,North,HIOC,4,205,0,Alive
2020,5,M. gigas,North,HIOC,4,206,0,Alive
2020,5,M. gigas,North,HIOC,4,207,0,Alive
2020,5,M. gigas,North,HIOC,4,208,0,Alive
2020,5,M. gigas,North,HIOC,4,209,0,Alive
2020,5,M. gigas,North,HIOC,4,210,0,Alive
2020,5,M. gigas,North,HIOC,4,211,0,Alive
2020,5,M. gigas,North,HIOC,4,212,0,Alive
2020,5,M. gigas,North,HIOC,4,213,0,Alive
2020,5,M. gigas,North,HIOC,4,214,0,Alive
2020,5,M. gigas,North,HIOC,4,215,0,Alive
2020,5,M. gigas,North,HIOC,4,216,0,Alive
2020,5,M. gigas,North,HIOC,4,217,0,Alive
2020,5,M. gigas,North,HIOC,4,218,0,Alive
2020,5,M. gigas,North,HIOC,4,219,0,Alive
2020,5,M. gigas,North,HIOC,4,220,0,Alive
2020,5,M. gigas,North,HIOC,4,221,0,Alive
2020,5,M. gigas,North,HIOC,4,222,0,Alive
2020,5,M. gigas,North,HIOC,4,223,0,Alive
2020,5,M. gigas,North,HIOC,4,224,0,Alive
2020,5,M. gigas,North,HIOC,4,225,0,Alive
2020,5,M. gigas,North,HIOC,4,226,0,Alive
2020,5,M. gigas,North,HIOC,4,227,0,Alive
2020,5,M. gigas,North,HIOC,4,228,0,Alive
2020,5,M. gigas,North,HIOC,4,229,0,Alive
2020,5,M. gigas,North,HIOC,4,230,0,Alive
2020,5,M. gigas,North,HIOC,4,231,0,Alive
2020,5,M. gigas,North,HIOC,4,232,0,Alive
2020,5,M. gigas,North,HIOC,4,233,0,Alive
2020,5,M. gigas,North,HIOC,4,234,0,Alive
2020,5,M. gigas,North,HIOC,4,235,0,Alive
2020,5,M. gigas,North,HIOC,4,236,0,Alive
2020,5,M. gigas,North,HIOC,4,237,0,Alive
2020,5,M. gigas,North,HIOC,4,238,0,Alive
2020,5,M. gigas,North,HIOC,4,239,0,Alive
2020,5,M. gigas,North,HIOC,4,240,0,Alive
2020,5,M. gigas,North,HIOC,4,241,0,Alive
2020,5,M. gigas,North,HIOC,4,242,0,Alive
2020,5,M. gigas,North,HIOC,4,243,0,Alive
2020,5,M. gigas,North,HIOC,4,244,0,Alive
2020,5,M. gigas,North,HIOC,4,245,0,Alive
2020,5,M. gigas,North,HIOC,4,246,0,Alive
2020,5,M. gigas,North,HIOC,4,247,0,Alive
2020,5,M. gigas,North,HIOC,4,248,0,Alive
2020,5,M. gigas,North,HIOC,4,249,0,Alive
2020,5,M. gigas,North,HIOC,4,250,0,Alive
2020,5,M. gigas,South,TBOC,5,1,1,Dead
2020,5,M. gigas,South,TBOC,5,2,1,Dead
2020,5,M. gigas,South,TBOC,5,3,1,Dead
2020,5,M. gigas,South,TBOC,5,4,1,Dead
2020,5,M. gigas,South,TBOC,5,5,1,Dead
2020,5,M. gigas,South,TBOC,5,6,1,Dead
2020,5,M. gigas,South,TBOC,5,7,1,Dead
2020,5,M. gigas,South,TBOC,5,8,1,Dead
2020,5,M. gigas,South,TBOC,5,9,1,Dead
2020,5,M. gigas,South,TBOC,5,10,1,Dead
2020,5,M. gigas,South,TBOC,5,11,1,Dead
2020,5,M. gigas,South,TBOC,5,12,1,Dead
2020,5,M. gigas,South,TBOC,5,13,1,Dead
2020,5,M. gigas,South,TBOC,5,14,1,Dead
2020,5,M. gigas,South,TBOC,5,15,1,Dead
2020,5,M. gigas,South,TBOC,5,16,1,Dead
2020,5,M. gigas,South,TBOC,5,17,1,Dead
2020,5,M. gigas,South,TBOC,5,18,1,Dead
2020,5,M. gigas,South,TBOC,5,19,1,Dead
2020,5,M. gigas,South,TBOC,5,20,1,Dead
2020,5,M. gigas,South,TBOC,5,21,1,Dead
2020,5,M. gigas,South,TBOC,5,22,1,Dead
2020,5,M. gigas,South,TBOC,5,23,1,Dead
2020,5,M. gigas,South,TBOC,5,24,1,Dead
2020,5,M. gigas,South,TBOC,5,25,0,Alive
2020,5,M. gigas,South,TBOC,5,26,0,Alive
2020,5,M. gigas,South,TBOC,5,27,0,Alive
2020,5,M. gigas,South,TBOC,5,28,0,Alive
2020,5,M. gigas,South,TBOC,5,29,0,Alive
2020,5,M. gigas,South,TBOC,5,30,0,Alive
2020,5,M. gigas,South,TBOC,5,31,0,Alive
2020,5,M. gigas,South,TBOC,5,32,0,Alive
2020,5,M. gigas,South,TBOC,5,33,0,Alive
2020,5,M. gigas,South,TBOC,5,34,0,Alive
2020,5,M. gigas,South,TBOC,5,35,0,Alive
2020,5,M. gigas,South,TBOC,5,36,0,Alive
2020,5,M. gigas,South,TBOC,5,37,0,Alive
2020,5,M. gigas,South,TBOC,5,38,0,Alive
2020,5,M. gigas,South,TBOC,5,39,0,Alive
2020,5,M. gigas,South,TBOC,5,40,0,Alive
2020,5,M. gigas,South,TBOC,5,41,0,Alive
2020,5,M. gigas,South,TBOC,5,42,0,Alive
2020,5,M. gigas,South,TBOC,5,43,0,Alive
2020,5,M. gigas,South,TBOC,5,44,0,Alive
2020,5,M. gigas,South,TBOC,5,45,0,Alive
2020,5,M. gigas,South,TBOC,5,46,0,Alive
2020,5,M. gigas,South,TBOC,5,47,0,Alive
2020,5,M. gigas,South,TBOC,5,48,0,Alive
2020,5,M. gigas,South,TBOC,5,49,0,Alive
2020,5,M. gigas,South,TBOC,5,50,0,Alive
2020,5,M. gigas,South,TBOC,5,51,0,Alive
2020,5,M. gigas,South,TBOC,5,52,0,Alive
2020,5,M. gigas,South,TBOC,5,53,0,Alive
2020,5,M. gigas,South,TBOC,5,54,0,Alive
2020,5,M. gigas,South,TBOC,5,55,0,Alive
2020,5,M. gigas,South,TBOC,5,56,0,Alive
2020,5,M. gigas,South,TBOC,5,57,0,Alive
2020,5,M. gigas,South,TBOC,5,58,0,Alive
2020,5,M. gigas,South,TBOC,5,59,0,Alive
2020,5,M. gigas,South,TBOC,5,60,0,Alive
2020,5,M. gigas,South,TBOC,5,61,0,Alive
2020,5,M. gigas,South,TBOC,5,62,0,Alive
2020,5,M. gigas,South,TBOC,5,63,0,Alive
2020,5,M. gigas,South,TBOC,5,64,0,Alive
2020,5,M. gigas,South,TBOC,5,65,0,Alive
2020,5,M. gigas,South,TBOC,5,66,0,Alive
2020,5,M. gigas,South,TBOC,5,67,0,Alive
2020,5,M. gigas,South,TBOC,5,68,0,Alive
2020,5,M. gigas,South,TBOC,5,69,0,Alive
2020,5,M. gigas,South,TBOC,5,70,0,Alive
2020,5,M. gigas,South,TBOC,5,71,0,Alive
2020,5,M. gigas,South,TBOC,5,72,0,Alive
2020,5,M. gigas,South,TBOC,5,73,0,Alive
2020,5,M. gigas,South,TBOC,5,74,0,Alive
2020,5,M. gigas,South,TBOC,5,75,0,Alive
2020,5,M. gigas,South,TBOC,5,76,0,Alive
2020,5,M. gigas,South,TBOC,5,77,0,Alive
2020,5,M. gigas,South,TBOC,5,78,0,Alive
2020,5,M. gigas,South,TBOC,5,79,0,Alive
2020,5,M. gigas,South,TBOC,5,80,0,Alive
2020,5,M. gigas,South,TBOC,5,81,0,Alive
2020,5,M. gigas,South,TBOC,5,82,0,Alive
2020,5,M. gigas,South,TBOC,5,83,0,Alive
2020,5,M. gigas,South,TBOC,5,84,0,Alive
2020,5,M. gigas,South,TBOC,5,85,0,Alive
2020,5,M. gigas,South,TBOC,5,86,0,Alive
2020,5,M. gigas,South,TBOC,5,87,0,Alive
2020,5,M. gigas,South,TBOC,5,88,0,Alive
2020,5,M. gigas,South,TBOC,5,89,0,Alive
2020,5,M. gigas,South,TBOC,5,90,0,Alive
2020,5,M. gigas,South,TBOC,5,91,0,Alive
2020,5,M. gigas,South,TBOC,5,92,0,Alive
2020,5,M. gigas,South,TBOC,5,93,0,Alive
2020,5,M. gigas,South,TBOC,5,94,0,Alive
2020,5,M. gigas,South,TBOC,5,95,0,Alive
2020,5,M. gigas,South,TBOC,5,96,0,Alive
2020,5,M. gigas,South,TBOC,5,97,0,Alive
2020,5,M. gigas,South,TBOC,5,98,0,Alive
2020,5,M. gigas,South,TBOC,5,99,0,Alive
2020,5,M. gigas,South,TBOC,5,100,0,Alive
2020,5,M. gigas,South,TBOC,5,101,0,Alive
2020,5,M. gigas,South,TBOC,5,102,0,Alive
2020,5,M. gigas,South,TBOC,5,103,0,Alive
2020,5,M. gigas,South,TBOC,5,104,0,Alive
2020,5,M. gigas,South,TBOC,5,105,0,Alive
2020,5,M. gigas,South,TBOC,5,106,0,Alive
2020,5,M. gigas,South,TBOC,5,107,0,Alive
2020,5,M. gigas,South,TBOC,5,108,0,Alive
2020,5,M. gigas,South,TBOC,5,109,0,Alive
2020,5,M. gigas,South,TBOC,5,110,0,Alive
2020,5,M. gigas,South,TBOC,5,111,0,Alive
2020,5,M. gigas,South,TBOC,5,112,0,Alive
2020,5,M. gigas,South,TBOC,5,113,0,Alive
2020,5,M. gigas,South,TBOC,5,114,0,Alive
2020,5,M. gigas,South,TBOC,5,115,0,Alive
2020,5,M. gigas,South,TBOC,5,116,0,Alive
2020,5,M. gigas,South,TBOC,5,117,0,Alive
2020,5,M. gigas,South,TBOC,5,118,0,Alive
2020,5,M. gigas,South,TBOC,5,119,0,Alive
2020,5,M. gigas,South,TBOC,5,120,0,Alive
2020,5,M. gigas,South,TBOC,5,121,0,Alive
2020,5,M. gigas,South,TBOC,5,122,0,Alive
2020,5,M. gigas,South,TBOC,5,123,0,Alive
2020,5,M. gigas,South,TBOC,5,124,0,Alive
2020,5,M. gigas,South,TBOC,5,125,0,Alive
2020,5,M. gigas,South,TBOC,5,126,0,Alive
2020,5,M. gigas,South,TBOC,5,127,0,Alive
2020,5,M. gigas,South,TBOC,5,128,0,Alive
2020,5,M. gigas,South,TBOC,5,129,0,Alive
2020,5,M. gigas,South,TBOC,5,130,0,Alive
2020,5,M. gigas,South,TBOC,5,131,0,Alive
2020,5,M. gigas,South,TBOC,5,132,0,Alive
2020,5,M. gigas,South,TBOC,5,133,0,Alive
2020,5,M. gigas,South,TBOC,5,134,0,Alive
2020,5,M. gigas,South,TBOC,5,135,0,Alive
2020,5,M. gigas,South,TBOC,5,136,0,Alive
2020,5,M. gigas,South,TBOC,5,137,0,Alive
2020,5,M. gigas,South,TBOC,5,138,0,Alive
2020,5,M. gigas,South,TBOC,5,139,0,Alive
2020,5,M. gigas,South,TBOC,5,140,0,Alive
2020,5,M. gigas,South,TBOC,5,141,0,Alive
2020,5,M. gigas,South,TBOC,5,142,0,Alive
2020,5,M. gigas,South,TBOC,5,143,0,Alive
2020,5,M. gigas,South,TBOC,5,144,0,Alive
2020,5,M. gigas,South,TBOC,5,145,0,Alive
2020,5,M. gigas,South,TBOC,5,146,0,Alive
2020,5,M. gigas,South,TBOC,5,147,0,Alive
2020,5,M. gigas,South,TBOC,5,148,0,Alive
2020,5,M. gigas,South,TBOC,5,149,0,Alive
2020,5,M. gigas,South,TBOC,5,150,0,Alive
2020,5,M. gigas,South,TBOC,5,151,0,Alive
2020,5,M. gigas,South,TBOC,5,152,0,Alive
2020,5,M. gigas,South,TBOC,5,153,0,Alive
2020,5,M. gigas,South,TBOC,5,154,0,Alive
2020,5,M. gigas,South,TBOC,5,155,0,Alive
2020,5,M. gigas,South,TBOC,5,156,0,Alive
2020,5,M. gigas,South,TBOC,5,157,0,Alive
2020,5,M. gigas,South,TBOC,5,158,0,Alive
2020,5,M. gigas,South,TBOC,5,159,0,Alive
2020,5,M. gigas,South,TBOC,5,160,0,Alive
2020,5,M. gigas,South,TBOC,5,161,0,Alive
2020,5,M. gigas,South,TBOC,5,162,0,Alive
2020,5,M. gigas,South,TBOC,5,163,0,Alive
2020,5,M. gigas,South,TBOC,5,164,0,Alive
2020,5,M. gigas,South,TBOC,5,165,0,Alive
2020,5,M. gigas,South,TBOC,5,166,0,Alive
2020,5,M. gigas,South,TBOC,5,167,0,Alive
2020,5,M. gigas,South,TBOC,5,168,0,Alive
2020,5,M. gigas,South,TBOC,5,169,0,Alive
2020,5,M. gigas,South,TBOC,5,170,0,Alive
2020,5,M. gigas,South,TBOC,5,171,0,Alive
2020,5,M. gigas,South,TBOC,5,172,0,Alive
2020,5,M. gigas,South,TBOC,5,173,0,Alive
2020,5,M. gigas,South,TBOC,5,174,0,Alive
2020,5,M. gigas,South,TBOC,5,175,0,Alive
2020,5,M. gigas,South,TBOC,5,176,0,Alive
2020,5,M. gigas,South,TBOC,5,177,0,Alive
2020,5,M. gigas,South,TBOC,5,178,0,Alive
2020,5,M. gigas,South,TBOC,5,179,0,Alive
2020,5,M. gigas,South,TBOC,5,180,0,Alive
2020,5,M. gigas,South,TBOC,5,181,0,Alive
2020,5,M. gigas,South,TBOC,5,182,0,Alive
2020,5,M. gigas,South,TBOC,5,183,0,Alive
2020,5,M. gigas,South,TBOC,5,184,0,Alive
2020,5,M. gigas,South,TBOC,5,185,0,Alive
2020,5,M. gigas,South,TBOC,5,186,0,Alive
2020,5,M. gigas,South,TBOC,5,187,0,Alive
2020,5,M. gigas,South,TBOC,5,188,0,Alive
2020,5,M. gigas,South,TBOC,5,189,0,Alive
2020,5,M. gigas,South,TBOC,5,190,0,Alive
2020,5,M. gigas,South,TBOC,5,191,0,Alive
2020,5,M. gigas,South,TBOC,5,192,0,Alive
2020,5,M. gigas,South,TBOC,5,193,0,Alive
2020,5,M. gigas,South,TBOC,5,194,0,Alive
2020,5,M. gigas,South,TBOC,5,195,0,Alive
2020,5,M. gigas,South,TBOC,5,196,0,Alive
2020,5,M. gigas,South,TBOC,5,197,0,Alive
2020,5,M. gigas,South,TBOC,5,198,0,Alive
2020,5,M. gigas,South,TBOC,5,199,0,Alive
2020,5,M. gigas,South,TBOC,5,200,0,Alive
2020,5,M. gigas,South,TBOC,5,201,0,Alive
2020,5,M. gigas,South,TBOC,5,202,0,Alive
2020,5,M. gigas,South,TBOC,5,203,0,Alive
2020,5,M. gigas,South,TBOC,5,204,0,Alive
2020,5,M. gigas,South,TBOC,5,205,0,Alive
2020,5,M. gigas,South,TBOC,5,206,0,Alive
2020,5,M. gigas,South,TBOC,5,207,0,Alive
2020,5,M. gigas,South,TBOC,5,208,0,Alive
2020,5,M. gigas,South,TBOC,5,209,0,Alive
2020,5,M. gigas,South,TBOC,5,210,0,Alive
2020,5,M. gigas,South,TBOC,5,211,0,Alive
2020,5,M. gigas,South,TBOC,5,212,0,Alive
2020,5,M. gigas,South,TBOC,5,213,0,Alive
2020,5,M. gigas,South,TBOC,5,214,0,Alive
2020,5,M. gigas,South,TBOC,5,215,0,Alive
2020,5,M. gigas,South,TBOC,5,216,0,Alive
2020,5,M. gigas,South,TBOC,5,217,0,Alive
2020,5,M. gigas,South,TBOC,5,218,0,Alive
2020,5,M. gigas,South,TBOC,5,219,0,Alive
2020,5,M. gigas,South,TBOC,5,220,0,Alive
2020,5,M. gigas,South,TBOC,5,221,0,Alive
2020,5,M. gigas,South,TBOC,5,222,0,Alive
2020,5,M. gigas,South,TBOC,5,223,0,Alive
2020,5,M. gigas,South,TBOC,5,224,0,Alive
2020,5,M. gigas,South,TBOC,5,225,0,Alive
2020,5,M. gigas,South,TBOC,5,226,0,Alive
2020,5,M. gigas,South,TBOC,5,227,0,Alive
2020,5,M. gigas,South,TBOC,5,228,0,Alive
2020,5,M. gigas,South,TBOC,5,229,0,Alive
2020,5,M. gigas,South,TBOC,5,230,0,Alive
2020,5,M. gigas,South,TBOC,5,231,0,Alive
2020,5,M. gigas,South,TBOC,5,232,0,Alive
2020,5,M. gigas,South,TBOC,5,233,0,Alive
2020,5,M. gigas,South,TBOC,5,234,0,Alive
2020,5,M. gigas,South,TBOC,5,235,0,Alive
2020,5,M. gigas,South,TBOC,5,236,0,Alive
2020,5,M. gigas,South,TBOC,5,237,0,Alive
2020,5,M. gigas,South,TBOC,5,238,0,Alive
2020,5,M. gigas,South,TBOC,5,239,0,Alive
2020,5,M. gigas,South,TBOC,5,240,0,Alive
2020,5,M. gigas,South,TBOC,5,241,0,Alive
2020,5,M. gigas,South,TBOC,5,242,0,Alive
2020,5,M. gigas,South,TBOC,5,243,0,Alive
2020,5,M. gigas,South,TBOC,5,244,0,Alive
2020,5,M. gigas,South,TBOC,5,245,0,Alive
2020,5,M. gigas,South,TBOC,5,246,0,Alive
2020,5,M. gigas,South,TBOC,5,247,0,Alive
2020,5,M. gigas,South,TBOC,5,248,0,Alive
2020,5,M. gigas,South,TBOC,5,249,0,Alive
2020,5,M. gigas,South,TBOC,5,250,0,Alive
2020,5,M. gigas,South,TBOC,6,1,1,Dead
2020,5,M. gigas,South,TBOC,6,2,1,Dead
2020,5,M. gigas,South,TBOC,6,3,1,Dead
2020,5,M. gigas,South,TBOC,6,4,1,Dead
2020,5,M. gigas,South,TBOC,6,5,1,Dead
2020,5,M. gigas,South,TBOC,6,6,1,Dead
2020,5,M. gigas,South,TBOC,6,7,1,Dead
2020,5,M. gigas,South,TBOC,6,8,1,Dead
2020,5,M. gigas,South,TBOC,6,9,1,Dead
2020,5,M. gigas,South,TBOC,6,10,1,Dead
2020,5,M. gigas,South,TBOC,6,11,1,Dead
2020,5,M. gigas,South,TBOC,6,12,1,Dead
2020,5,M. gigas,South,TBOC,6,13,1,Dead
2020,5,M. gigas,South,TBOC,6,14,1,Dead
2020,5,M. gigas,South,TBOC,6,15,1,Dead
2020,5,M. gigas,South,TBOC,6,16,0,Alive
2020,5,M. gigas,South,TBOC,6,17,0,Alive
2020,5,M. gigas,South,TBOC,6,18,0,Alive
2020,5,M. gigas,South,TBOC,6,19,0,Alive
2020,5,M. gigas,South,TBOC,6,20,0,Alive
2020,5,M. gigas,South,TBOC,6,21,0,Alive
2020,5,M. gigas,South,TBOC,6,22,0,Alive
2020,5,M. gigas,South,TBOC,6,23,0,Alive
2020,5,M. gigas,South,TBOC,6,24,0,Alive
2020,5,M. gigas,South,TBOC,6,25,0,Alive
2020,5,M. gigas,South,TBOC,6,26,0,Alive
2020,5,M. gigas,South,TBOC,6,27,0,Alive
2020,5,M. gigas,South,TBOC,6,28,0,Alive
2020,5,M. gigas,South,TBOC,6,29,0,Alive
2020,5,M. gigas,South,TBOC,6,30,0,Alive
2020,5,M. gigas,South,TBOC,6,31,0,Alive
2020,5,M. gigas,South,TBOC,6,32,0,Alive
2020,5,M. gigas,South,TBOC,6,33,0,Alive
2020,5,M. gigas,South,TBOC,6,34,0,Alive
2020,5,M. gigas,South,TBOC,6,35,0,Alive
2020,5,M. gigas,South,TBOC,6,36,0,Alive
2020,5,M. gigas,South,TBOC,6,37,0,Alive
2020,5,M. gigas,South,TBOC,6,38,0,Alive
2020,5,M. gigas,South,TBOC,6,39,0,Alive
2020,5,M. gigas,South,TBOC,6,40,0,Alive
2020,5,M. gigas,South,TBOC,6,41,0,Alive
2020,5,M. gigas,South,TBOC,6,42,0,Alive
2020,5,M. gigas,South,TBOC,6,43,0,Alive
2020,5,M. gigas,South,TBOC,6,44,0,Alive
2020,5,M. gigas,South,TBOC,6,45,0,Alive
2020,5,M. gigas,South,TBOC,6,46,0,Alive
2020,5,M. gigas,South,TBOC,6,47,0,Alive
2020,5,M. gigas,South,TBOC,6,48,0,Alive
2020,5,M. gigas,South,TBOC,6,49,0,Alive
2020,5,M. gigas,South,TBOC,6,50,0,Alive
2020,5,M. gigas,South,TBOC,6,51,0,Alive
2020,5,M. gigas,South,TBOC,6,52,0,Alive
2020,5,M. gigas,South,TBOC,6,53,0,Alive
2020,5,M. gigas,South,TBOC,6,54,0,Alive
2020,5,M. gigas,South,TBOC,6,55,0,Alive
2020,5,M. gigas,South,TBOC,6,56,0,Alive
2020,5,M. gigas,South,TBOC,6,57,0,Alive
2020,5,M. gigas,South,TBOC,6,58,0,Alive
2020,5,M. gigas,South,TBOC,6,59,0,Alive
2020,5,M. gigas,South,TBOC,6,60,0,Alive
2020,5,M. gigas,South,TBOC,6,61,0,Alive
2020,5,M. gigas,South,TBOC,6,62,0,Alive
2020,5,M. gigas,South,TBOC,6,63,0,Alive
2020,5,M. gigas,South,TBOC,6,64,0,Alive
2020,5,M. gigas,South,TBOC,6,65,0,Alive
2020,5,M. gigas,South,TBOC,6,66,0,Alive
2020,5,M. gigas,South,TBOC,6,67,0,Alive
2020,5,M. gigas,South,TBOC,6,68,0,Alive
2020,5,M. gigas,South,TBOC,6,69,0,Alive
2020,5,M. gigas,South,TBOC,6,70,0,Alive
2020,5,M. gigas,South,TBOC,6,71,0,Alive
2020,5,M. gigas,South,TBOC,6,72,0,Alive
2020,5,M. gigas,South,TBOC,6,73,0,Alive
2020,5,M. gigas,South,TBOC,6,74,0,Alive
2020,5,M. gigas,South,TBOC,6,75,0,Alive
2020,5,M. gigas,South,TBOC,6,76,0,Alive
2020,5,M. gigas,South,TBOC,6,77,0,Alive
2020,5,M. gigas,South,TBOC,6,78,0,Alive
2020,5,M. gigas,South,TBOC,6,79,0,Alive
2020,5,M. gigas,South,TBOC,6,80,0,Alive
2020,5,M. gigas,South,TBOC,6,81,0,Alive
2020,5,M. gigas,South,TBOC,6,82,0,Alive
2020,5,M. gigas,South,TBOC,6,83,0,Alive
2020,5,M. gigas,South,TBOC,6,84,0,Alive
2020,5,M. gigas,South,TBOC,6,85,0,Alive
2020,5,M. gigas,South,TBOC,6,86,0,Alive
2020,5,M. gigas,South,TBOC,6,87,0,Alive
2020,5,M. gigas,South,TBOC,6,88,0,Alive
2020,5,M. gigas,South,TBOC,6,89,0,Alive
2020,5,M. gigas,South,TBOC,6,90,0,Alive
2020,5,M. gigas,South,TBOC,6,91,0,Alive
2020,5,M. gigas,South,TBOC,6,92,0,Alive
2020,5,M. gigas,South,TBOC,6,93,0,Alive
2020,5,M. gigas,South,TBOC,6,94,0,Alive
2020,5,M. gigas,South,TBOC,6,95,0,Alive
2020,5,M. gigas,South,TBOC,6,96,0,Alive
2020,5,M. gigas,South,TBOC,6,97,0,Alive
2020,5,M. gigas,South,TBOC,6,98,0,Alive
2020,5,M. gigas,South,TBOC,6,99,0,Alive
2020,5,M. gigas,South,TBOC,6,100,0,Alive
2020,5,M. gigas,South,TBOC,6,101,0,Alive
2020,5,M. gigas,South,TBOC,6,102,0,Alive
2020,5,M. gigas,South,TBOC,6,103,0,Alive
2020,5,M. gigas,South,TBOC,6,104,0,Alive
2020,5,M. gigas,South,TBOC,6,105,0,Alive
2020,5,M. gigas,South,TBOC,6,106,0,Alive
2020,5,M. gigas,South,TBOC,6,107,0,Alive
2020,5,M. gigas,South,TBOC,6,108,0,Alive
2020,5,M. gigas,South,TBOC,6,109,0,Alive
2020,5,M. gigas,South,TBOC,6,110,0,Alive
2020,5,M. gigas,South,TBOC,6,111,0,Alive
2020,5,M. gigas,South,TBOC,6,112,0,Alive
2020,5,M. gigas,South,TBOC,6,113,0,Alive
2020,5,M. gigas,South,TBOC,6,114,0,Alive
2020,5,M. gigas,South,TBOC,6,115,0,Alive
2020,5,M. gigas,South,TBOC,6,116,0,Alive
2020,5,M. gigas,South,TBOC,6,117,0,Alive
2020,5,M. gigas,South,TBOC,6,118,0,Alive
2020,5,M. gigas,South,TBOC,6,119,0,Alive
2020,5,M. gigas,South,TBOC,6,120,0,Alive
2020,5,M. gigas,South,TBOC,6,121,0,Alive
2020,5,M. gigas,South,TBOC,6,122,0,Alive
2020,5,M. gigas,South,TBOC,6,123,0,Alive
2020,5,M. gigas,South,TBOC,6,124,0,Alive
2020,5,M. gigas,South,TBOC,6,125,0,Alive
2020,5,M. gigas,South,TBOC,6,126,0,Alive
2020,5,M. gigas,South,TBOC,6,127,0,Alive
2020,5,M. gigas,South,TBOC,6,128,0,Alive
2020,5,M. gigas,South,TBOC,6,129,0,Alive
2020,5,M. gigas,South,TBOC,6,130,0,Alive
2020,5,M. gigas,South,TBOC,6,131,0,Alive
2020,5,M. gigas,South,TBOC,6,132,0,Alive
2020,5,M. gigas,South,TBOC,6,133,0,Alive
2020,5,M. gigas,South,TBOC,6,134,0,Alive
2020,5,M. gigas,South,TBOC,6,135,0,Alive
2020,5,M. gigas,South,TBOC,6,136,0,Alive
2020,5,M. gigas,South,TBOC,6,137,0,Alive
2020,5,M. gigas,South,TBOC,6,138,0,Alive
2020,5,M. gigas,South,TBOC,6,139,0,Alive
2020,5,M. gigas,South,TBOC,6,140,0,Alive
2020,5,M. gigas,South,TBOC,6,141,0,Alive
2020,5,M. gigas,South,TBOC,6,142,0,Alive
2020,5,M. gigas,South,TBOC,6,143,0,Alive
2020,5,M. gigas,South,TBOC,6,144,0,Alive
2020,5,M. gigas,South,TBOC,6,145,0,Alive
2020,5,M. gigas,South,TBOC,6,146,0,Alive
2020,5,M. gigas,South,TBOC,6,147,0,Alive
2020,5,M. gigas,South,TBOC,6,148,0,Alive
2020,5,M. gigas,South,TBOC,6,149,0,Alive
2020,5,M. gigas,South,TBOC,6,150,0,Alive
2020,5,M. gigas,South,TBOC,6,151,0,Alive
2020,5,M. gigas,South,TBOC,6,152,0,Alive
2020,5,M. gigas,South,TBOC,6,153,0,Alive
2020,5,M. gigas,South,TBOC,6,154,0,Alive
2020,5,M. gigas,South,TBOC,6,155,0,Alive
2020,5,M. gigas,South,TBOC,6,156,0,Alive
2020,5,M. gigas,South,TBOC,6,157,0,Alive
2020,5,M. gigas,South,TBOC,6,158,0,Alive
2020,5,M. gigas,South,TBOC,6,159,0,Alive
2020,5,M. gigas,South,TBOC,6,160,0,Alive
2020,5,M. gigas,South,TBOC,6,161,0,Alive
2020,5,M. gigas,South,TBOC,6,162,0,Alive
2020,5,M. gigas,South,TBOC,6,163,0,Alive
2020,5,M. gigas,South,TBOC,6,164,0,Alive
2020,5,M. gigas,South,TBOC,6,165,0,Alive
2020,5,M. gigas,South,TBOC,6,166,0,Alive
2020,5,M. gigas,South,TBOC,6,167,0,Alive
2020,5,M. gigas,South,TBOC,6,168,0,Alive
2020,5,M. gigas,South,TBOC,6,169,0,Alive
2020,5,M. gigas,South,TBOC,6,170,0,Alive
2020,5,M. gigas,South,TBOC,6,171,0,Alive
2020,5,M. gigas,South,TBOC,6,172,0,Alive
2020,5,M. gigas,South,TBOC,6,173,0,Alive
2020,5,M. gigas,South,TBOC,6,174,0,Alive
2020,5,M. gigas,South,TBOC,6,175,0,Alive
2020,5,M. gigas,South,TBOC,6,176,0,Alive
2020,5,M. gigas,South,TBOC,6,177,0,Alive
2020,5,M. gigas,South,TBOC,6,178,0,Alive
2020,5,M. gigas,South,TBOC,6,179,0,Alive
2020,5,M. gigas,South,TBOC,6,180,0,Alive
2020,5,M. gigas,South,TBOC,6,181,0,Alive
2020,5,M. gigas,South,TBOC,6,182,0,Alive
2020,5,M. gigas,South,TBOC,6,183,0,Alive
2020,5,M. gigas,South,TBOC,6,184,0,Alive
2020,5,M. gigas,South,TBOC,6,185,0,Alive
2020,5,M. gigas,South,TBOC,6,186,0,Alive
2020,5,M. gigas,South,TBOC,6,187,0,Alive
2020,5,M. gigas,South,TBOC,6,188,0,Alive
2020,5,M. gigas,South,TBOC,6,189,0,Alive
2020,5,M. gigas,South,TBOC,6,190,0,Alive
2020,5,M. gigas,South,TBOC,6,191,0,Alive
2020,5,M. gigas,South,TBOC,6,192,0,Alive
2020,5,M. gigas,South,TBOC,6,193,0,Alive
2020,5,M. gigas,South,TBOC,6,194,0,Alive
2020,5,M. gigas,South,TBOC,6,195,0,Alive
2020,5,M. gigas,South,TBOC,6,196,0,Alive
2020,5,M. gigas,South,TBOC,6,197,0,Alive
2020,5,M. gigas,South,TBOC,6,198,0,Alive
2020,5,M. gigas,South,TBOC,6,199,0,Alive
2020,5,M. gigas,South,TBOC,6,200,0,Alive
2020,5,M. gigas,South,TBOC,6,201,0,Alive
2020,5,M. gigas,South,TBOC,6,202,0,Alive
2020,5,M. gigas,South,TBOC,6,203,0,Alive
2020,5,M. gigas,South,TBOC,6,204,0,Alive
2020,5,M. gigas,South,TBOC,6,205,0,Alive
2020,5,M. gigas,South,TBOC,6,206,0,Alive
2020,5,M. gigas,South,TBOC,6,207,0,Alive
2020,5,M. gigas,South,TBOC,6,208,0,Alive
2020,5,M. gigas,South,TBOC,6,209,0,Alive
2020,5,M. gigas,South,TBOC,6,210,0,Alive
2020,5,M. gigas,South,TBOC,6,211,0,Alive
2020,5,M. gigas,South,TBOC,6,212,0,Alive
2020,5,M. gigas,South,TBOC,6,213,0,Alive
2020,5,M. gigas,South,TBOC,6,214,0,Alive
2020,5,M. gigas,South,TBOC,6,215,0,Alive
2020,5,M. gigas,South,TBOC,6,216,0,Alive
2020,5,M. gigas,South,TBOC,6,217,0,Alive
2020,5,M. gigas,South,TBOC,6,218,0,Alive
2020,5,M. gigas,South,TBOC,6,219,0,Alive
2020,5,M. gigas,South,TBOC,6,220,0,Alive
2020,5,M. gigas,South,TBOC,6,221,0,Alive
2020,5,M. gigas,South,TBOC,6,222,0,Alive
2020,5,M. gigas,South,TBOC,6,223,0,Alive
2020,5,M. gigas,South,TBOC,6,224,0,Alive
2020,5,M. gigas,South,TBOC,6,225,0,Alive
2020,5,M. gigas,South,TBOC,6,226,0,Alive
2020,5,M. gigas,South,TBOC,6,227,0,Alive
2020,5,M. gigas,South,TBOC,6,228,0,Alive
2020,5,M. gigas,South,TBOC,6,229,0,Alive
2020,5,M. gigas,South,TBOC,6,230,0,Alive
2020,5,M. gigas,South,TBOC,6,231,0,Alive
2020,5,M. gigas,South,TBOC,6,232,0,Alive
2020,5,M. gigas,South,TBOC,6,233,0,Alive
2020,5,M. gigas,South,TBOC,6,234,0,Alive
2020,5,M. gigas,South,TBOC,6,235,0,Alive
2020,5,M. gigas,South,TBOC,6,236,0,Alive
2020,5,M. gigas,South,TBOC,6,237,0,Alive
2020,5,M. gigas,South,TBOC,6,238,0,Alive
2020,5,M. gigas,South,TBOC,6,239,0,Alive
2020,5,M. gigas,South,TBOC,6,240,0,Alive
2020,5,M. gigas,South,TBOC,6,241,0,Alive
2020,5,M. gigas,South,TBOC,6,242,0,Alive
2020,5,M. gigas,South,TBOC,6,243,0,Alive
2020,5,M. gigas,South,TBOC,6,244,0,Alive
2020,5,M. gigas,South,TBOC,6,245,0,Alive
2020,5,M. gigas,South,TBOC,6,246,0,Alive
2020,5,M. gigas,South,TBOC,6,247,0,Alive
2020,5,M. gigas,South,TBOC,6,248,0,Alive
2020,5,M. gigas,South,TBOC,6,249,0,Alive
2020,5,M. gigas,South,TBOC,6,250,0,Alive
2020,5,M. gigas,South,TBOC,7,1,1,Dead
2020,5,M. gigas,South,TBOC,7,2,1,Dead
2020,5,M. gigas,South,TBOC,7,3,1,Dead
2020,5,M. gigas,South,TBOC,7,4,1,Dead
2020,5,M. gigas,South,TBOC,7,5,1,Dead
2020,5,M. gigas,South,TBOC,7,6,1,Dead
2020,5,M. gigas,South,TBOC,7,7,1,Dead
2020,5,M. gigas,South,TBOC,7,8,1,Dead
2020,5,M. gigas,South,TBOC,7,9,1,Dead
2020,5,M. gigas,South,TBOC,7,10,1,Dead
2020,5,M. gigas,South,TBOC,7,11,1,Dead
2020,5,M. gigas,South,TBOC,7,12,1,Dead
2020,5,M. gigas,South,TBOC,7,13,1,Dead
2020,5,M. gigas,South,TBOC,7,14,1,Dead
2020,5,M. gigas,South,TBOC,7,15,1,Dead
2020,5,M. gigas,South,TBOC,7,16,1,Dead
2020,5,M. gigas,South,TBOC,7,17,1,Dead
2020,5,M. gigas,South,TBOC,7,18,1,Dead
2020,5,M. gigas,South,TBOC,7,19,1,Dead
2020,5,M. gigas,South,TBOC,7,20,1,Dead
2020,5,M. gigas,South,TBOC,7,21,1,Dead
2020,5,M. gigas,South,TBOC,7,22,1,Dead
2020,5,M. gigas,South,TBOC,7,23,1,Dead
2020,5,M. gigas,South,TBOC,7,24,1,Dead
2020,5,M. gigas,South,TBOC,7,25,1,Dead
2020,5,M. gigas,South,TBOC,7,26,1,Dead
2020,5,M. gigas,South,TBOC,7,27,1,Dead
2020,5,M. gigas,South,TBOC,7,28,1,Dead
2020,5,M. gigas,South,TBOC,7,29,0,Alive
2020,5,M. gigas,South,TBOC,7,30,0,Alive
2020,5,M. gigas,South,TBOC,7,31,0,Alive
2020,5,M. gigas,South,TBOC,7,32,0,Alive
2020,5,M. gigas,South,TBOC,7,33,0,Alive
2020,5,M. gigas,South,TBOC,7,34,0,Alive
2020,5,M. gigas,South,TBOC,7,35,0,Alive
2020,5,M. gigas,South,TBOC,7,36,0,Alive
2020,5,M. gigas,South,TBOC,7,37,0,Alive
2020,5,M. gigas,South,TBOC,7,38,0,Alive
2020,5,M. gigas,South,TBOC,7,39,0,Alive
2020,5,M. gigas,South,TBOC,7,40,0,Alive
2020,5,M. gigas,South,TBOC,7,41,0,Alive
2020,5,M. gigas,South,TBOC,7,42,0,Alive
2020,5,M. gigas,South,TBOC,7,43,0,Alive
2020,5,M. gigas,South,TBOC,7,44,0,Alive
2020,5,M. gigas,South,TBOC,7,45,0,Alive
2020,5,M. gigas,South,TBOC,7,46,0,Alive
2020,5,M. gigas,South,TBOC,7,47,0,Alive
2020,5,M. gigas,South,TBOC,7,48,0,Alive
2020,5,M. gigas,South,TBOC,7,49,0,Alive
2020,5,M. gigas,South,TBOC,7,50,0,Alive
2020,5,M. gigas,South,TBOC,7,51,0,Alive
2020,5,M. gigas,South,TBOC,7,52,0,Alive
2020,5,M. gigas,South,TBOC,7,53,0,Alive
2020,5,M. gigas,South,TBOC,7,54,0,Alive
2020,5,M. gigas,South,TBOC,7,55,0,Alive
2020,5,M. gigas,South,TBOC,7,56,0,Alive
2020,5,M. gigas,South,TBOC,7,57,0,Alive
2020,5,M. gigas,South,TBOC,7,58,0,Alive
2020,5,M. gigas,South,TBOC,7,59,0,Alive
2020,5,M. gigas,South,TBOC,7,60,0,Alive
2020,5,M. gigas,South,TBOC,7,61,0,Alive
2020,5,M. gigas,South,TBOC,7,62,0,Alive
2020,5,M. gigas,South,TBOC,7,63,0,Alive
2020,5,M. gigas,South,TBOC,7,64,0,Alive
2020,5,M. gigas,South,TBOC,7,65,0,Alive
2020,5,M. gigas,South,TBOC,7,66,0,Alive
2020,5,M. gigas,South,TBOC,7,67,0,Alive
2020,5,M. gigas,South,TBOC,7,68,0,Alive
2020,5,M. gigas,South,TBOC,7,69,0,Alive
2020,5,M. gigas,South,TBOC,7,70,0,Alive
2020,5,M. gigas,South,TBOC,7,71,0,Alive
2020,5,M. gigas,South,TBOC,7,72,0,Alive
2020,5,M. gigas,South,TBOC,7,73,0,Alive
2020,5,M. gigas,South,TBOC,7,74,0,Alive
2020,5,M. gigas,South,TBOC,7,75,0,Alive
2020,5,M. gigas,South,TBOC,7,76,0,Alive
2020,5,M. gigas,South,TBOC,7,77,0,Alive
2020,5,M. gigas,South,TBOC,7,78,0,Alive
2020,5,M. gigas,South,TBOC,7,79,0,Alive
2020,5,M. gigas,South,TBOC,7,80,0,Alive
2020,5,M. gigas,South,TBOC,7,81,0,Alive
2020,5,M. gigas,South,TBOC,7,82,0,Alive
2020,5,M. gigas,South,TBOC,7,83,0,Alive
2020,5,M. gigas,South,TBOC,7,84,0,Alive
2020,5,M. gigas,South,TBOC,7,85,0,Alive
2020,5,M. gigas,South,TBOC,7,86,0,Alive
2020,5,M. gigas,South,TBOC,7,87,0,Alive
2020,5,M. gigas,South,TBOC,7,88,0,Alive
2020,5,M. gigas,South,TBOC,7,89,0,Alive
2020,5,M. gigas,South,TBOC,7,90,0,Alive
2020,5,M. gigas,South,TBOC,7,91,0,Alive
2020,5,M. gigas,South,TBOC,7,92,0,Alive
2020,5,M. gigas,South,TBOC,7,93,0,Alive
2020,5,M. gigas,South,TBOC,7,94,0,Alive
2020,5,M. gigas,South,TBOC,7,95,0,Alive
2020,5,M. gigas,South,TBOC,7,96,0,Alive
2020,5,M. gigas,South,TBOC,7,97,0,Alive
2020,5,M. gigas,South,TBOC,7,98,0,Alive
2020,5,M. gigas,South,TBOC,7,99,0,Alive
2020,5,M. gigas,South,TBOC,7,100,0,Alive
2020,5,M. gigas,South,TBOC,7,101,0,Alive
2020,5,M. gigas,South,TBOC,7,102,0,Alive
2020,5,M. gigas,South,TBOC,7,103,0,Alive
2020,5,M. gigas,South,TBOC,7,104,0,Alive
2020,5,M. gigas,South,TBOC,7,105,0,Alive
2020,5,M. gigas,South,TBOC,7,106,0,Alive
2020,5,M. gigas,South,TBOC,7,107,0,Alive
2020,5,M. gigas,South,TBOC,7,108,0,Alive
2020,5,M. gigas,South,TBOC,7,109,0,Alive
2020,5,M. gigas,South,TBOC,7,110,0,Alive
2020,5,M. gigas,South,TBOC,7,111,0,Alive
2020,5,M. gigas,South,TBOC,7,112,0,Alive
2020,5,M. gigas,South,TBOC,7,113,0,Alive
2020,5,M. gigas,South,TBOC,7,114,0,Alive
2020,5,M. gigas,South,TBOC,7,115,0,Alive
2020,5,M. gigas,South,TBOC,7,116,0,Alive
2020,5,M. gigas,South,TBOC,7,117,0,Alive
2020,5,M. gigas,South,TBOC,7,118,0,Alive
2020,5,M. gigas,South,TBOC,7,119,0,Alive
2020,5,M. gigas,South,TBOC,7,120,0,Alive
2020,5,M. gigas,South,TBOC,7,121,0,Alive
2020,5,M. gigas,South,TBOC,7,122,0,Alive
2020,5,M. gigas,South,TBOC,7,123,0,Alive
2020,5,M. gigas,South,TBOC,7,124,0,Alive
2020,5,M. gigas,South,TBOC,7,125,0,Alive
2020,5,M. gigas,South,TBOC,7,126,0,Alive
2020,5,M. gigas,South,TBOC,7,127,0,Alive
2020,5,M. gigas,South,TBOC,7,128,0,Alive
2020,5,M. gigas,South,TBOC,7,129,0,Alive
2020,5,M. gigas,South,TBOC,7,130,0,Alive
2020,5,M. gigas,South,TBOC,7,131,0,Alive
2020,5,M. gigas,South,TBOC,7,132,0,Alive
2020,5,M. gigas,South,TBOC,7,133,0,Alive
2020,5,M. gigas,South,TBOC,7,134,0,Alive
2020,5,M. gigas,South,TBOC,7,135,0,Alive
2020,5,M. gigas,South,TBOC,7,136,0,Alive
2020,5,M. gigas,South,TBOC,7,137,0,Alive
2020,5,M. gigas,South,TBOC,7,138,0,Alive
2020,5,M. gigas,South,TBOC,7,139,0,Alive
2020,5,M. gigas,South,TBOC,7,140,0,Alive
2020,5,M. gigas,South,TBOC,7,141,0,Alive
2020,5,M. gigas,South,TBOC,7,142,0,Alive
2020,5,M. gigas,South,TBOC,7,143,0,Alive
2020,5,M. gigas,South,TBOC,7,144,0,Alive
2020,5,M. gigas,South,TBOC,7,145,0,Alive
2020,5,M. gigas,South,TBOC,7,146,0,Alive
2020,5,M. gigas,South,TBOC,7,147,0,Alive
2020,5,M. gigas,South,TBOC,7,148,0,Alive
2020,5,M. gigas,South,TBOC,7,149,0,Alive
2020,5,M. gigas,South,TBOC,7,150,0,Alive
2020,5,M. gigas,South,TBOC,7,151,0,Alive
2020,5,M. gigas,South,TBOC,7,152,0,Alive
2020,5,M. gigas,South,TBOC,7,153,0,Alive
2020,5,M. gigas,South,TBOC,7,154,0,Alive
2020,5,M. gigas,South,TBOC,7,155,0,Alive
2020,5,M. gigas,South,TBOC,7,156,0,Alive
2020,5,M. gigas,South,TBOC,7,157,0,Alive
2020,5,M. gigas,South,TBOC,7,158,0,Alive
2020,5,M. gigas,South,TBOC,7,159,0,Alive
2020,5,M. gigas,South,TBOC,7,160,0,Alive
2020,5,M. gigas,South,TBOC,7,161,0,Alive
2020,5,M. gigas,South,TBOC,7,162,0,Alive
2020,5,M. gigas,South,TBOC,7,163,0,Alive
2020,5,M. gigas,South,TBOC,7,164,0,Alive
2020,5,M. gigas,South,TBOC,7,165,0,Alive
2020,5,M. gigas,South,TBOC,7,166,0,Alive
2020,5,M. gigas,South,TBOC,7,167,0,Alive
2020,5,M. gigas,South,TBOC,7,168,0,Alive
2020,5,M. gigas,South,TBOC,7,169,0,Alive
2020,5,M. gigas,South,TBOC,7,170,0,Alive
2020,5,M. gigas,South,TBOC,7,171,0,Alive
2020,5,M. gigas,South,TBOC,7,172,0,Alive
2020,5,M. gigas,South,TBOC,7,173,0,Alive
2020,5,M. gigas,South,TBOC,7,174,0,Alive
2020,5,M. gigas,South,TBOC,7,175,0,Alive
2020,5,M. gigas,South,TBOC,7,176,0,Alive
2020,5,M. gigas,South,TBOC,7,177,0,Alive
2020,5,M. gigas,South,TBOC,7,178,0,Alive
2020,5,M. gigas,South,TBOC,7,179,0,Alive
2020,5,M. gigas,South,TBOC,7,180,0,Alive
2020,5,M. gigas,South,TBOC,7,181,0,Alive
2020,5,M. gigas,South,TBOC,7,182,0,Alive
2020,5,M. gigas,South,TBOC,7,183,0,Alive
2020,5,M. gigas,South,TBOC,7,184,0,Alive
2020,5,M. gigas,South,TBOC,7,185,0,Alive
2020,5,M. gigas,South,TBOC,7,186,0,Alive
2020,5,M. gigas,South,TBOC,7,187,0,Alive
2020,5,M. gigas,South,TBOC,7,188,0,Alive
2020,5,M. gigas,South,TBOC,7,189,0,Alive
2020,5,M. gigas,South,TBOC,7,190,0,Alive
2020,5,M. gigas,South,TBOC,7,191,0,Alive
2020,5,M. gigas,South,TBOC,7,192,0,Alive
2020,5,M. gigas,South,TBOC,7,193,0,Alive
2020,5,M. gigas,South,TBOC,7,194,0,Alive
2020,5,M. gigas,South,TBOC,7,195,0,Alive
2020,5,M. gigas,South,TBOC,7,196,0,Alive
2020,5,M. gigas,South,TBOC,7,197,0,Alive
2020,5,M. gigas,South,TBOC,7,198,0,Alive
2020,5,M. gigas,South,TBOC,7,199,0,Alive
2020,5,M. gigas,South,TBOC,7,200,0,Alive
2020,5,M. gigas,South,TBOC,7,201,0,Alive
2020,5,M. gigas,South,TBOC,7,202,0,Alive
2020,5,M. gigas,South,TBOC,7,203,0,Alive
2020,5,M. gigas,South,TBOC,7,204,0,Alive
2020,5,M. gigas,South,TBOC,7,205,0,Alive
2020,5,M. gigas,South,TBOC,7,206,0,Alive
2020,5,M. gigas,South,TBOC,7,207,0,Alive
2020,5,M. gigas,South,TBOC,7,208,0,Alive
2020,5,M. gigas,South,TBOC,7,209,0,Alive
2020,5,M. gigas,South,TBOC,7,210,0,Alive
2020,5,M. gigas,South,TBOC,7,211,0,Alive
2020,5,M. gigas,South,TBOC,7,212,0,Alive
2020,5,M. gigas,South,TBOC,7,213,0,Alive
2020,5,M. gigas,South,TBOC,7,214,0,Alive
2020,5,M. gigas,South,TBOC,7,215,0,Alive
2020,5,M. gigas,South,TBOC,7,216,0,Alive
2020,5,M. gigas,South,TBOC,7,217,0,Alive
2020,5,M. gigas,South,TBOC,7,218,0,Alive
2020,5,M. gigas,South,TBOC,7,219,0,Alive
2020,5,M. gigas,South,TBOC,7,220,0,Alive
2020,5,M. gigas,South,TBOC,7,221,0,Alive
2020,5,M. gigas,South,TBOC,7,222,0,Alive
2020,5,M. gigas,South,TBOC,7,223,0,Alive
2020,5,M. gigas,South,TBOC,7,224,0,Alive
2020,5,M. gigas,South,TBOC,7,225,0,Alive
2020,5,M. gigas,South,TBOC,7,226,0,Alive
2020,5,M. gigas,South,TBOC,7,227,0,Alive
2020,5,M. gigas,South,TBOC,7,228,0,Alive
2020,5,M. gigas,South,TBOC,7,229,0,Alive
2020,5,M. gigas,South,TBOC,7,230,0,Alive
2020,5,M. gigas,South,TBOC,7,231,0,Alive
2020,5,M. gigas,South,TBOC,7,232,0,Alive
2020,5,M. gigas,South,TBOC,7,233,0,Alive
2020,5,M. gigas,South,TBOC,7,234,0,Alive
2020,5,M. gigas,South,TBOC,7,235,0,Alive
2020,5,M. gigas,South,TBOC,7,236,0,Alive
2020,5,M. gigas,South,TBOC,7,237,0,Alive
2020,5,M. gigas,South,TBOC,7,238,0,Alive
2020,5,M. gigas,South,TBOC,7,239,0,Alive
2020,5,M. gigas,South,TBOC,7,240,0,Alive
2020,5,M. gigas,South,TBOC,7,241,0,Alive
2020,5,M. gigas,South,TBOC,7,242,0,Alive
2020,5,M. gigas,South,TBOC,7,243,0,Alive
2020,5,M. gigas,South,TBOC,7,244,0,Alive
2020,5,M. gigas,South,TBOC,7,245,0,Alive
2020,5,M. gigas,South,TBOC,7,246,0,Alive
2020,5,M. gigas,South,TBOC,7,247,0,Alive
2020,5,M. gigas,South,TBOC,7,248,0,Alive
2020,5,M. gigas,South,TBOC,7,249,0,Alive
2020,5,M. gigas,South,TBOC,7,250,0,Alive
2020,5,M. gigas,South,TBOC,8,1,1,Dead
2020,5,M. gigas,South,TBOC,8,2,1,Dead
2020,5,M. gigas,South,TBOC,8,3,1,Dead
2020,5,M. gigas,South,TBOC,8,4,1,Dead
2020,5,M. gigas,South,TBOC,8,5,1,Dead
2020,5,M. gigas,South,TBOC,8,6,1,Dead
2020,5,M. gigas,South,TBOC,8,7,1,Dead
2020,5,M. gigas,South,TBOC,8,8,0,Alive
2020,5,M. gigas,South,TBOC,8,9,0,Alive
2020,5,M. gigas,South,TBOC,8,10,0,Alive
2020,5,M. gigas,South,TBOC,8,11,0,Alive
2020,5,M. gigas,South,TBOC,8,12,0,Alive
2020,5,M. gigas,South,TBOC,8,13,0,Alive
2020,5,M. gigas,South,TBOC,8,14,0,Alive
2020,5,M. gigas,South,TBOC,8,15,0,Alive
2020,5,M. gigas,South,TBOC,8,16,0,Alive
2020,5,M. gigas,South,TBOC,8,17,0,Alive
2020,5,M. gigas,South,TBOC,8,18,0,Alive
2020,5,M. gigas,South,TBOC,8,19,0,Alive
2020,5,M. gigas,South,TBOC,8,20,0,Alive
2020,5,M. gigas,South,TBOC,8,21,0,Alive
2020,5,M. gigas,South,TBOC,8,22,0,Alive
2020,5,M. gigas,South,TBOC,8,23,0,Alive
2020,5,M. gigas,South,TBOC,8,24,0,Alive
2020,5,M. gigas,South,TBOC,8,25,0,Alive
2020,5,M. gigas,South,TBOC,8,26,0,Alive
2020,5,M. gigas,South,TBOC,8,27,0,Alive
2020,5,M. gigas,South,TBOC,8,28,0,Alive
2020,5,M. gigas,South,TBOC,8,29,0,Alive
2020,5,M. gigas,South,TBOC,8,30,0,Alive
2020,5,M. gigas,South,TBOC,8,31,0,Alive
2020,5,M. gigas,South,TBOC,8,32,0,Alive
2020,5,M. gigas,South,TBOC,8,33,0,Alive
2020,5,M. gigas,South,TBOC,8,34,0,Alive
2020,5,M. gigas,South,TBOC,8,35,0,Alive
2020,5,M. gigas,South,TBOC,8,36,0,Alive
2020,5,M. gigas,South,TBOC,8,37,0,Alive
2020,5,M. gigas,South,TBOC,8,38,0,Alive
2020,5,M. gigas,South,TBOC,8,39,0,Alive
2020,5,M. gigas,South,TBOC,8,40,0,Alive
2020,5,M. gigas,South,TBOC,8,41,0,Alive
2020,5,M. gigas,South,TBOC,8,42,0,Alive
2020,5,M. gigas,South,TBOC,8,43,0,Alive
2020,5,M. gigas,South,TBOC,8,44,0,Alive
2020,5,M. gigas,South,TBOC,8,45,0,Alive
2020,5,M. gigas,South,TBOC,8,46,0,Alive
2020,5,M. gigas,South,TBOC,8,47,0,Alive
2020,5,M. gigas,South,TBOC,8,48,0,Alive
2020,5,M. gigas,South,TBOC,8,49,0,Alive
2020,5,M. gigas,South,TBOC,8,50,0,Alive
2020,5,M. gigas,South,TBOC,8,51,0,Alive
2020,5,M. gigas,South,TBOC,8,52,0,Alive
2020,5,M. gigas,South,TBOC,8,53,0,Alive
2020,5,M. gigas,South,TBOC,8,54,0,Alive
2020,5,M. gigas,South,TBOC,8,55,0,Alive
2020,5,M. gigas,South,TBOC,8,56,0,Alive
2020,5,M. gigas,South,TBOC,8,57,0,Alive
2020,5,M. gigas,South,TBOC,8,58,0,Alive
2020,5,M. gigas,South,TBOC,8,59,0,Alive
2020,5,M. gigas,South,TBOC,8,60,0,Alive
2020,5,M. gigas,South,TBOC,8,61,0,Alive
2020,5,M. gigas,South,TBOC,8,62,0,Alive
2020,5,M. gigas,South,TBOC,8,63,0,Alive
2020,5,M. gigas,South,TBOC,8,64,0,Alive
2020,5,M. gigas,South,TBOC,8,65,0,Alive
2020,5,M. gigas,South,TBOC,8,66,0,Alive
2020,5,M. gigas,South,TBOC,8,67,0,Alive
2020,5,M. gigas,South,TBOC,8,68,0,Alive
2020,5,M. gigas,South,TBOC,8,69,0,Alive
2020,5,M. gigas,South,TBOC,8,70,0,Alive
2020,5,M. gigas,South,TBOC,8,71,0,Alive
2020,5,M. gigas,South,TBOC,8,72,0,Alive
2020,5,M. gigas,South,TBOC,8,73,0,Alive
2020,5,M. gigas,South,TBOC,8,74,0,Alive
2020,5,M. gigas,South,TBOC,8,75,0,Alive
2020,5,M. gigas,South,TBOC,8,76,0,Alive
2020,5,M. gigas,South,TBOC,8,77,0,Alive
2020,5,M. gigas,South,TBOC,8,78,0,Alive
2020,5,M. gigas,South,TBOC,8,79,0,Alive
2020,5,M. gigas,South,TBOC,8,80,0,Alive
2020,5,M. gigas,South,TBOC,8,81,0,Alive
2020,5,M. gigas,South,TBOC,8,82,0,Alive
2020,5,M. gigas,South,TBOC,8,83,0,Alive
2020,5,M. gigas,South,TBOC,8,84,0,Alive
2020,5,M. gigas,South,TBOC,8,85,0,Alive
2020,5,M. gigas,South,TBOC,8,86,0,Alive
2020,5,M. gigas,South,TBOC,8,87,0,Alive
2020,5,M. gigas,South,TBOC,8,88,0,Alive
2020,5,M. gigas,South,TBOC,8,89,0,Alive
2020,5,M. gigas,South,TBOC,8,90,0,Alive
2020,5,M. gigas,South,TBOC,8,91,0,Alive
2020,5,M. gigas,South,TBOC,8,92,0,Alive
2020,5,M. gigas,South,TBOC,8,93,0,Alive
2020,5,M. gigas,South,TBOC,8,94,0,Alive
2020,5,M. gigas,South,TBOC,8,95,0,Alive
2020,5,M. gigas,South,TBOC,8,96,0,Alive
2020,5,M. gigas,South,TBOC,8,97,0,Alive
2020,5,M. gigas,South,TBOC,8,98,0,Alive
2020,5,M. gigas,South,TBOC,8,99,0,Alive
2020,5,M. gigas,South,TBOC,8,100,0,Alive
2020,5,M. gigas,South,TBOC,8,101,0,Alive
2020,5,M. gigas,South,TBOC,8,102,0,Alive
2020,5,M. gigas,South,TBOC,8,103,0,Alive
2020,5,M. gigas,South,TBOC,8,104,0,Alive
2020,5,M. gigas,South,TBOC,8,105,0,Alive
2020,5,M. gigas,South,TBOC,8,106,0,Alive
2020,5,M. gigas,South,TBOC,8,107,0,Alive
2020,5,M. gigas,South,TBOC,8,108,0,Alive
2020,5,M. gigas,South,TBOC,8,109,0,Alive
2020,5,M. gigas,South,TBOC,8,110,0,Alive
2020,5,M. gigas,South,TBOC,8,111,0,Alive
2020,5,M. gigas,South,TBOC,8,112,0,Alive
2020,5,M. gigas,South,TBOC,8,113,0,Alive
2020,5,M. gigas,South,TBOC,8,114,0,Alive
2020,5,M. gigas,South,TBOC,8,115,0,Alive
2020,5,M. gigas,South,TBOC,8,116,0,Alive
2020,5,M. gigas,South,TBOC,8,117,0,Alive
2020,5,M. gigas,South,TBOC,8,118,0,Alive
2020,5,M. gigas,South,TBOC,8,119,0,Alive
2020,5,M. gigas,South,TBOC,8,120,0,Alive
2020,5,M. gigas,South,TBOC,8,121,0,Alive
2020,5,M. gigas,South,TBOC,8,122,0,Alive
2020,5,M. gigas,South,TBOC,8,123,0,Alive
2020,5,M. gigas,South,TBOC,8,124,0,Alive
2020,5,M. gigas,South,TBOC,8,125,0,Alive
2020,5,M. gigas,South,TBOC,8,126,0,Alive
2020,5,M. gigas,South,TBOC,8,127,0,Alive
2020,5,M. gigas,South,TBOC,8,128,0,Alive
2020,5,M. gigas,South,TBOC,8,129,0,Alive
2020,5,M. gigas,South,TBOC,8,130,0,Alive
2020,5,M. gigas,South,TBOC,8,131,0,Alive
2020,5,M. gigas,South,TBOC,8,132,0,Alive
2020,5,M. gigas,South,TBOC,8,133,0,Alive
2020,5,M. gigas,South,TBOC,8,134,0,Alive
2020,5,M. gigas,South,TBOC,8,135,0,Alive
2020,5,M. gigas,South,TBOC,8,136,0,Alive
2020,5,M. gigas,South,TBOC,8,137,0,Alive
2020,5,M. gigas,South,TBOC,8,138,0,Alive
2020,5,M. gigas,South,TBOC,8,139,0,Alive
2020,5,M. gigas,South,TBOC,8,140,0,Alive
2020,5,M. gigas,South,TBOC,8,141,0,Alive
2020,5,M. gigas,South,TBOC,8,142,0,Alive
2020,5,M. gigas,South,TBOC,8,143,0,Alive
2020,5,M. gigas,South,TBOC,8,144,0,Alive
2020,5,M. gigas,South,TBOC,8,145,0,Alive
2020,5,M. gigas,South,TBOC,8,146,0,Alive
2020,5,M. gigas,South,TBOC,8,147,0,Alive
2020,5,M. gigas,South,TBOC,8,148,0,Alive
2020,5,M. gigas,South,TBOC,8,149,0,Alive
2020,5,M. gigas,South,TBOC,8,150,0,Alive
2020,5,M. gigas,South,TBOC,8,151,0,Alive
2020,5,M. gigas,South,TBOC,8,152,0,Alive
2020,5,M. gigas,South,TBOC,8,153,0,Alive
2020,5,M. gigas,South,TBOC,8,154,0,Alive
2020,5,M. gigas,South,TBOC,8,155,0,Alive
2020,5,M. gigas,South,TBOC,8,156,0,Alive
2020,5,M. gigas,South,TBOC,8,157,0,Alive
2020,5,M. gigas,South,TBOC,8,158,0,Alive
2020,5,M. gigas,South,TBOC,8,159,0,Alive
2020,5,M. gigas,South,TBOC,8,160,0,Alive
2020,5,M. gigas,South,TBOC,8,161,0,Alive
2020,5,M. gigas,South,TBOC,8,162,0,Alive
2020,5,M. gigas,South,TBOC,8,163,0,Alive
2020,5,M. gigas,South,TBOC,8,164,0,Alive
2020,5,M. gigas,South,TBOC,8,165,0,Alive
2020,5,M. gigas,South,TBOC,8,166,0,Alive
2020,5,M. gigas,South,TBOC,8,167,0,Alive
2020,5,M. gigas,South,TBOC,8,168,0,Alive
2020,5,M. gigas,South,TBOC,8,169,0,Alive
2020,5,M. gigas,South,TBOC,8,170,0,Alive
2020,5,M. gigas,South,TBOC,8,171,0,Alive
2020,5,M. gigas,South,TBOC,8,172,0,Alive
2020,5,M. gigas,South,TBOC,8,173,0,Alive
2020,5,M. gigas,South,TBOC,8,174,0,Alive
2020,5,M. gigas,South,TBOC,8,175,0,Alive
2020,5,M. gigas,South,TBOC,8,176,0,Alive
2020,5,M. gigas,South,TBOC,8,177,0,Alive
2020,5,M. gigas,South,TBOC,8,178,0,Alive
2020,5,M. gigas,South,TBOC,8,179,0,Alive
2020,5,M. gigas,South,TBOC,8,180,0,Alive
2020,5,M. gigas,South,TBOC,8,181,0,Alive
2020,5,M. gigas,South,TBOC,8,182,0,Alive
2020,5,M. gigas,South,TBOC,8,183,0,Alive
2020,5,M. gigas,South,TBOC,8,184,0,Alive
2020,5,M. gigas,South,TBOC,8,185,0,Alive
2020,5,M. gigas,South,TBOC,8,186,0,Alive
2020,5,M. gigas,South,TBOC,8,187,0,Alive
2020,5,M. gigas,South,TBOC,8,188,0,Alive
2020,5,M. gigas,South,TBOC,8,189,0,Alive
2020,5,M. gigas,South,TBOC,8,190,0,Alive
2020,5,M. gigas,South,TBOC,8,191,0,Alive
2020,5,M. gigas,South,TBOC,8,192,0,Alive
2020,5,M. gigas,South,TBOC,8,193,0,Alive
2020,5,M. gigas,South,TBOC,8,194,0,Alive
2020,5,M. gigas,South,TBOC,8,195,0,Alive
2020,5,M. gigas,South,TBOC,8,196,0,Alive
2020,5,M. gigas,South,TBOC,8,197,0,Alive
2020,5,M. gigas,South,TBOC,8,198,0,Alive
2020,5,M. gigas,South,TBOC,8,199,0,Alive
2020,5,M. gigas,South,TBOC,8,200,0,Alive
2020,5,M. gigas,South,TBOC,8,201,0,Alive
2020,5,M. gigas,South,TBOC,8,202,0,Alive
2020,5,M. gigas,South,TBOC,8,203,0,Alive
2020,5,M. gigas,South,TBOC,8,204,0,Alive
2020,5,M. gigas,South,TBOC,8,205,0,Alive
2020,5,M. gigas,South,TBOC,8,206,0,Alive
2020,5,M. gigas,South,TBOC,8,207,0,Alive
2020,5,M. gigas,South,TBOC,8,208,0,Alive
2020,5,M. gigas,South,TBOC,8,209,0,Alive
2020,5,M. gigas,South,TBOC,8,210,0,Alive
2020,5,M. gigas,South,TBOC,8,211,0,Alive
2020,5,M. gigas,South,TBOC,8,212,0,Alive
2020,5,M. gigas,South,TBOC,8,213,0,Alive
2020,5,M. gigas,South,TBOC,8,214,0,Alive
2020,5,M. gigas,South,TBOC,8,215,0,Alive
2020,5,M. gigas,South,TBOC,8,216,0,Alive
2020,5,M. gigas,South,TBOC,8,217,0,Alive
2020,5,M. gigas,South,TBOC,8,218,0,Alive
2020,5,M. gigas,South,TBOC,8,219,0,Alive
2020,5,M. gigas,South,TBOC,8,220,0,Alive
2020,5,M. gigas,South,TBOC,8,221,0,Alive
2020,5,M. gigas,South,TBOC,8,222,0,Alive
2020,5,M. gigas,South,TBOC,8,223,0,Alive
2020,5,M. gigas,South,TBOC,8,224,0,Alive
2020,5,M. gigas,South,TBOC,8,225,0,Alive
2020,5,M. gigas,South,TBOC,8,226,0,Alive
2020,5,M. gigas,South,TBOC,8,227,0,Alive
2020,5,M. gigas,South,TBOC,8,228,0,Alive
2020,5,M. gigas,South,TBOC,8,229,0,Alive
2020,5,M. gigas,South,TBOC,8,230,0,Alive
2020,5,M. gigas,South,TBOC,8,231,0,Alive
2020,5,M. gigas,South,TBOC,8,232,0,Alive
2020,5,M. gigas,South,TBOC,8,233,0,Alive
2020,5,M. gigas,South,TBOC,8,234,0,Alive
2020,5,M. gigas,South,TBOC,8,235,0,Alive
2020,5,M. gigas,South,TBOC,8,236,0,Alive
2020,5,M. gigas,South,TBOC,8,237,0,Alive
2020,5,M. gigas,South,TBOC,8,238,0,Alive
2020,5,M. gigas,South,TBOC,8,239,0,Alive
2020,5,M. gigas,South,TBOC,8,240,0,Alive
2020,5,M. gigas,South,TBOC,8,241,0,Alive
2020,5,M. gigas,South,TBOC,8,242,0,Alive
2020,5,M. gigas,South,TBOC,8,243,0,Alive
2020,5,M. gigas,South,TBOC,8,244,0,Alive
2020,5,M. gigas,South,TBOC,8,245,0,Alive
2020,5,M. gigas,South,TBOC,8,246,0,Alive
2020,5,M. gigas,South,TBOC,8,247,0,Alive
2020,5,M. gigas,South,TBOC,8,248,0,Alive
2020,5,M. gigas,South,TBOC,8,249,0,Alive
2020,5,M. gigas,South,TBOC,8,250,0,Alive
