Year,Sampling_Time,Site,Location,Species,SH_Tide,SH_Temp,Bag,Rep,L,W
2021,1,Middle,BBOC,M. gigas,No Tide,21,51,1,2.282,1.89
2021,1,Middle,BBOC,M. gigas,No Tide,21,51,2,2.922,1.732
2021,1,Middle,BBOC,M. gigas,No Tide,21,51,3,2.287,1.649
2021,1,Middle,BBOC,M. gigas,No Tide,21,51,4,2.315,2.093
2021,1,Middle,BBOC,M. gigas,No Tide,21,51,5,2.587,1.977
2021,1,Middle,BBOC,M. gigas,No Tide,21,51,6,2.094,1.849
2021,1,Middle,BBOC,M. gigas,No Tide,21,51,7,1.987,1.794
2021,1,Middle,BBOC,M. gigas,No Tide,21,51,8,2.294,1.745
2021,1,Middle,BBOC,M. gigas,No Tide,21,51,9,2.952,1.863
2021,1,Middle,BBOC,M. gigas,No Tide,21,51,10,2.315,1.686
2021,1,Middle,BBOC,M. gigas,No Tide,21,52,1,2.544,1.977
2021,1,Middle,BBOC,M. gigas,No Tide,21,52,2,2.117,1.745
2021,1,Middle,BBOC,M. gigas,No Tide,21,52,3,3.096,2.18
2021,1,Middle,BBOC,M. gigas,No Tide,21,52,4,2.64,2.032
2021,1,Middle,BBOC,M. gigas,No Tide,21,52,5,2.253,1.775
2021,1,Middle,BBOC,M. gigas,No Tide,21,52,6,2.469,1.753
2021,1,Middle,BBOC,M. gigas,No Tide,21,52,7,2.485,1.817
2021,1,Middle,BBOC,M. gigas,No Tide,21,52,8,2.274,1.718
2021,1,Middle,BBOC,M. gigas,No Tide,21,52,9,2.91,1.891
2021,1,Middle,BBOC,M. gigas,No Tide,21,52,10,2.447,1.913
2021,1,Middle,BBOC,M. gigas,No Tide,21,53,1,3.069,2.239
2021,1,Middle,BBOC,M. gigas,No Tide,21,53,2,2.976,1.878
2021,1,Middle,BBOC,M. gigas,No Tide,21,53,3,2.891,1.986
2021,1,Middle,BBOC,M. gigas,No Tide,21,53,4,2.084,1.518
2021,1,Middle,BBOC,M. gigas,No Tide,21,53,5,2.327,1.639
2021,1,Middle,BBOC,M. gigas,No Tide,21,53,6,2.97,1.926
2021,1,Middle,BBOC,M. gigas,No Tide,21,53,7,2.417,1.868
2021,1,Middle,BBOC,M. gigas,No Tide,21,53,8,2.648,2.148
2021,1,Middle,BBOC,M. gigas,No Tide,21,53,9,2.486,1.893
2021,1,Middle,BBOC,M. gigas,No Tide,21,53,10,2.313,1.972
2021,1,Middle,BBOC,M. gigas,No Tide,16,54,1,3.182,1.853
2021,1,Middle,BBOC,M. gigas,No Tide,16,54,2,2.61,1.94
2021,1,Middle,BBOC,M. gigas,No Tide,16,54,3,2,2.042
2021,1,Middle,BBOC,M. gigas,No Tide,16,54,4,3.506,2.521
2021,1,Middle,BBOC,M. gigas,No Tide,16,54,5,2.39,2.016
2021,1,Middle,BBOC,M. gigas,No Tide,16,54,6,2.944,2.084
2021,1,Middle,BBOC,M. gigas,No Tide,16,54,7,2.186,2.361
2021,1,Middle,BBOC,M. gigas,No Tide,16,54,8,2.9,1.961
2021,1,Middle,BBOC,M. gigas,No Tide,16,54,9,2.39,1.867
2021,1,Middle,BBOC,M. gigas,No Tide,16,54,10,2.39,1.862
2021,1,Middle,BBOC,M. gigas,No Tide,16,55,1,3.108,2.084
2021,1,Middle,BBOC,M. gigas,No Tide,16,55,2,3.247,2.223
2021,1,Middle,BBOC,M. gigas,No Tide,16,55,3,2.267,1.592
2021,1,Middle,BBOC,M. gigas,No Tide,16,55,4,2.58,1.915
2021,1,Middle,BBOC,M. gigas,No Tide,16,55,5,2.959,2.536
2021,1,Middle,BBOC,M. gigas,No Tide,16,55,6,2.892,2.042
2021,1,Middle,BBOC,M. gigas,No Tide,16,55,7,1.447,1.697
2021,1,Middle,BBOC,M. gigas,No Tide,16,55,8,3.189,2.027
2021,1,Middle,BBOC,M. gigas,No Tide,16,55,9,1.906,1.63
2021,1,Middle,BBOC,M. gigas,No Tide,16,55,10,2.945,1.481
2021,1,Middle,BBOC,M. gigas,No Tide,16,56,1,3.029,1.991
2021,1,Middle,BBOC,M. gigas,No Tide,16,56,2,2.937,1.874
2021,1,Middle,BBOC,M. gigas,No Tide,16,56,3,3.397,2.23
2021,1,Middle,BBOC,M. gigas,No Tide,16,56,4,2.726,1.895
2021,1,Middle,BBOC,M. gigas,No Tide,16,56,5,2.661,2.191
2021,1,Middle,BBOC,M. gigas,No Tide,16,56,6,2.792,1.822
2021,1,Middle,BBOC,M. gigas,No Tide,16,56,7,2.362,1.721
2021,1,Middle,BBOC,M. gigas,No Tide,16,56,8,3.399,2.106
2021,1,Middle,BBOC,M. gigas,No Tide,16,56,9,3.003,2.158
2021,1,Middle,BBOC,M. gigas,No Tide,16,56,10,3.53,2.211
2021,4,Middle,BBOC,M. gigas,No Tide,21,51,1,3.893,2.594
2021,4,Middle,BBOC,M. gigas,No Tide,21,51,2,3.777,2.493
2021,4,Middle,BBOC,M. gigas,No Tide,21,51,3,3.428,3.277
2021,4,Middle,BBOC,M. gigas,No Tide,21,51,4,3.584,2.546
2021,4,Middle,BBOC,M. gigas,No Tide,21,51,5,3.9,2.449
2021,4,Middle,BBOC,M. gigas,No Tide,21,51,6,4.374,3.026
2021,4,Middle,BBOC,M. gigas,No Tide,21,51,7,3.823,2.582
2021,4,Middle,BBOC,M. gigas,No Tide,21,51,8,3.231,2.371
2021,4,Middle,BBOC,M. gigas,No Tide,21,51,9,3.029,2.491
2021,4,Middle,BBOC,M. gigas,No Tide,21,51,10,2.816,2.836
2021,4,Middle,BBOC,M. gigas,No Tide,21,52,1,3.459,2.413
2021,4,Middle,BBOC,M. gigas,No Tide,21,52,2,3.291,2.241
2021,4,Middle,BBOC,M. gigas,No Tide,21,52,3,3.721,2.975
2021,4,Middle,BBOC,M. gigas,No Tide,21,52,4,3.173,2.397
2021,4,Middle,BBOC,M. gigas,No Tide,21,52,5,3.711,2.736
2021,4,Middle,BBOC,M. gigas,No Tide,21,52,6,3.796,3.251
2021,4,Middle,BBOC,M. gigas,No Tide,21,52,7,3.267,2.694
2021,4,Middle,BBOC,M. gigas,No Tide,21,52,8,3.933,2.582
2021,4,Middle,BBOC,M. gigas,No Tide,21,52,9,2.95,2.566
2021,4,Middle,BBOC,M. gigas,No Tide,21,52,10,4.161,3.017
2021,4,Middle,BBOC,M. gigas,No Tide,21,53,1,4.395,3.018
2021,4,Middle,BBOC,M. gigas,No Tide,21,53,2,3.466,2.645
2021,4,Middle,BBOC,M. gigas,No Tide,21,53,3,4.391,2.542
2021,4,Middle,BBOC,M. gigas,No Tide,21,53,4,4.49,3.092
2021,4,Middle,BBOC,M. gigas,No Tide,21,53,5,3.901,2.56
2021,4,Middle,BBOC,M. gigas,No Tide,21,53,6,4.709,3.361
2021,4,Middle,BBOC,M. gigas,No Tide,21,53,7,2.571,2.995
2021,4,Middle,BBOC,M. gigas,No Tide,21,53,8,3.363,3.001
2021,4,Middle,BBOC,M. gigas,No Tide,21,53,9,4.52,3.061
2021,4,Middle,BBOC,M. gigas,No Tide,21,53,10,4.387,2.529
2021,4,Middle,BBOC,M. gigas,No Tide,16,54,1,3.877,2.649
2021,4,Middle,BBOC,M. gigas,No Tide,16,54,2,2.533,2.282
2021,4,Middle,BBOC,M. gigas,No Tide,16,54,3,3.638,2.549
2021,4,Middle,BBOC,M. gigas,No Tide,16,54,4,3.497,2.548
2021,4,Middle,BBOC,M. gigas,No Tide,16,54,5,3.935,2.252
2021,4,Middle,BBOC,M. gigas,No Tide,16,54,6,4.373,2.971
2021,4,Middle,BBOC,M. gigas,No Tide,16,54,7,2.925,3.05
2021,4,Middle,BBOC,M. gigas,No Tide,16,54,8,2.984,2.319
2021,4,Middle,BBOC,M. gigas,No Tide,16,54,9,4.532,2.894
2021,4,Middle,BBOC,M. gigas,No Tide,16,55,1,3.887,2.436
2021,4,Middle,BBOC,M. gigas,No Tide,16,55,2,4.256,2.46
2021,4,Middle,BBOC,M. gigas,No Tide,16,55,3,3.514,2.686
2021,4,Middle,BBOC,M. gigas,No Tide,16,55,4,3.217,1.998
2021,4,Middle,BBOC,M. gigas,No Tide,16,55,5,3.13,2.279
2021,4,Middle,BBOC,M. gigas,No Tide,16,55,6,3.882,2.889
2021,4,Middle,BBOC,M. gigas,No Tide,16,55,7,3.213,3.31
2021,4,Middle,BBOC,M. gigas,No Tide,16,55,8,3.468,2.351
2021,4,Middle,BBOC,M. gigas,No Tide,16,55,9,3.516,2.518
2021,4,Middle,BBOC,M. gigas,No Tide,16,56,1,5.037,2.949
2021,4,Middle,BBOC,M. gigas,No Tide,16,56,3,3.744,2.675
2021,4,Middle,BBOC,M. gigas,No Tide,16,56,4,4.77,3.099
2021,4,Middle,BBOC,M. gigas,No Tide,16,56,5,4,2.28
2021,4,Middle,BBOC,M. gigas,No Tide,16,56,6,4.246,2.858
2021,4,Middle,BBOC,M. gigas,No Tide,16,56,7,4.556,3.19
2021,4,Middle,BBOC,M. gigas,No Tide,16,56,8,4.278,2.69
2021,4,Middle,BBOC,M. gigas,No Tide,16,56,9,4.075,2.901
2021,4,Middle,BBOC,M. gigas,No Tide,16,56,10,4.805,2.633
2021,1,North,HIOC,M. gigas,No Tide,21,41,1,2.367,2.064
2021,1,North,HIOC,M. gigas,No Tide,21,41,2,2.33,1.698
2021,1,North,HIOC,M. gigas,No Tide,21,41,3,1.646,1.426
2021,1,North,HIOC,M. gigas,No Tide,21,41,4,2.513,1.825
2021,1,North,HIOC,M. gigas,No Tide,21,41,5,2.579,1.945
2021,1,North,HIOC,M. gigas,No Tide,21,41,6,2.795,1.998
2021,1,North,HIOC,M. gigas,No Tide,21,41,7,2.312,1.634
2021,1,North,HIOC,M. gigas,No Tide,21,41,8,2.404,1.779
2021,1,North,HIOC,M. gigas,No Tide,21,41,9,2.402,1.74
2021,1,North,HIOC,M. gigas,No Tide,21,41,10,2.212,2.013
2021,1,North,HIOC,M. gigas,No Tide,21,42,1,3.321,2.054
2021,1,North,HIOC,M. gigas,No Tide,21,42,2,2.637,1.988
2021,1,North,HIOC,M. gigas,No Tide,21,42,3,2.698,2.175
2021,1,North,HIOC,M. gigas,No Tide,21,42,4,2.832,1.817
2021,1,North,HIOC,M. gigas,No Tide,21,42,5,2.322,1.904
2021,1,North,HIOC,M. gigas,No Tide,21,42,6,3.122,1.999
2021,1,North,HIOC,M. gigas,No Tide,21,42,7,2.182,1.688
2021,1,North,HIOC,M. gigas,No Tide,21,42,8,1.976,1.655
2021,1,North,HIOC,M. gigas,No Tide,21,42,9,2.123,1.579
2021,1,North,HIOC,M. gigas,No Tide,21,42,10,2.276,1.813
2021,1,North,HIOC,M. gigas,No Tide,21,43,1,2.654,2.123
2021,1,North,HIOC,M. gigas,No Tide,21,43,2,2.355,1.659
2021,1,North,HIOC,M. gigas,No Tide,21,43,3,3.053,1.846
2021,1,North,HIOC,M. gigas,No Tide,21,43,4,3.568,2.079
2021,1,North,HIOC,M. gigas,No Tide,21,43,5,2.136,1.581
2021,1,North,HIOC,M. gigas,No Tide,21,43,6,2.337,1.986
2021,1,North,HIOC,M. gigas,No Tide,21,43,7,2.44,1.504
2021,1,North,HIOC,M. gigas,No Tide,21,43,8,2.243,1.748
2021,1,North,HIOC,M. gigas,No Tide,21,43,9,2.669,1.942
2021,1,North,HIOC,M. gigas,No Tide,21,43,10,2.846,2.122
2021,1,North,HIOC,M. gigas,No Tide,16,44,1,1.872,1.877
2021,1,North,HIOC,M. gigas,No Tide,16,44,2,2.15,1.72
2021,1,North,HIOC,M. gigas,No Tide,16,44,3,2.222,1.615
2021,1,North,HIOC,M. gigas,No Tide,16,44,4,2.129,2.117
2021,1,North,HIOC,M. gigas,No Tide,16,44,5,1.854,1.618
2021,1,North,HIOC,M. gigas,No Tide,16,44,6,2.058,1.897
2021,1,North,HIOC,M. gigas,No Tide,16,44,7,2.033,1.765
2021,1,North,HIOC,M. gigas,No Tide,16,44,8,2.012,1.678
2021,1,North,HIOC,M. gigas,No Tide,16,44,9,1.812,1.706
2021,1,North,HIOC,M. gigas,No Tide,16,44,10,1.716,1.64
2021,1,North,HIOC,M. gigas,No Tide,16,45,1,2.661,1.986
2021,1,North,HIOC,M. gigas,No Tide,16,45,2,2.232,1.898
2021,1,North,HIOC,M. gigas,No Tide,16,45,3,3.099,1.941
2021,1,North,HIOC,M. gigas,No Tide,16,45,4,2.427,2.118
2021,1,North,HIOC,M. gigas,No Tide,16,45,5,2.853,1.956
2021,1,North,HIOC,M. gigas,No Tide,16,45,6,2.382,1.955
2021,1,North,HIOC,M. gigas,No Tide,16,45,7,1.809,1.53
2021,1,North,HIOC,M. gigas,No Tide,16,45,8,2.72,1.868
2021,1,North,HIOC,M. gigas,No Tide,16,45,9,1.961,1.676
2021,1,North,HIOC,M. gigas,No Tide,16,45,10,2.349,2.004
2021,1,North,HIOC,M. gigas,No Tide,16,46,1,3.287,1.963
2021,1,North,HIOC,M. gigas,No Tide,16,46,2,2.981,2.31
2021,1,North,HIOC,M. gigas,No Tide,16,46,3,3.241,1.817
2021,1,North,HIOC,M. gigas,No Tide,16,46,4,2.589,1.808
2021,1,North,HIOC,M. gigas,No Tide,16,46,5,2.48,2.033
2021,1,North,HIOC,M. gigas,No Tide,16,46,6,2.735,1.794
2021,1,North,HIOC,M. gigas,No Tide,16,46,7,1.718,1.796
2021,1,North,HIOC,M. gigas,No Tide,16,46,8,2.568,2.044
2021,1,North,HIOC,M. gigas,No Tide,16,46,9,2.965,2
2021,1,North,HIOC,M. gigas,No Tide,16,46,10,2.41,1.673
2021,4,North,HIOC,M. gigas,No Tide,21,41,1,3.576,2.488
2021,4,North,HIOC,M. gigas,No Tide,21,41,2,3.199,2.879
2021,4,North,HIOC,M. gigas,No Tide,21,41,3,4.784,2.916
2021,4,North,HIOC,M. gigas,No Tide,21,41,4,3.469,2.458
2021,4,North,HIOC,M. gigas,No Tide,21,41,5,4.07,3.068
2021,4,North,HIOC,M. gigas,No Tide,21,41,6,3.874,2.762
2021,4,North,HIOC,M. gigas,No Tide,21,41,7,2.785,2.254
2021,4,North,HIOC,M. gigas,No Tide,21,41,8,3.284,2.57
2021,4,North,HIOC,M. gigas,No Tide,21,41,9,3.81,2.264
2021,4,North,HIOC,M. gigas,No Tide,21,41,10,3.515,2.269
2021,4,North,HIOC,M. gigas,No Tide,21,42,1,3.401,2.582
2021,4,North,HIOC,M. gigas,No Tide,21,42,2,2.915,2.193
2021,4,North,HIOC,M. gigas,No Tide,21,42,3,2.783,2.313
2021,4,North,HIOC,M. gigas,No Tide,21,42,4,3.903,2.966
2021,4,North,HIOC,M. gigas,No Tide,21,42,5,3.647,2.588
2021,4,North,HIOC,M. gigas,No Tide,21,42,6,2.795,2.06
2021,4,North,HIOC,M. gigas,No Tide,21,42,7,3.688,2.462
2021,4,North,HIOC,M. gigas,No Tide,21,42,8,2.813,2.069
2021,4,North,HIOC,M. gigas,No Tide,21,42,9,2.961,2.08
2021,4,North,HIOC,M. gigas,No Tide,21,43,1,3.113,2.519
2021,4,North,HIOC,M. gigas,No Tide,21,43,2,2.559,1.82
2021,4,North,HIOC,M. gigas,No Tide,21,43,3,3.179,2.272
2021,4,North,HIOC,M. gigas,No Tide,21,43,4,2.587,2.296
2021,4,North,HIOC,M. gigas,No Tide,21,43,5,3.632,2.635
2021,4,North,HIOC,M. gigas,No Tide,21,43,6,2.569,2.695
2021,4,North,HIOC,M. gigas,No Tide,21,43,7,3.963,2.577
2021,4,North,HIOC,M. gigas,No Tide,21,43,8,2.994,2.199
2021,4,North,HIOC,M. gigas,No Tide,21,43,9,2.577,2.323
2021,4,North,HIOC,M. gigas,No Tide,21,43,10,3.094,2.912
2021,4,North,HIOC,M. gigas,No Tide,16,44,1,4.122,2.545
2021,4,North,HIOC,M. gigas,No Tide,16,44,2,4.223,2.908
2021,4,North,HIOC,M. gigas,No Tide,16,44,3,3.083,2.463
2021,4,North,HIOC,M. gigas,No Tide,16,44,4,3.746,2.548
2021,4,North,HIOC,M. gigas,No Tide,16,44,5,3.966,2.71
2021,4,North,HIOC,M. gigas,No Tide,16,44,6,3.126,2.53
2021,4,North,HIOC,M. gigas,No Tide,16,44,7,2.638,2.084
2021,4,North,HIOC,M. gigas,No Tide,16,44,8,3.464,2.324
2021,4,North,HIOC,M. gigas,No Tide,16,44,9,2.682,2.645
2021,4,North,HIOC,M. gigas,No Tide,16,44,10,3.383,2.371
2021,4,North,HIOC,M. gigas,No Tide,16,45,1,2.532,2.155
2021,4,North,HIOC,M. gigas,No Tide,16,45,2,3.111,2.068
2021,4,North,HIOC,M. gigas,No Tide,16,45,3,2.84,2.012
2021,4,North,HIOC,M. gigas,No Tide,16,45,4,3.565,1.976
2021,4,North,HIOC,M. gigas,No Tide,16,45,5,2.403,2.438
2021,4,North,HIOC,M. gigas,No Tide,16,45,6,2.462,2.056
2021,4,North,HIOC,M. gigas,No Tide,16,45,7,2.754,2.01
2021,4,North,HIOC,M. gigas,No Tide,16,45,8,2.913,2.012
2021,4,North,HIOC,M. gigas,No Tide,16,45,9,2.418,2.258
2021,4,North,HIOC,M. gigas,No Tide,16,45,10,2.925,2.071
2021,4,North,HIOC,M. gigas,No Tide,16,46,2,3.453,2.259
2021,4,North,HIOC,M. gigas,No Tide,16,46,3,3.854,2.283
2021,4,North,HIOC,M. gigas,No Tide,16,46,4,4.266,2.654
2021,4,North,HIOC,M. gigas,No Tide,16,46,5,3.313,1.998
2021,4,North,HIOC,M. gigas,No Tide,16,46,6,3.148,2.143
2021,4,North,HIOC,M. gigas,No Tide,16,46,7,3.626,2.98
2021,4,North,HIOC,M. gigas,No Tide,16,46,8,3.187,2.026
2021,4,North,HIOC,M. gigas,No Tide,16,46,9,3.426,2.056
2021,4,North,HIOC,M. gigas,No Tide,16,46,10,3.577,2.205
2021,1,South,TBOC,M. gigas,No Tide,21,61,1,2.937,2.084
2021,1,South,TBOC,M. gigas,No Tide,21,61,2,2.96,1.886
2021,1,South,TBOC,M. gigas,No Tide,21,61,3,2.82,1.977
2021,1,South,TBOC,M. gigas,No Tide,21,61,4,2.255,1.506
2021,1,South,TBOC,M. gigas,No Tide,21,61,5,2.557,1.615
2021,1,South,TBOC,M. gigas,No Tide,21,61,6,2.929,2.018
2021,1,South,TBOC,M. gigas,No Tide,21,61,7,2.891,1.988
2021,1,South,TBOC,M. gigas,No Tide,21,61,8,3.306,1.775
2021,1,South,TBOC,M. gigas,No Tide,21,61,9,2.192,1.994
2021,1,South,TBOC,M. gigas,No Tide,21,61,10,2.346,1.798
2021,1,South,TBOC,M. gigas,No Tide,21,62,1,2.66,1.783
2021,1,South,TBOC,M. gigas,No Tide,21,62,2,2.518,2.054
2021,1,South,TBOC,M. gigas,No Tide,21,62,3,2.054,1.827
2021,1,South,TBOC,M. gigas,No Tide,21,62,4,2.346,1.809
2021,1,South,TBOC,M. gigas,No Tide,21,62,5,3.007,1.696
2021,1,South,TBOC,M. gigas,No Tide,21,62,6,2.581,1.84
2021,1,South,TBOC,M. gigas,No Tide,21,62,7,2.575,1.9
2021,1,South,TBOC,M. gigas,No Tide,21,62,8,2.146,1.795
2021,1,South,TBOC,M. gigas,No Tide,21,62,9,3.155,2.124
2021,1,South,TBOC,M. gigas,No Tide,21,62,10,2.239,1.766
2021,1,South,TBOC,M. gigas,No Tide,21,63,1,2.26,1.625
2021,1,South,TBOC,M. gigas,No Tide,21,63,2,3.099,2.131
2021,1,South,TBOC,M. gigas,No Tide,21,63,3,2.21,1.75
2021,1,South,TBOC,M. gigas,No Tide,21,63,4,2.611,1.766
2021,1,South,TBOC,M. gigas,No Tide,21,63,5,2.618,2.144
2021,1,South,TBOC,M. gigas,No Tide,21,63,6,2.699,1.855
2021,1,South,TBOC,M. gigas,No Tide,21,63,7,2.761,2.023
2021,1,South,TBOC,M. gigas,No Tide,21,63,8,2.737,1.857
2021,1,South,TBOC,M. gigas,No Tide,21,63,9,3.203,2.1
2021,1,South,TBOC,M. gigas,No Tide,21,63,10,2.544,1.809
2021,1,South,TBOC,M. gigas,No Tide,16,64,1,2.608,1.652
2021,1,South,TBOC,M. gigas,No Tide,16,64,2,2.619,2.015
2021,1,South,TBOC,M. gigas,No Tide,16,64,3,2.746,2.164
2021,1,South,TBOC,M. gigas,No Tide,16,64,4,2.544,2.429
2021,1,South,TBOC,M. gigas,No Tide,16,64,5,2.384,1.623
2021,1,South,TBOC,M. gigas,No Tide,16,64,6,2.101,1.654
2021,1,South,TBOC,M. gigas,No Tide,16,64,7,3.037,2.047
2021,1,South,TBOC,M. gigas,No Tide,16,64,8,2.803,1.669
2021,1,South,TBOC,M. gigas,No Tide,16,64,9,2.598,1.667
2021,1,South,TBOC,M. gigas,No Tide,16,64,10,2.171,1.689
2021,1,South,TBOC,M. gigas,No Tide,16,65,1,2.881,2.091
2021,1,South,TBOC,M. gigas,No Tide,16,65,2,1.989,1.535
2021,1,South,TBOC,M. gigas,No Tide,16,65,3,3.431,2.123
2021,1,South,TBOC,M. gigas,No Tide,16,65,4,2.889,2.135
2021,1,South,TBOC,M. gigas,No Tide,16,65,5,2.971,1.996
2021,1,South,TBOC,M. gigas,No Tide,16,65,6,2.885,1.808
2021,1,South,TBOC,M. gigas,No Tide,16,65,7,3.019,1.831
2021,1,South,TBOC,M. gigas,No Tide,16,65,8,2.725,1.938
2021,1,South,TBOC,M. gigas,No Tide,16,65,9,2.319,1.628
2021,1,South,TBOC,M. gigas,No Tide,16,65,10,2.661,1.756
2021,1,South,TBOC,M. gigas,No Tide,16,66,1,2.59,1.952
2021,1,South,TBOC,M. gigas,No Tide,16,66,2,2.224,1.594
2021,1,South,TBOC,M. gigas,No Tide,16,66,3,2.902,1.967
2021,1,South,TBOC,M. gigas,No Tide,16,66,4,1.934,1.667
2021,1,South,TBOC,M. gigas,No Tide,16,66,5,2.903,1.755
2021,1,South,TBOC,M. gigas,No Tide,16,66,6,2.472,1.8
2021,1,South,TBOC,M. gigas,No Tide,16,66,7,2.108,1.669
2021,1,South,TBOC,M. gigas,No Tide,16,66,8,2.033,1.551
2021,1,South,TBOC,M. gigas,No Tide,16,66,9,2.471,1.624
2021,1,South,TBOC,M. gigas,No Tide,16,66,10,2.88,1.786
2021,4,South,TBOC,M. gigas,No Tide,21,61,1,2.872,2.511
2021,4,South,TBOC,M. gigas,No Tide,21,61,2,2.642,2.127
2021,4,South,TBOC,M. gigas,No Tide,21,61,3,2.323,2.51
2021,4,South,TBOC,M. gigas,No Tide,21,61,4,2.631,2.57
2021,4,South,TBOC,M. gigas,No Tide,21,61,5,3.114,2.096
2021,4,South,TBOC,M. gigas,No Tide,21,61,6,3.483,2.318
2021,4,South,TBOC,M. gigas,No Tide,21,61,7,3.167,2.658
2021,4,South,TBOC,M. gigas,No Tide,21,61,8,3.027,1.966
2021,4,South,TBOC,M. gigas,No Tide,21,61,9,3.365,2.143
2021,4,South,TBOC,M. gigas,No Tide,21,61,10,3.106,2.601
2021,4,South,TBOC,M. gigas,No Tide,21,62,1,2.213,1.96
2021,4,South,TBOC,M. gigas,No Tide,21,62,2,2.586,2.05
2021,4,South,TBOC,M. gigas,No Tide,21,62,3,3.252,2.488
2021,4,South,TBOC,M. gigas,No Tide,21,62,4,2.676,1.996
2021,4,South,TBOC,M. gigas,No Tide,21,62,5,2.678,2.278
2021,4,South,TBOC,M. gigas,No Tide,21,62,6,2.571,2.009
2021,4,South,TBOC,M. gigas,No Tide,21,62,7,2.798,2.225
2021,4,South,TBOC,M. gigas,No Tide,21,62,8,3.191,2.052
2021,4,South,TBOC,M. gigas,No Tide,21,62,9,2.495,1.892
2021,4,South,TBOC,M. gigas,No Tide,21,62,10,2.684,1.818
2021,4,South,TBOC,M. gigas,No Tide,21,63,1,3.359,2.317
2021,4,South,TBOC,M. gigas,No Tide,21,63,2,2.976,1.795
2021,4,South,TBOC,M. gigas,No Tide,21,63,3,2.347,1.757
2021,4,South,TBOC,M. gigas,No Tide,21,63,4,2.653,1.944
2021,4,South,TBOC,M. gigas,No Tide,21,63,5,2.776,2.362
2021,4,South,TBOC,M. gigas,No Tide,21,63,6,3.036,2.019
2021,4,South,TBOC,M. gigas,No Tide,21,63,7,3.395,1.983
2021,4,South,TBOC,M. gigas,No Tide,21,63,8,2.385,1.686
2021,4,South,TBOC,M. gigas,No Tide,21,63,9,2.735,1.776
2021,4,South,TBOC,M. gigas,No Tide,21,63,10,2.973,2.105
2021,4,South,TBOC,M. gigas,No Tide,16,64,1,3.122,2.613
2021,4,South,TBOC,M. gigas,No Tide,16,64,2,2.44,2.442
2021,4,South,TBOC,M. gigas,No Tide,16,64,3,3.501,2.366
2021,4,South,TBOC,M. gigas,No Tide,16,64,4,3.206,2.485
2021,4,South,TBOC,M. gigas,No Tide,16,64,5,3.066,2.295
2021,4,South,TBOC,M. gigas,No Tide,16,64,6,3.205,2.066
2021,4,South,TBOC,M. gigas,No Tide,16,64,7,2.705,2.626
2021,4,South,TBOC,M. gigas,No Tide,16,64,8,2.783,1.837
2021,4,South,TBOC,M. gigas,No Tide,16,64,9,2.897,2.762
2021,4,South,TBOC,M. gigas,No Tide,16,64,10,2.781,1.904
2021,4,South,TBOC,M. gigas,No Tide,16,65,1,3.099,1.696
2021,4,South,TBOC,M. gigas,No Tide,16,65,2,3.171,2.596
2021,4,South,TBOC,M. gigas,No Tide,16,65,3,2.686,1.771
2021,4,South,TBOC,M. gigas,No Tide,16,65,4,2.457,2.236
2021,4,South,TBOC,M. gigas,No Tide,16,65,5,2.917,1.945
2021,4,South,TBOC,M. gigas,No Tide,16,65,6,2.263,1.746
2021,4,South,TBOC,M. gigas,No Tide,16,65,7,2.541,2.135
2021,4,South,TBOC,M. gigas,No Tide,16,65,8,2.423,1.866
2021,4,South,TBOC,M. gigas,No Tide,16,65,9,3.903,2.825
2021,4,South,TBOC,M. gigas,No Tide,16,65,10,2.11,1.837
2021,4,South,TBOC,M. gigas,No Tide,16,66,1,2.852,2.064
2021,4,South,TBOC,M. gigas,No Tide,16,66,2,3.027,2.081
2021,4,South,TBOC,M. gigas,No Tide,16,66,3,2.647,1.69
2021,4,South,TBOC,M. gigas,No Tide,16,66,4,3.294,1.996
2021,4,South,TBOC,M. gigas,No Tide,16,66,5,2.562,2.571
2021,4,South,TBOC,M. gigas,No Tide,16,66,6,2.719,1.734
2021,4,South,TBOC,M. gigas,No Tide,16,66,7,2.824,2.015
2021,4,South,TBOC,M. gigas,No Tide,16,66,8,2.933,1.868
2021,4,South,TBOC,M. gigas,No Tide,16,66,9,3.797,2.495
2021,4,South,TBOC,M. gigas,No Tide,16,66,10,2.587,1.96
2022,1,Middle,BBOC,M. gigas,No Tide,15,13,1,3.14,2.527
2022,1,Middle,BBOC,M. gigas,No Tide,15,13,2,2.752,1.906
2022,1,Middle,BBOC,M. gigas,No Tide,15,13,3,2.679,2.018
2022,1,Middle,BBOC,M. gigas,No Tide,15,13,4,2.479,2.044
2022,1,Middle,BBOC,M. gigas,No Tide,15,13,5,3.108,2.127
2022,1,Middle,BBOC,M. gigas,No Tide,15,13,6,3.048,2.177
2022,1,Middle,BBOC,M. gigas,No Tide,15,13,7,2.72,2.289
2022,1,Middle,BBOC,M. gigas,No Tide,15,13,8,2.677,1.845
2022,1,Middle,BBOC,M. gigas,No Tide,15,13,9,3.62,2.152
2022,1,Middle,BBOC,M. gigas,No Tide,15,13,10,2.487,1.755
2022,1,Middle,BBOC,M. gigas,No Tide,15,14,1,2.695,2.059
2022,1,Middle,BBOC,M. gigas,No Tide,15,14,2,2.729,2.142
2022,1,Middle,BBOC,M. gigas,No Tide,15,14,3,2.692,1.711
2022,1,Middle,BBOC,M. gigas,No Tide,15,14,4,2.992,1.879
2022,1,Middle,BBOC,M. gigas,No Tide,15,14,5,2.413,1.924
2022,1,Middle,BBOC,M. gigas,No Tide,15,14,6,3.136,2.477
2022,1,Middle,BBOC,M. gigas,No Tide,15,14,7,3.103,1.977
2022,1,Middle,BBOC,M. gigas,No Tide,15,14,8,2.552,1.803
2022,1,Middle,BBOC,M. gigas,No Tide,15,14,9,3.232,1.998
2022,1,Middle,BBOC,M. gigas,No Tide,15,14,10,2.975,1.894
2022,1,Middle,BBOC,M. gigas,No Tide,15,15,1,3.904,2.376
2022,1,Middle,BBOC,M. gigas,No Tide,15,15,2,3.95,2.005
2022,1,Middle,BBOC,M. gigas,No Tide,15,15,3,3.588,2.033
2022,1,Middle,BBOC,M. gigas,No Tide,15,15,4,3.048,2.127
2022,1,Middle,BBOC,M. gigas,No Tide,15,15,5,3.831,2.261
2022,1,Middle,BBOC,M. gigas,No Tide,15,15,6,3.259,2.189
2022,1,Middle,BBOC,M. gigas,No Tide,15,15,7,3.108,2.078
2022,1,Middle,BBOC,M. gigas,No Tide,15,15,8,4.055,2.426
2022,1,Middle,BBOC,M. gigas,No Tide,15,15,9,2.708,2.004
2022,1,Middle,BBOC,M. gigas,No Tide,15,15,10,3.354,2.098
2022,1,Middle,BBOC,M. gigas,Tide,15,16,2,3.115,1.899
2022,1,Middle,BBOC,M. gigas,Tide,15,16,3,3.175,1.896
2022,1,Middle,BBOC,M. gigas,Tide,15,16,4,3.46,2.029
2022,1,Middle,BBOC,M. gigas,Tide,15,16,5,2.728,2.297
2022,1,Middle,BBOC,M. gigas,Tide,15,16,6,2.72,2.011
2022,1,Middle,BBOC,M. gigas,Tide,15,16,7,3.055,2.147
2022,1,Middle,BBOC,M. gigas,Tide,15,16,8,3.298,1.994
2022,1,Middle,BBOC,M. gigas,Tide,15,16,9,3.211,2.33
2022,1,Middle,BBOC,M. gigas,Tide,15,16,10,2.554,1.98
2022,1,Middle,BBOC,M. gigas,Tide,15,17,1,4.101,2.082
2022,1,Middle,BBOC,M. gigas,Tide,15,17,2,3.332,2.662
2022,1,Middle,BBOC,M. gigas,Tide,15,17,3,2.76,1.831
2022,1,Middle,BBOC,M. gigas,Tide,15,17,4,2.507,1.871
2022,1,Middle,BBOC,M. gigas,Tide,15,17,5,3.171,2.066
2022,1,Middle,BBOC,M. gigas,Tide,15,17,6,3.529,2.327
2022,1,Middle,BBOC,M. gigas,Tide,15,17,7,3.208,2.301
2022,1,Middle,BBOC,M. gigas,Tide,15,17,8,3.359,2.144
2022,1,Middle,BBOC,M. gigas,Tide,15,17,9,2.703,1.751
2022,1,Middle,BBOC,M. gigas,Tide,15,17,10,3.27,2.335
2022,1,Middle,BBOC,M. gigas,Tide,15,18,1,2.95,2.458
2022,1,Middle,BBOC,M. gigas,Tide,15,18,2,3.527,2.562
2022,1,Middle,BBOC,M. gigas,Tide,15,18,3,3.555,2.554
2022,1,Middle,BBOC,M. gigas,Tide,15,18,4,3.449,2.171
2022,1,Middle,BBOC,M. gigas,Tide,15,18,5,2.924,1.953
2022,1,Middle,BBOC,M. gigas,Tide,15,18,6,2.895,2.148
2022,1,Middle,BBOC,M. gigas,Tide,15,18,7,3.102,2.419
2022,1,Middle,BBOC,M. gigas,Tide,15,18,8,3.334,2.765
2022,1,Middle,BBOC,M. gigas,Tide,15,18,9,3.387,2.635
2022,1,Middle,BBOC,M. gigas,Tide,21,19,1,3.206,1.572
2022,1,Middle,BBOC,M. gigas,Tide,21,19,2,2.731,2.051
2022,1,Middle,BBOC,M. gigas,Tide,21,19,3,2.992,1.785
2022,1,Middle,BBOC,M. gigas,Tide,21,19,4,2.831,1.873
2022,1,Middle,BBOC,M. gigas,Tide,21,19,5,2.991,1.965
2022,1,Middle,BBOC,M. gigas,Tide,21,19,6,3.403,1.961
2022,1,Middle,BBOC,M. gigas,Tide,21,19,7,3.072,1.675
2022,1,Middle,BBOC,M. gigas,Tide,21,19,8,2.962,2.161
2022,1,Middle,BBOC,M. gigas,Tide,21,19,9,3.641,1.957
2022,1,Middle,BBOC,M. gigas,Tide,21,19,10,3.278,2.292
2022,1,Middle,BBOC,M. gigas,Tide,21,20,1,3.267,2.078
2022,1,Middle,BBOC,M. gigas,Tide,21,20,2,2.79,1.698
2022,1,Middle,BBOC,M. gigas,Tide,21,20,3,2.961,1.666
2022,1,Middle,BBOC,M. gigas,Tide,21,20,4,2.858,1.697
2022,1,Middle,BBOC,M. gigas,Tide,21,20,5,3.003,1.879
2022,1,Middle,BBOC,M. gigas,Tide,21,20,6,3.463,2.265
2022,1,Middle,BBOC,M. gigas,Tide,21,20,7,3.189,2.034
2022,1,Middle,BBOC,M. gigas,Tide,21,20,8,3.439,1.903
2022,1,Middle,BBOC,M. gigas,Tide,21,20,9,3.593,1.988
2022,1,Middle,BBOC,M. gigas,Tide,21,20,10,2.967,1.778
2022,1,Middle,BBOC,M. gigas,Tide,21,21,1,4.025,2.488
2022,1,Middle,BBOC,M. gigas,Tide,21,21,2,3.112,1.985
2022,1,Middle,BBOC,M. gigas,Tide,21,21,3,3.544,2
2022,1,Middle,BBOC,M. gigas,Tide,21,21,4,3.261,2.055
2022,1,Middle,BBOC,M. gigas,Tide,21,21,5,3.257,2.535
2022,1,Middle,BBOC,M. gigas,Tide,21,21,6,3.21,2.336
2022,1,Middle,BBOC,M. gigas,Tide,21,21,7,3.849,2.212
2022,1,Middle,BBOC,M. gigas,Tide,21,21,8,3.149,2.551
2022,1,Middle,BBOC,M. gigas,Tide,21,21,9,2.98,1.971
2022,1,Middle,BBOC,M. gigas,Tide,21,21,10,3.726,2.4
2022,1,Middle,BBOC,M. gigas,No Tide,21,22,1,3.01,2.223
2022,1,Middle,BBOC,M. gigas,No Tide,21,22,2,3.035,2.069
2022,1,Middle,BBOC,M. gigas,No Tide,21,22,3,2.813,2.014
2022,1,Middle,BBOC,M. gigas,No Tide,21,22,4,3.256,1.668
2022,1,Middle,BBOC,M. gigas,No Tide,21,22,5,2.551,1.906
2022,1,Middle,BBOC,M. gigas,No Tide,21,22,6,2.752,1.831
2022,1,Middle,BBOC,M. gigas,No Tide,21,22,7,2.375,1.882
2022,1,Middle,BBOC,M. gigas,No Tide,21,22,8,2.889,1.803
2022,1,Middle,BBOC,M. gigas,No Tide,21,22,9,2.785,2.071
2022,1,Middle,BBOC,M. gigas,No Tide,21,22,10,2.606,1.615
2022,1,Middle,BBOC,M. gigas,No Tide,21,23,1,2.783,1.962
2022,1,Middle,BBOC,M. gigas,No Tide,21,23,2,3.154,1.899
2022,1,Middle,BBOC,M. gigas,No Tide,21,23,3,3.603,2.578
2022,1,Middle,BBOC,M. gigas,No Tide,21,23,4,2.567,1.907
2022,1,Middle,BBOC,M. gigas,No Tide,21,23,5,3.516,2.074
2022,1,Middle,BBOC,M. gigas,No Tide,21,23,6,2.283,1.921
2022,1,Middle,BBOC,M. gigas,No Tide,21,23,7,3.091,2.282
2022,1,Middle,BBOC,M. gigas,No Tide,21,23,8,2.578,2.051
2022,1,Middle,BBOC,M. gigas,No Tide,21,23,9,4.175,2.048
2022,1,Middle,BBOC,M. gigas,No Tide,21,23,10,3.144,2.289
2022,1,Middle,BBOC,M. gigas,No Tide,21,24,1,2.93,2.167
2022,1,Middle,BBOC,M. gigas,No Tide,21,24,2,2.541,1.911
2022,1,Middle,BBOC,M. gigas,No Tide,21,24,3,3.097,1.934
2022,1,Middle,BBOC,M. gigas,No Tide,21,24,4,3.262,1.949
2022,1,Middle,BBOC,M. gigas,No Tide,21,24,5,3.551,1.747
2022,1,Middle,BBOC,M. gigas,No Tide,21,24,6,2.862,1.891
2022,1,Middle,BBOC,M. gigas,No Tide,21,24,7,2.673,1.92
2022,1,Middle,BBOC,M. gigas,No Tide,21,24,8,2.606,2.026
2022,1,Middle,BBOC,M. gigas,No Tide,21,24,9,2.484,2.082
2022,1,Middle,BBOC,M. gigas,No Tide,21,24,10,3.148,1.592
2022,6,Middle,BBOC,M. gigas,No Tide,15,13,1,3.333,2.776
2022,6,Middle,BBOC,M. gigas,No Tide,15,13,2,4.239,2.304
2022,6,Middle,BBOC,M. gigas,No Tide,15,13,3,5.276,3.022
2022,6,Middle,BBOC,M. gigas,No Tide,15,13,4,3.79,2.17
2022,6,Middle,BBOC,M. gigas,No Tide,15,13,5,4.345,2.842
2022,6,Middle,BBOC,M. gigas,No Tide,15,13,6,5.723,3.635
2022,6,Middle,BBOC,M. gigas,No Tide,15,13,7,4.943,2.438
2022,6,Middle,BBOC,M. gigas,No Tide,15,13,8,2.916,2.351
2022,6,Middle,BBOC,M. gigas,No Tide,15,13,9,5.78,3.677
2022,6,Middle,BBOC,M. gigas,No Tide,15,13,10,3.627,2.934
2022,6,Middle,BBOC,M. gigas,No Tide,15,14,1,5.896,3.283
2022,6,Middle,BBOC,M. gigas,No Tide,15,14,2,5.004,3.338
2022,6,Middle,BBOC,M. gigas,No Tide,15,14,3,6.235,3.214
2022,6,Middle,BBOC,M. gigas,No Tide,15,14,4,4.535,2.362
2022,6,Middle,BBOC,M. gigas,No Tide,15,14,5,3.23,1.918
2022,6,Middle,BBOC,M. gigas,No Tide,15,14,6,4.199,2.733
2022,6,Middle,BBOC,M. gigas,No Tide,15,14,7,3.064,3.047
2022,6,Middle,BBOC,M. gigas,No Tide,15,14,8,4.301,3.173
2022,6,Middle,BBOC,M. gigas,No Tide,15,14,9,4.627,3.221
2022,6,Middle,BBOC,M. gigas,No Tide,15,14,10,4.827,2.556
2022,6,Middle,BBOC,M. gigas,No Tide,15,15,1,3.99,2.589
2022,6,Middle,BBOC,M. gigas,No Tide,15,15,2,3.787,2.301
2022,6,Middle,BBOC,M. gigas,No Tide,15,15,3,4.553,3.182
2022,6,Middle,BBOC,M. gigas,No Tide,15,15,4,3.161,2.551
2022,6,Middle,BBOC,M. gigas,No Tide,15,15,5,3.544,1.993
2022,6,Middle,BBOC,M. gigas,No Tide,15,15,6,4.46,2.835
2022,6,Middle,BBOC,M. gigas,No Tide,15,15,7,4.643,3.07
2022,6,Middle,BBOC,M. gigas,No Tide,15,15,8,3.672,2.696
2022,6,Middle,BBOC,M. gigas,No Tide,15,15,9,4.166,2.908
2022,6,Middle,BBOC,M. gigas,No Tide,15,15,10,4.681,2.572
2022,6,Middle,BBOC,M. gigas,Tide,15,16,2,5.042,2.737
2022,6,Middle,BBOC,M. gigas,Tide,15,16,3,5.754,3.892
2022,6,Middle,BBOC,M. gigas,Tide,15,16,4,3.278,2.213
2022,6,Middle,BBOC,M. gigas,Tide,15,16,5,6.053,3.01
2022,6,Middle,BBOC,M. gigas,Tide,15,16,6,3.169,1.883
2022,6,Middle,BBOC,M. gigas,Tide,15,16,7,3.809,3.193
2022,6,Middle,BBOC,M. gigas,Tide,15,16,8,4.949,2.79
2022,6,Middle,BBOC,M. gigas,Tide,15,16,9,5.178,2.52
2022,6,Middle,BBOC,M. gigas,Tide,15,16,10,5.382,3.614
2022,6,Middle,BBOC,M. gigas,Tide,15,17,1,4.883,2.569
2022,6,Middle,BBOC,M. gigas,Tide,15,17,2,4.983,3.013
2022,6,Middle,BBOC,M. gigas,Tide,15,17,3,5.785,3.408
2022,6,Middle,BBOC,M. gigas,Tide,15,17,4,5.406,2.648
2022,6,Middle,BBOC,M. gigas,Tide,15,17,5,5.918,3.169
2022,6,Middle,BBOC,M. gigas,Tide,15,17,6,5.105,2.712
2022,6,Middle,BBOC,M. gigas,Tide,15,17,7,5.051,3.317
2022,6,Middle,BBOC,M. gigas,Tide,15,17,8,3.939,2.918
2022,6,Middle,BBOC,M. gigas,Tide,15,17,9,3.775,2.496
2022,6,Middle,BBOC,M. gigas,Tide,15,17,10,3.901,2.129
2022,6,Middle,BBOC,M. gigas,Tide,15,18,1,4.251,2.736
2022,6,Middle,BBOC,M. gigas,Tide,15,18,2,3.255,2.446
2022,6,Middle,BBOC,M. gigas,Tide,15,18,3,5.443,2.869
2022,6,Middle,BBOC,M. gigas,Tide,15,18,4,2.965,2.811
2022,6,Middle,BBOC,M. gigas,Tide,15,18,5,3.777,2.605
2022,6,Middle,BBOC,M. gigas,Tide,15,18,6,4.018,2.455
2022,6,Middle,BBOC,M. gigas,Tide,15,18,7,3.886,2.859
2022,6,Middle,BBOC,M. gigas,Tide,15,18,8,4.928,2.884
2022,6,Middle,BBOC,M. gigas,Tide,15,18,9,4.544,2.958
2022,6,Middle,BBOC,M. gigas,Tide,15,18,10,4.999,2.665
2022,6,Middle,BBOC,M. gigas,Tide,21,19,1,5.812,3.595
2022,6,Middle,BBOC,M. gigas,Tide,21,19,2,5.379,3.309
2022,6,Middle,BBOC,M. gigas,Tide,21,19,3,3.542,2.17
2022,6,Middle,BBOC,M. gigas,Tide,21,19,4,3.31,2.097
2022,6,Middle,BBOC,M. gigas,Tide,21,19,5,4.807,2.678
2022,6,Middle,BBOC,M. gigas,Tide,21,19,6,4.682,3.071
2022,6,Middle,BBOC,M. gigas,Tide,21,19,7,3.322,2.642
2022,6,Middle,BBOC,M. gigas,Tide,21,19,8,5.052,3.187
2022,6,Middle,BBOC,M. gigas,Tide,21,19,9,4.969,2.7
2022,6,Middle,BBOC,M. gigas,Tide,21,19,10,3.963,3.001
2022,6,Middle,BBOC,M. gigas,Tide,21,20,1,5.341,4.28
2022,6,Middle,BBOC,M. gigas,Tide,21,20,2,6.629,3.264
2022,6,Middle,BBOC,M. gigas,Tide,21,20,3,6.923,3.566
2022,6,Middle,BBOC,M. gigas,Tide,21,20,4,4.322,3.498
2022,6,Middle,BBOC,M. gigas,Tide,21,20,5,6.31,3.646
2022,6,Middle,BBOC,M. gigas,Tide,21,20,6,3.937,2.778
2022,6,Middle,BBOC,M. gigas,Tide,21,20,7,5.612,3.71
2022,6,Middle,BBOC,M. gigas,Tide,21,20,8,3.946,2.586
2022,6,Middle,BBOC,M. gigas,Tide,21,20,9,5.11,3.125
2022,6,Middle,BBOC,M. gigas,Tide,21,20,10,7.119,3.093
2022,6,Middle,BBOC,M. gigas,Tide,21,21,1,4.432,2.9
2022,6,Middle,BBOC,M. gigas,Tide,21,21,2,5.176,3.383
2022,6,Middle,BBOC,M. gigas,Tide,21,21,3,3.897,3.438
2022,6,Middle,BBOC,M. gigas,Tide,21,21,4,4.694,3.043
2022,6,Middle,BBOC,M. gigas,Tide,21,21,5,5.354,3.619
2022,6,Middle,BBOC,M. gigas,Tide,21,21,6,5.604,3.535
2022,6,Middle,BBOC,M. gigas,Tide,21,21,7,3.995,2.81
2022,6,Middle,BBOC,M. gigas,Tide,21,21,8,4.997,2.913
2022,6,Middle,BBOC,M. gigas,Tide,21,21,9,3.858,2.503
2022,6,Middle,BBOC,M. gigas,Tide,21,21,10,4.519,3.443
2022,6,Middle,BBOC,M. gigas,No Tide,21,22,1,3.617,2.866
2022,6,Middle,BBOC,M. gigas,No Tide,21,22,2,5.373,3.616
2022,6,Middle,BBOC,M. gigas,No Tide,21,22,3,3.729,2.871
2022,6,Middle,BBOC,M. gigas,No Tide,21,22,4,4.868,2.271
2022,6,Middle,BBOC,M. gigas,No Tide,21,22,5,4.399,2.927
2022,6,Middle,BBOC,M. gigas,No Tide,21,22,6,3.912,2.831
2022,6,Middle,BBOC,M. gigas,No Tide,21,22,7,2.666,2.03
2022,6,Middle,BBOC,M. gigas,No Tide,21,22,8,4.079,2.297
2022,6,Middle,BBOC,M. gigas,No Tide,21,22,9,3.158,1.849
2022,6,Middle,BBOC,M. gigas,No Tide,21,22,10,4.007,3.162
2022,6,Middle,BBOC,M. gigas,No Tide,21,23,1,4.94,3.27
2022,6,Middle,BBOC,M. gigas,No Tide,21,23,2,4.966,2.759
2022,6,Middle,BBOC,M. gigas,No Tide,21,23,3,4.085,3.007
2022,6,Middle,BBOC,M. gigas,No Tide,21,23,4,2.751,2.212
2022,6,Middle,BBOC,M. gigas,No Tide,21,23,5,5.545,3.103
2022,6,Middle,BBOC,M. gigas,No Tide,21,23,6,2.265,2.002
2022,6,Middle,BBOC,M. gigas,No Tide,21,23,7,3.362,2.324
2022,6,Middle,BBOC,M. gigas,No Tide,21,23,8,3.639,2.931
2022,6,Middle,BBOC,M. gigas,No Tide,21,23,9,4.158,2.269
2022,6,Middle,BBOC,M. gigas,No Tide,21,23,10,5.344,3.497
2022,6,Middle,BBOC,M. gigas,No Tide,21,24,1,4.487,2.368
2022,6,Middle,BBOC,M. gigas,No Tide,21,24,2,4.059,2.885
2022,6,Middle,BBOC,M. gigas,No Tide,21,24,3,4.784,2.903
2022,6,Middle,BBOC,M. gigas,No Tide,21,24,4,4.174,2.908
2022,6,Middle,BBOC,M. gigas,No Tide,21,24,5,3.532,2.099
2022,6,Middle,BBOC,M. gigas,No Tide,21,24,6,5.761,2.594
2022,6,Middle,BBOC,M. gigas,No Tide,21,24,7,4.001,2.996
2022,6,Middle,BBOC,M. gigas,No Tide,21,24,8,3.34,3.125
2022,6,Middle,BBOC,M. gigas,No Tide,21,24,9,4.473,3.123
2022,6,Middle,BBOC,M. gigas,No Tide,21,24,10,3.68,2.579
2022,1,North,HIOC,M. gigas,No Tide,15,1,1,2.526,2.018
2022,1,North,HIOC,M. gigas,No Tide,15,1,2,3.645,2.347
2022,1,North,HIOC,M. gigas,No Tide,15,1,3,2.563,1.935
2022,1,North,HIOC,M. gigas,No Tide,15,1,4,3.479,2.247
2022,1,North,HIOC,M. gigas,No Tide,15,1,5,3.728,1.961
2022,1,North,HIOC,M. gigas,No Tide,15,1,6,3.841,2.05
2022,1,North,HIOC,M. gigas,No Tide,15,1,7,2.685,2.122
2022,1,North,HIOC,M. gigas,No Tide,15,1,8,2.63,2.243
2022,1,North,HIOC,M. gigas,No Tide,15,1,9,3.393,2.055
2022,1,North,HIOC,M. gigas,No Tide,15,1,10,3.06,1.998
2022,1,North,HIOC,M. gigas,No Tide,15,2,1,2.523,2.138
2022,1,North,HIOC,M. gigas,No Tide,15,2,2,2.911,1.841
2022,1,North,HIOC,M. gigas,No Tide,15,2,3,3.013,2.249
2022,1,North,HIOC,M. gigas,No Tide,15,2,4,3.816,2.905
2022,1,North,HIOC,M. gigas,No Tide,15,2,5,3.635,2.297
2022,1,North,HIOC,M. gigas,No Tide,15,2,6,2.891,2.166
2022,1,North,HIOC,M. gigas,No Tide,15,2,7,2.535,1.822
2022,1,North,HIOC,M. gigas,No Tide,15,2,8,3.142,2.72
2022,1,North,HIOC,M. gigas,No Tide,15,2,9,3.587,2.034
2022,1,North,HIOC,M. gigas,No Tide,15,2,10,3.053,2
2022,1,North,HIOC,M. gigas,No Tide,15,3,1,4.028,2.301
2022,1,North,HIOC,M. gigas,No Tide,15,3,2,3.456,2.028
2022,1,North,HIOC,M. gigas,No Tide,15,3,3,3.986,2.192
2022,1,North,HIOC,M. gigas,No Tide,15,3,4,3.175,1.866
2022,1,North,HIOC,M. gigas,No Tide,15,3,5,3.329,1.946
2022,1,North,HIOC,M. gigas,No Tide,15,3,6,3.525,2.424
2022,1,North,HIOC,M. gigas,No Tide,15,3,7,3.171,1.75
2022,1,North,HIOC,M. gigas,No Tide,15,3,8,3.353,2.022
2022,1,North,HIOC,M. gigas,No Tide,15,3,9,3.204,2.407
2022,1,North,HIOC,M. gigas,No Tide,15,3,10,3.721,2.218
2022,1,North,HIOC,M. gigas,Tide,15,4,2,2.543,1.66
2022,1,North,HIOC,M. gigas,Tide,15,4,3,3.043,1.756
2022,1,North,HIOC,M. gigas,Tide,15,4,4,3.186,1.772
2022,1,North,HIOC,M. gigas,Tide,15,4,5,3.433,2.261
2022,1,North,HIOC,M. gigas,Tide,15,4,6,4.4,2.393
2022,1,North,HIOC,M. gigas,Tide,15,4,7,3.403,2.097
2022,1,North,HIOC,M. gigas,Tide,15,4,8,3.36,2.057
2022,1,North,HIOC,M. gigas,Tide,15,4,9,2.909,2.286
2022,1,North,HIOC,M. gigas,Tide,15,4,10,2.658,1.898
2022,1,North,HIOC,M. gigas,Tide,15,5,1,3.246,2.078
2022,1,North,HIOC,M. gigas,Tide,15,5,2,3.22,2.133
2022,1,North,HIOC,M. gigas,Tide,15,5,3,3.235,1.908
2022,1,North,HIOC,M. gigas,Tide,15,5,4,2.82,1.69
2022,1,North,HIOC,M. gigas,Tide,15,5,5,3.329,2.359
2022,1,North,HIOC,M. gigas,Tide,15,5,6,4.058,2.312
2022,1,North,HIOC,M. gigas,Tide,15,5,7,3.138,2.143
2022,1,North,HIOC,M. gigas,Tide,15,5,8,3.721,1.895
2022,1,North,HIOC,M. gigas,Tide,15,5,9,2.993,2.212
2022,1,North,HIOC,M. gigas,Tide,15,5,10,3.186,2.56
2022,1,North,HIOC,M. gigas,Tide,15,6,1,3.378,2.558
2022,1,North,HIOC,M. gigas,Tide,15,6,2,3.23,1.752
2022,1,North,HIOC,M. gigas,Tide,15,6,3,3.639,2.579
2022,1,North,HIOC,M. gigas,Tide,15,6,4,3.984,3.219
2022,1,North,HIOC,M. gigas,Tide,15,6,5,2.584,1.91
2022,1,North,HIOC,M. gigas,Tide,15,6,6,2.682,1.86
2022,1,North,HIOC,M. gigas,Tide,15,6,7,2.902,2.096
2022,1,North,HIOC,M. gigas,Tide,15,6,8,3.311,2.712
2022,1,North,HIOC,M. gigas,Tide,15,6,9,3.625,2.005
2022,1,North,HIOC,M. gigas,Tide,15,6,10,3.719,1.839
2022,1,North,HIOC,M. gigas,Tide,21,7,1,2.85,1.848
2022,1,North,HIOC,M. gigas,Tide,21,7,2,2.871,1.71
2022,1,North,HIOC,M. gigas,Tide,21,7,3,2.654,2.191
2022,1,North,HIOC,M. gigas,Tide,21,7,4,2.806,1.924
2022,1,North,HIOC,M. gigas,Tide,21,7,5,2.769,2.034
2022,1,North,HIOC,M. gigas,Tide,21,7,6,3.186,2.14
2022,1,North,HIOC,M. gigas,Tide,21,7,7,3.043,1.977
2022,1,North,HIOC,M. gigas,Tide,21,7,8,2.9,1.886
2022,1,North,HIOC,M. gigas,Tide,21,7,9,3.07,2.215
2022,1,North,HIOC,M. gigas,Tide,21,7,10,3.019,2.048
2022,1,North,HIOC,M. gigas,Tide,21,8,1,3.255,1.997
2022,1,North,HIOC,M. gigas,Tide,21,8,2,2.603,1.879
2022,1,North,HIOC,M. gigas,Tide,21,8,3,2.862,1.972
2022,1,North,HIOC,M. gigas,Tide,21,8,4,2.985,2.132
2022,1,North,HIOC,M. gigas,Tide,21,8,5,2.905,2.058
2022,1,North,HIOC,M. gigas,Tide,21,8,6,3.326,1.77
2022,1,North,HIOC,M. gigas,Tide,21,8,7,2.898,1.909
2022,1,North,HIOC,M. gigas,Tide,21,8,8,3.087,1.748
2022,1,North,HIOC,M. gigas,Tide,21,8,9,3.258,1.842
2022,1,North,HIOC,M. gigas,Tide,21,8,10,2.82,1.679
2022,1,North,HIOC,M. gigas,Tide,21,9,1,4.038,2.243
2022,1,North,HIOC,M. gigas,Tide,21,9,2,4.023,2.068
2022,1,North,HIOC,M. gigas,Tide,21,9,3,2.777,1.953
2022,1,North,HIOC,M. gigas,Tide,21,9,4,3.083,2.082
2022,1,North,HIOC,M. gigas,Tide,21,9,5,3.222,1.705
2022,1,North,HIOC,M. gigas,Tide,21,9,6,3.686,1.923
2022,1,North,HIOC,M. gigas,Tide,21,9,7,3.258,2.061
2022,1,North,HIOC,M. gigas,Tide,21,9,8,2.898,2.035
2022,1,North,HIOC,M. gigas,Tide,21,9,9,3.778,2.291
2022,1,North,HIOC,M. gigas,Tide,21,9,10,4.4,2.221
2022,1,North,HIOC,M. gigas,No Tide,21,10,1,2.541,2.039
2022,1,North,HIOC,M. gigas,No Tide,21,10,2,3,1.684
2022,1,North,HIOC,M. gigas,No Tide,21,10,3,3.245,1.703
2022,1,North,HIOC,M. gigas,No Tide,21,10,4,3.714,1.843
2022,1,North,HIOC,M. gigas,No Tide,21,10,5,2.987,1.572
2022,1,North,HIOC,M. gigas,No Tide,21,10,6,3.244,1.905
2022,1,North,HIOC,M. gigas,No Tide,21,10,7,2.8,1.805
2022,1,North,HIOC,M. gigas,No Tide,21,10,8,2.514,1.649
2022,1,North,HIOC,M. gigas,No Tide,21,10,9,2.807,1.916
2022,1,North,HIOC,M. gigas,No Tide,21,10,10,2.971,2.014
2022,1,North,HIOC,M. gigas,No Tide,21,11,1,3.646,2.15
2022,1,North,HIOC,M. gigas,No Tide,21,11,2,3.041,2.077
2022,1,North,HIOC,M. gigas,No Tide,21,11,3,2.743,2.081
2022,1,North,HIOC,M. gigas,No Tide,21,11,4,2.935,1.882
2022,1,North,HIOC,M. gigas,No Tide,21,11,5,2.96,1.9
2022,1,North,HIOC,M. gigas,No Tide,21,11,6,2.93,1.956
2022,1,North,HIOC,M. gigas,No Tide,21,11,7,2.928,1.747
2022,1,North,HIOC,M. gigas,No Tide,21,11,8,3.617,2.042
2022,1,North,HIOC,M. gigas,No Tide,21,11,9,2.885,2.115
2022,1,North,HIOC,M. gigas,No Tide,21,11,10,2.747,1.958
2022,1,North,HIOC,M. gigas,No Tide,21,12,1,2.623,1.739
2022,1,North,HIOC,M. gigas,No Tide,21,12,2,3.404,2.325
2022,1,North,HIOC,M. gigas,No Tide,21,12,3,3.002,2.136
2022,1,North,HIOC,M. gigas,No Tide,21,12,4,2.758,1.862
2022,1,North,HIOC,M. gigas,No Tide,21,12,5,3.543,2.109
2022,1,North,HIOC,M. gigas,No Tide,21,12,6,3.589,2.189
2022,1,North,HIOC,M. gigas,No Tide,21,12,7,3.351,2.095
2022,1,North,HIOC,M. gigas,No Tide,21,12,8,2.912,2.403
2022,1,North,HIOC,M. gigas,No Tide,21,12,9,3.23,1.828
2022,1,North,HIOC,M. gigas,No Tide,21,12,10,2.662,2.124
2022,6,North,HIOC,M. gigas,No Tide,15,1,1,5.23,3.467
2022,6,North,HIOC,M. gigas,No Tide,15,1,2,4.135,2.928
2022,6,North,HIOC,M. gigas,No Tide,15,1,3,3.829,3.1
2022,6,North,HIOC,M. gigas,No Tide,15,1,4,4.604,2.73
2022,6,North,HIOC,M. gigas,No Tide,15,1,5,4.961,3.287
2022,6,North,HIOC,M. gigas,No Tide,15,1,6,4.124,2.836
2022,6,North,HIOC,M. gigas,No Tide,15,1,7,5.867,2.717
2022,6,North,HIOC,M. gigas,No Tide,15,1,8,4.34,2.698
2022,6,North,HIOC,M. gigas,No Tide,15,1,9,4.781,3.266
2022,6,North,HIOC,M. gigas,No Tide,15,1,10,4.541,2.812
2022,6,North,HIOC,M. gigas,No Tide,15,2,1,4.097,2.839
2022,6,North,HIOC,M. gigas,No Tide,15,2,2,4.136,3.048
2022,6,North,HIOC,M. gigas,No Tide,15,2,3,3.961,2.739
2022,6,North,HIOC,M. gigas,No Tide,15,2,4,5.128,3.115
2022,6,North,HIOC,M. gigas,No Tide,15,2,5,3.957,2.308
2022,6,North,HIOC,M. gigas,No Tide,15,2,6,4.503,2.904
2022,6,North,HIOC,M. gigas,No Tide,15,2,7,5.003,2.995
2022,6,North,HIOC,M. gigas,No Tide,15,2,8,4.409,2.331
2022,6,North,HIOC,M. gigas,No Tide,15,2,9,4.29,2.757
2022,6,North,HIOC,M. gigas,No Tide,15,2,10,4.646,2.864
2022,6,North,HIOC,M. gigas,No Tide,15,3,1,4.609,2.897
2022,6,North,HIOC,M. gigas,No Tide,15,3,2,5.102,2.826
2022,6,North,HIOC,M. gigas,No Tide,15,3,3,4.679,2.814
2022,6,North,HIOC,M. gigas,No Tide,15,3,4,4.039,2.724
2022,6,North,HIOC,M. gigas,No Tide,15,3,5,4.081,2.168
2022,6,North,HIOC,M. gigas,No Tide,15,3,6,4.202,2.726
2022,6,North,HIOC,M. gigas,No Tide,15,3,7,4.583,2.749
2022,6,North,HIOC,M. gigas,No Tide,15,3,8,4.787,3.438
2022,6,North,HIOC,M. gigas,No Tide,15,3,9,4.347,2.877
2022,6,North,HIOC,M. gigas,No Tide,15,3,10,5.501,2.891
2022,6,North,HIOC,M. gigas,Tide,15,4,2,4.915,2.999
2022,6,North,HIOC,M. gigas,Tide,15,4,3,4.542,3.055
2022,6,North,HIOC,M. gigas,Tide,15,4,4,4.342,2.624
2022,6,North,HIOC,M. gigas,Tide,15,4,5,6.126,3.295
2022,6,North,HIOC,M. gigas,Tide,15,4,6,4.504,2.662
2022,6,North,HIOC,M. gigas,Tide,15,4,7,4.613,3.094
2022,6,North,HIOC,M. gigas,Tide,15,4,8,4.775,3.319
2022,6,North,HIOC,M. gigas,Tide,15,4,9,4.953,2.558
2022,6,North,HIOC,M. gigas,Tide,15,4,10,4.203,3.229
2022,6,North,HIOC,M. gigas,Tide,15,5,1,3.903,3.319
2022,6,North,HIOC,M. gigas,Tide,15,5,2,4.194,3.068
2022,6,North,HIOC,M. gigas,Tide,15,5,3,4.915,3.261
2022,6,North,HIOC,M. gigas,Tide,15,5,4,4.591,3.134
2022,6,North,HIOC,M. gigas,Tide,15,5,5,6.063,3.787
2022,6,North,HIOC,M. gigas,Tide,15,5,6,4.45,2.573
2022,6,North,HIOC,M. gigas,Tide,15,5,7,5.577,2.723
2022,6,North,HIOC,M. gigas,Tide,15,5,8,5.296,2.95
2022,6,North,HIOC,M. gigas,Tide,15,5,9,3.693,2.915
2022,6,North,HIOC,M. gigas,Tide,15,5,10,4.085,2.655
2022,6,North,HIOC,M. gigas,Tide,15,6,1,5.025,3.066
2022,6,North,HIOC,M. gigas,Tide,15,6,2,5.064,3.362
2022,6,North,HIOC,M. gigas,Tide,15,6,3,6.452,2.698
2022,6,North,HIOC,M. gigas,Tide,15,6,4,4.449,2.43
2022,6,North,HIOC,M. gigas,Tide,15,6,5,4.879,3.177
2022,6,North,HIOC,M. gigas,Tide,15,6,6,4.296,2.8
2022,6,North,HIOC,M. gigas,Tide,15,6,7,4.762,2.701
2022,6,North,HIOC,M. gigas,Tide,15,6,8,5.769,3.455
2022,6,North,HIOC,M. gigas,Tide,15,6,9,4.66,2.531
2022,6,North,HIOC,M. gigas,Tide,15,6,10,5.136,3.053
2022,6,North,HIOC,M. gigas,Tide,21,7,1,5.074,2.96
2022,6,North,HIOC,M. gigas,Tide,21,7,2,4.928,3.183
2022,6,North,HIOC,M. gigas,Tide,21,7,3,3.775,2.992
2022,6,North,HIOC,M. gigas,Tide,21,7,4,4.095,2.815
2022,6,North,HIOC,M. gigas,Tide,21,7,5,5.075,3.121
2022,6,North,HIOC,M. gigas,Tide,21,7,6,4.575,3.087
2022,6,North,HIOC,M. gigas,Tide,21,7,7,3.703,3.02
2022,6,North,HIOC,M. gigas,Tide,21,7,8,4.594,2.988
2022,6,North,HIOC,M. gigas,Tide,21,7,9,3.695,2.491
2022,6,North,HIOC,M. gigas,Tide,21,7,10,4.726,2.896
2022,6,North,HIOC,M. gigas,Tide,21,8,1,5.847,2.839
2022,6,North,HIOC,M. gigas,Tide,21,8,2,5.113,2.176
2022,6,North,HIOC,M. gigas,Tide,21,8,3,3.655,2.827
2022,6,North,HIOC,M. gigas,Tide,21,8,4,3.709,2.973
2022,6,North,HIOC,M. gigas,Tide,21,8,5,3.695,2.371
2022,6,North,HIOC,M. gigas,Tide,21,8,6,5.92,2.697
2022,6,North,HIOC,M. gigas,Tide,21,8,7,4.017,3.226
2022,6,North,HIOC,M. gigas,Tide,21,8,8,4.052,2.495
2022,6,North,HIOC,M. gigas,Tide,21,8,9,3.495,3.052
2022,6,North,HIOC,M. gigas,Tide,21,8,10,3.719,2.411
2022,6,North,HIOC,M. gigas,Tide,21,9,1,4.102,2.953
2022,6,North,HIOC,M. gigas,Tide,21,9,2,5.087,4.312
2022,6,North,HIOC,M. gigas,Tide,21,9,3,5.049,2.59
2022,6,North,HIOC,M. gigas,Tide,21,9,4,4.37,2.407
2022,6,North,HIOC,M. gigas,Tide,21,9,5,5.188,2.583
2022,6,North,HIOC,M. gigas,Tide,21,9,6,4.324,3.018
2022,6,North,HIOC,M. gigas,Tide,21,9,7,3.693,2.692
2022,6,North,HIOC,M. gigas,Tide,21,9,8,5.25,2.951
2022,6,North,HIOC,M. gigas,Tide,21,9,9,5.562,2.462
2022,6,North,HIOC,M. gigas,Tide,21,9,10,4.881,4.041
2022,6,North,HIOC,M. gigas,No Tide,21,10,1,4.838,2.595
2022,6,North,HIOC,M. gigas,No Tide,21,10,2,3.662,3.693
2022,6,North,HIOC,M. gigas,No Tide,21,10,3,4.461,3.076
2022,6,North,HIOC,M. gigas,No Tide,21,10,4,3.747,3.135
2022,6,North,HIOC,M. gigas,No Tide,21,10,5,4.375,3.335
2022,6,North,HIOC,M. gigas,No Tide,21,10,6,3.837,3.392
2022,6,North,HIOC,M. gigas,No Tide,21,10,7,5.249,3.364
2022,6,North,HIOC,M. gigas,No Tide,21,10,8,3.72,2.824
2022,6,North,HIOC,M. gigas,No Tide,21,10,9,4.745,3.374
2022,6,North,HIOC,M. gigas,No Tide,21,10,10,4.238,3.428
2022,6,North,HIOC,M. gigas,No Tide,21,11,1,4.1,2.323
2022,6,North,HIOC,M. gigas,No Tide,21,11,2,4.485,2.969
2022,6,North,HIOC,M. gigas,No Tide,21,11,3,4.699,3.362
2022,6,North,HIOC,M. gigas,No Tide,21,11,4,4.928,2.691
2022,6,North,HIOC,M. gigas,No Tide,21,11,5,5,3.125
2022,6,North,HIOC,M. gigas,No Tide,21,11,6,4.499,2.419
2022,6,North,HIOC,M. gigas,No Tide,21,11,7,3.652,3.285
2022,6,North,HIOC,M. gigas,No Tide,21,11,8,4.283,2.839
2022,6,North,HIOC,M. gigas,No Tide,21,11,9,4.195,2.593
2022,6,North,HIOC,M. gigas,No Tide,21,11,10,4.868,2.992
2022,6,North,HIOC,M. gigas,No Tide,21,12,1,5.443,2.592
2022,6,North,HIOC,M. gigas,No Tide,21,12,2,5.841,3.273
2022,6,North,HIOC,M. gigas,No Tide,21,12,3,4.05,2.733
2022,6,North,HIOC,M. gigas,No Tide,21,12,4,5.089,2.849
2022,6,North,HIOC,M. gigas,No Tide,21,12,5,4.851,3.068
2022,6,North,HIOC,M. gigas,No Tide,21,12,6,4.988,3.675
2022,6,North,HIOC,M. gigas,No Tide,21,12,7,4.402,2.907
2022,6,North,HIOC,M. gigas,No Tide,21,12,8,4.336,3.218
2022,6,North,HIOC,M. gigas,No Tide,21,12,9,5.366,3.874
2022,6,North,HIOC,M. gigas,No Tide,21,12,10,5.542,3.555
2022,1,South,TBOC,M. gigas,No Tide,15,25,1,3.257,2.045
2022,1,South,TBOC,M. gigas,No Tide,15,25,2,2.837,1.712
2022,1,South,TBOC,M. gigas,No Tide,15,25,3,2.871,1.973
2022,1,South,TBOC,M. gigas,No Tide,15,25,4,2.958,1.758
2022,1,South,TBOC,M. gigas,No Tide,15,25,5,2.759,2.024
2022,1,South,TBOC,M. gigas,No Tide,15,25,6,3.412,1.893
2022,1,South,TBOC,M. gigas,No Tide,15,25,7,2.942,1.651
2022,1,South,TBOC,M. gigas,No Tide,15,25,8,2.733,2.158
2022,1,South,TBOC,M. gigas,No Tide,15,25,9,2.988,1.893
2022,1,South,TBOC,M. gigas,No Tide,15,25,10,3.346,2.205
2022,1,South,TBOC,M. gigas,No Tide,15,26,1,3.09,2.078
2022,1,South,TBOC,M. gigas,No Tide,15,26,2,3.17,2.264
2022,1,South,TBOC,M. gigas,No Tide,15,26,3,3.316,2.358
2022,1,South,TBOC,M. gigas,No Tide,15,26,4,3.758,2.322
2022,1,South,TBOC,M. gigas,No Tide,15,26,5,3.917,1.959
2022,1,South,TBOC,M. gigas,No Tide,15,26,6,2.988,2.243
2022,1,South,TBOC,M. gigas,No Tide,15,26,7,3.874,2.159
2022,1,South,TBOC,M. gigas,No Tide,15,26,8,3.607,2.484
2022,1,South,TBOC,M. gigas,No Tide,15,26,9,3.62,1.883
2022,1,South,TBOC,M. gigas,No Tide,15,27,1,3.25,2.108
2022,1,South,TBOC,M. gigas,No Tide,15,27,2,3.181,2.509
2022,1,South,TBOC,M. gigas,No Tide,15,27,3,3.108,2.704
2022,1,South,TBOC,M. gigas,No Tide,15,27,4,3.795,2.248
2022,1,South,TBOC,M. gigas,No Tide,15,27,5,3.609,1.905
2022,1,South,TBOC,M. gigas,No Tide,15,27,6,4.012,2.173
2022,1,South,TBOC,M. gigas,No Tide,15,27,7,3.467,2.021
2022,1,South,TBOC,M. gigas,No Tide,15,27,8,3.683,2.352
2022,1,South,TBOC,M. gigas,No Tide,15,27,9,3.252,2.371
2022,1,South,TBOC,M. gigas,No Tide,15,27,10,3.267,2.08
2022,1,South,TBOC,M. gigas,Tide,15,28,2,3.29,2.11
2022,1,South,TBOC,M. gigas,Tide,15,28,3,3.113,2.414
2022,1,South,TBOC,M. gigas,Tide,15,28,4,3.476,1.853
2022,1,South,TBOC,M. gigas,Tide,15,28,5,4.267,3.271
2022,1,South,TBOC,M. gigas,Tide,15,28,6,3.067,2.234
2022,1,South,TBOC,M. gigas,Tide,15,28,7,3.494,2.888
2022,1,South,TBOC,M. gigas,Tide,15,28,8,2.735,2.47
2022,1,South,TBOC,M. gigas,Tide,15,28,9,3.457,2.137
2022,1,South,TBOC,M. gigas,Tide,15,28,10,3.311,2.042
2022,1,South,TBOC,M. gigas,Tide,15,29,1,3.698,2.525
2022,1,South,TBOC,M. gigas,Tide,15,29,2,3.431,2.36
2022,1,South,TBOC,M. gigas,Tide,15,29,3,3.024,2.095
2022,1,South,TBOC,M. gigas,Tide,15,29,4,3.528,2.744
2022,1,South,TBOC,M. gigas,Tide,15,29,5,3.928,2.695
2022,1,South,TBOC,M. gigas,Tide,15,29,6,3.614,2.471
2022,1,South,TBOC,M. gigas,Tide,15,29,7,3.289,1.887
2022,1,South,TBOC,M. gigas,Tide,15,29,8,3.474,2.188
2022,1,South,TBOC,M. gigas,Tide,15,29,9,3.617,2.293
2022,1,South,TBOC,M. gigas,Tide,15,29,10,2.891,1.85
2022,1,South,TBOC,M. gigas,Tide,15,30,1,3.845,2.345
2022,1,South,TBOC,M. gigas,Tide,15,30,2,3.925,2.279
2022,1,South,TBOC,M. gigas,Tide,15,30,3,3.391,2.178
2022,1,South,TBOC,M. gigas,Tide,15,30,4,4.477,2.414
2022,1,South,TBOC,M. gigas,Tide,15,30,5,4.014,2.735
2022,1,South,TBOC,M. gigas,Tide,15,30,6,3.066,1.75
2022,1,South,TBOC,M. gigas,Tide,15,30,7,3.778,2.039
2022,1,South,TBOC,M. gigas,Tide,15,30,8,3.747,2.362
2022,1,South,TBOC,M. gigas,Tide,15,30,9,2.779,2.386
2022,1,South,TBOC,M. gigas,Tide,15,30,10,3.263,2.275
2022,1,South,TBOC,M. gigas,Tide,21,31,1,3.313,2.195
2022,1,South,TBOC,M. gigas,Tide,21,31,2,2.795,1.845
2022,1,South,TBOC,M. gigas,Tide,21,31,3,3.404,2.685
2022,1,South,TBOC,M. gigas,Tide,21,31,4,2.906,2.387
2022,1,South,TBOC,M. gigas,Tide,21,31,5,3.657,2.021
2022,1,South,TBOC,M. gigas,Tide,21,31,6,2.915,2.033
2022,1,South,TBOC,M. gigas,Tide,21,31,7,2.995,2.575
2022,1,South,TBOC,M. gigas,Tide,21,31,8,2.938,1.664
2022,1,South,TBOC,M. gigas,Tide,21,31,9,2.635,2.102
2022,1,South,TBOC,M. gigas,Tide,21,31,10,2.923,2.788
2022,1,South,TBOC,M. gigas,Tide,21,32,1,2.91,2.645
2022,1,South,TBOC,M. gigas,Tide,21,32,2,3.332,2.116
2022,1,South,TBOC,M. gigas,Tide,21,32,3,3.189,2.09
2022,1,South,TBOC,M. gigas,Tide,21,32,4,3.153,2.475
2022,1,South,TBOC,M. gigas,Tide,21,32,5,3.266,2.265
2022,1,South,TBOC,M. gigas,Tide,21,32,6,3.135,2.007
2022,1,South,TBOC,M. gigas,Tide,21,32,7,2.685,1.6
2022,1,South,TBOC,M. gigas,Tide,21,32,8,2.971,1.952
2022,1,South,TBOC,M. gigas,Tide,21,32,9,3.158,1.965
2022,1,South,TBOC,M. gigas,Tide,21,32,10,2.957,1.991
2022,1,South,TBOC,M. gigas,Tide,21,33,1,2.805,1.912
2022,1,South,TBOC,M. gigas,Tide,21,33,2,3.235,1.953
2022,1,South,TBOC,M. gigas,Tide,21,33,3,2.959,2.033
2022,1,South,TBOC,M. gigas,Tide,21,33,4,3.279,2.02
2022,1,South,TBOC,M. gigas,Tide,21,33,5,2.711,1.94
2022,1,South,TBOC,M. gigas,Tide,21,33,6,3.856,2.169
2022,1,South,TBOC,M. gigas,Tide,21,33,7,3.24,2.292
2022,1,South,TBOC,M. gigas,Tide,21,33,8,3.173,1.992
2022,1,South,TBOC,M. gigas,Tide,21,33,9,3.843,1.842
2022,1,South,TBOC,M. gigas,Tide,21,33,10,3.769,2.195
2022,1,South,TBOC,M. gigas,No Tide,21,34,1,3.645,2.677
2022,1,South,TBOC,M. gigas,No Tide,21,34,2,3.468,1.866
2022,1,South,TBOC,M. gigas,No Tide,21,34,3,2.861,1.972
2022,1,South,TBOC,M. gigas,No Tide,21,34,4,2.798,1.906
2022,1,South,TBOC,M. gigas,No Tide,21,34,5,3.419,1.999
2022,1,South,TBOC,M. gigas,No Tide,21,34,6,2.499,1.6
2022,1,South,TBOC,M. gigas,No Tide,21,34,7,3.198,1.999
2022,1,South,TBOC,M. gigas,No Tide,21,34,8,3.185,2.536
2022,1,South,TBOC,M. gigas,No Tide,21,34,9,2.64,2.24
2022,1,South,TBOC,M. gigas,No Tide,21,34,10,3.442,1.804
2022,1,South,TBOC,M. gigas,No Tide,21,35,1,4.336,2.319
2022,1,South,TBOC,M. gigas,No Tide,21,35,2,3.289,2.347
2022,1,South,TBOC,M. gigas,No Tide,21,35,3,3.926,2.159
2022,1,South,TBOC,M. gigas,No Tide,21,35,4,3.782,2.412
2022,1,South,TBOC,M. gigas,No Tide,21,35,5,3.427,2.044
2022,1,South,TBOC,M. gigas,No Tide,21,35,6,3.326,2.053
2022,1,South,TBOC,M. gigas,No Tide,21,35,7,3.121,2.265
2022,1,South,TBOC,M. gigas,No Tide,21,35,8,3.505,2.417
2022,1,South,TBOC,M. gigas,No Tide,21,35,9,2.894,2.205
2022,1,South,TBOC,M. gigas,No Tide,21,35,10,3.123,2.293
2022,1,South,TBOC,M. gigas,No Tide,21,36,1,2.823,2.101
2022,1,South,TBOC,M. gigas,No Tide,21,36,2,3.112,1.777
2022,1,South,TBOC,M. gigas,No Tide,21,36,3,2.892,1.839
2022,1,South,TBOC,M. gigas,No Tide,21,36,4,3.466,2.027
2022,1,South,TBOC,M. gigas,No Tide,21,36,5,3.207,2.053
2022,1,South,TBOC,M. gigas,No Tide,21,36,6,3.815,2.03
2022,1,South,TBOC,M. gigas,No Tide,21,36,7,3.481,2.119
2022,1,South,TBOC,M. gigas,No Tide,21,36,8,3.483,2.001
2022,1,South,TBOC,M. gigas,No Tide,21,36,9,3.255,1.986
2022,1,South,TBOC,M. gigas,No Tide,21,36,10,3.63,1.823
2022,6,South,TBOC,M. gigas,No Tide,15,25,1,4.535,2.931
2022,6,South,TBOC,M. gigas,No Tide,15,25,2,3.257,2.045
2022,6,South,TBOC,M. gigas,No Tide,15,25,3,3.312,2.379
2022,6,South,TBOC,M. gigas,No Tide,15,25,4,3.678,2.244
2022,6,South,TBOC,M. gigas,No Tide,15,25,5,4.047,2.416
2022,6,South,TBOC,M. gigas,No Tide,15,25,6,3.137,2.182
2022,6,South,TBOC,M. gigas,No Tide,15,25,7,4.078,2.644
2022,6,South,TBOC,M. gigas,No Tide,15,25,8,3.925,2.71
2022,6,South,TBOC,M. gigas,No Tide,15,25,9,3.885,3.01
2022,6,South,TBOC,M. gigas,No Tide,15,25,10,3.699,2.236
2022,6,South,TBOC,M. gigas,No Tide,15,26,1,5.07,3.014
2022,6,South,TBOC,M. gigas,No Tide,15,26,2,3.481,2.219
2022,6,South,TBOC,M. gigas,No Tide,15,26,3,5.197,2.916
2022,6,South,TBOC,M. gigas,No Tide,15,26,4,4.384,2.426
2022,6,South,TBOC,M. gigas,No Tide,15,26,5,4.52,2.713
2022,6,South,TBOC,M. gigas,No Tide,15,26,6,4.432,2.907
2022,6,South,TBOC,M. gigas,No Tide,15,26,7,4.851,2.208
2022,6,South,TBOC,M. gigas,No Tide,15,26,8,4.102,2.134
2022,6,South,TBOC,M. gigas,No Tide,15,26,9,5.233,2.275
2022,6,South,TBOC,M. gigas,No Tide,15,27,1,3.017,1.978
2022,6,South,TBOC,M. gigas,No Tide,15,27,2,3.158,1.864
2022,6,South,TBOC,M. gigas,No Tide,15,27,3,4.266,2.587
2022,6,South,TBOC,M. gigas,No Tide,15,27,4,2.892,2.387
2022,6,South,TBOC,M. gigas,No Tide,15,27,5,3.188,2.293
2022,6,South,TBOC,M. gigas,No Tide,15,27,6,3.646,2.28
2022,6,South,TBOC,M. gigas,No Tide,15,27,7,3.707,2
2022,6,South,TBOC,M. gigas,No Tide,15,27,8,4.122,2.559
2022,6,South,TBOC,M. gigas,No Tide,15,27,9,2.56,2.099
2022,6,South,TBOC,M. gigas,No Tide,15,27,10,4.864,2
2022,6,South,TBOC,M. gigas,Tide,15,28,2,3.069,2.188
2022,6,South,TBOC,M. gigas,Tide,15,28,3,4.066,3.094
2022,6,South,TBOC,M. gigas,Tide,15,28,4,5.04,2.82
2022,6,South,TBOC,M. gigas,Tide,15,28,5,4.491,2.586
2022,6,South,TBOC,M. gigas,Tide,15,28,6,4.141,2.249
2022,6,South,TBOC,M. gigas,Tide,15,28,7,4.706,2.759
2022,6,South,TBOC,M. gigas,Tide,15,28,8,3.542,2.061
2022,6,South,TBOC,M. gigas,Tide,15,28,9,4.591,2.505
2022,6,South,TBOC,M. gigas,Tide,15,28,10,4.807,2.496
2022,6,South,TBOC,M. gigas,Tide,15,29,1,4.671,2.409
2022,6,South,TBOC,M. gigas,Tide,15,29,2,4.258,2.65
2022,6,South,TBOC,M. gigas,Tide,15,29,3,3.761,2.18
2022,6,South,TBOC,M. gigas,Tide,15,29,4,3.977,2.689
2022,6,South,TBOC,M. gigas,Tide,15,29,5,3.61,2.916
2022,6,South,TBOC,M. gigas,Tide,15,29,6,3.804,2.32
2022,6,South,TBOC,M. gigas,Tide,15,29,7,4.513,2.481
2022,6,South,TBOC,M. gigas,Tide,15,29,8,3.521,2.558
2022,6,South,TBOC,M. gigas,Tide,15,29,9,3.7,2.396
2022,6,South,TBOC,M. gigas,Tide,15,29,10,3.474,2.32
2022,6,South,TBOC,M. gigas,Tide,15,30,1,3.145,2.202
2022,6,South,TBOC,M. gigas,Tide,15,30,2,3.506,2.442
2022,6,South,TBOC,M. gigas,Tide,15,30,3,3.557,2.107
2022,6,South,TBOC,M. gigas,Tide,15,30,4,4.499,3.107
2022,6,South,TBOC,M. gigas,Tide,15,30,5,4.036,2.704
2022,6,South,TBOC,M. gigas,Tide,15,30,6,4.226,2.962
2022,6,South,TBOC,M. gigas,Tide,15,30,7,4.518,2.825
2022,6,South,TBOC,M. gigas,Tide,15,30,8,3.631,1.928
2022,6,South,TBOC,M. gigas,Tide,15,30,9,3.278,2.483
2022,6,South,TBOC,M. gigas,Tide,15,30,10,3.501,1.779
2022,6,South,TBOC,M. gigas,Tide,21,31,1,4.326,2.568
2022,6,South,TBOC,M. gigas,Tide,21,31,2,3.357,2.342
2022,6,South,TBOC,M. gigas,Tide,21,31,3,4.586,2.697
2022,6,South,TBOC,M. gigas,Tide,21,31,4,5.489,2.665
2022,6,South,TBOC,M. gigas,Tide,21,31,5,3.622,3.049
2022,6,South,TBOC,M. gigas,Tide,21,31,6,4.213,2.513
2022,6,South,TBOC,M. gigas,Tide,21,31,7,4.712,3.261
2022,6,South,TBOC,M. gigas,Tide,21,31,8,3.79,2.14
2022,6,South,TBOC,M. gigas,Tide,21,31,9,3.673,2.693
2022,6,South,TBOC,M. gigas,Tide,21,31,10,3.255,1.833
2022,6,South,TBOC,M. gigas,Tide,21,32,1,3.642,2.4
2022,6,South,TBOC,M. gigas,Tide,21,32,2,3.134,1.851
2022,6,South,TBOC,M. gigas,Tide,21,32,3,3.838,2.881
2022,6,South,TBOC,M. gigas,Tide,21,32,4,3.872,2.065
2022,6,South,TBOC,M. gigas,Tide,21,32,5,3.249,2.503
2022,6,South,TBOC,M. gigas,Tide,21,32,6,4.104,2.528
2022,6,South,TBOC,M. gigas,Tide,21,32,7,4,2.364
2022,6,South,TBOC,M. gigas,Tide,21,32,8,3.466,2.471
2022,6,South,TBOC,M. gigas,Tide,21,32,9,3.224,2.232
2022,6,South,TBOC,M. gigas,Tide,21,32,10,3.517,1.947
2022,6,South,TBOC,M. gigas,Tide,21,33,1,4.081,1.959
2022,6,South,TBOC,M. gigas,Tide,21,33,2,3.982,2.575
2022,6,South,TBOC,M. gigas,Tide,21,33,3,3.226,2.257
2022,6,South,TBOC,M. gigas,Tide,21,33,4,3.861,2.264
2022,6,South,TBOC,M. gigas,Tide,21,33,5,4.167,2.704
2022,6,South,TBOC,M. gigas,Tide,21,33,6,3.392,2.175
2022,6,South,TBOC,M. gigas,Tide,21,33,7,5.614,2.297
2022,6,South,TBOC,M. gigas,Tide,21,33,8,5.286,2.555
2022,6,South,TBOC,M. gigas,Tide,21,33,9,3.657,2.65
2022,6,South,TBOC,M. gigas,Tide,21,33,10,3.87,2.362
2022,6,South,TBOC,M. gigas,No Tide,21,34,1,3.208,2.03
2022,6,South,TBOC,M. gigas,No Tide,21,34,2,4.049,2.315
2022,6,South,TBOC,M. gigas,No Tide,21,34,3,4.126,2.877
2022,6,South,TBOC,M. gigas,No Tide,21,34,4,3.759,2.447
2022,6,South,TBOC,M. gigas,No Tide,21,34,5,4.115,2.114
2022,6,South,TBOC,M. gigas,No Tide,21,34,6,4.136,2.124
2022,6,South,TBOC,M. gigas,No Tide,21,34,7,4.101,2.607
2022,6,South,TBOC,M. gigas,No Tide,21,34,8,3.591,2.252
2022,6,South,TBOC,M. gigas,No Tide,21,34,9,4.459,2.575
2022,6,South,TBOC,M. gigas,No Tide,21,34,10,2.937,1.892
2022,6,South,TBOC,M. gigas,No Tide,21,35,1,3.675,2.768
2022,6,South,TBOC,M. gigas,No Tide,21,35,2,3.877,3.378
2022,6,South,TBOC,M. gigas,No Tide,21,35,3,4.437,2.714
2022,6,South,TBOC,M. gigas,No Tide,21,35,4,4.013,2.122
2022,6,South,TBOC,M. gigas,No Tide,21,35,5,4.397,2.171
2022,6,South,TBOC,M. gigas,No Tide,21,35,6,3.794,2.619
2022,6,South,TBOC,M. gigas,No Tide,21,35,7,3.525,3.041
2022,6,South,TBOC,M. gigas,No Tide,21,35,8,4.537,3.46
2022,6,South,TBOC,M. gigas,No Tide,21,35,9,3.62,2.166
2022,6,South,TBOC,M. gigas,No Tide,21,35,10,4.007,2.633
2022,6,South,TBOC,M. gigas,No Tide,21,36,1,5.004,2.359
2022,6,South,TBOC,M. gigas,No Tide,21,36,2,3.883,2.371
2022,6,South,TBOC,M. gigas,No Tide,21,36,3,4.77,2.86
2022,6,South,TBOC,M. gigas,No Tide,21,36,4,3.927,2.274
2022,6,South,TBOC,M. gigas,No Tide,21,36,5,3.157,2.429
2022,6,South,TBOC,M. gigas,No Tide,21,36,6,4.799,2.244
2022,6,South,TBOC,M. gigas,No Tide,21,36,7,3.692,2.481
2022,6,South,TBOC,M. gigas,No Tide,21,36,8,4.245,2.168
2022,6,South,TBOC,M. gigas,No Tide,21,36,9,3.34,2.009
2022,6,South,TBOC,M. gigas,No Tide,21,36,10,4.231,2.374
