Bag,Replicate,Sampling,Date,Site,Species,Species_Latin,SH_Temp,SH_Tide,Dilution,Homogenate_added_ul,HCl04_ul_2,Date_Homegenized,Date_Ran,Glycogen content (umol glycosyl units/g protein),Notes
1,1,2,29-June-2022,HIOC - North,Pacific,M. gigas,15,No_Tide,1,40,1000,29-September-2022,02/10/23,2.83569702,
1,2,2,29-June-2022,HIOC - North,Pacific,M. gigas,15,No_Tide,1,40,1000,29-September-2022,02/10/23,29.6941317,
1,3,2,29-June-2022,HIOC - North,Pacific,M. gigas,15,No_Tide,1,40,1000,29-September-2022,02/10/23,15.0284083,
1,4,2,29-June-2022,HIOC - North,Pacific,M. gigas,15,No_Tide,1,40,1000,29-September-2022,02/10/23,3.87886464,
1,5,2,29-June-2022,HIOC - North,Pacific,M. gigas,15,No_Tide,1,40,1000,29-September-2022,02/10/23,8.27593153,
2,1,2,29-June-2022,HIOC - North,Pacific,M. gigas,15,No_Tide,1,40,1000,29-September-2022,02/10/23,13.7899479,
2,2,2,29-June-2022,HIOC - North,Pacific,M. gigas,15,No_Tide,1,40,1000,29-September-2022,02/10/23,36.3837802,
2,3,2,29-June-2022,HIOC - North,Pacific,M. gigas,15,No_Tide,1,40,1000,29-September-2022,02/10/23,36.1498869,
2,4,2,29-June-2022,HIOC - North,Pacific,M. gigas,15,No_Tide,1,40,1000,29-September-2022,02/10/23,10.7539799,
2,5,2,29-June-2022,HIOC - North,Pacific,M. gigas,15,No_Tide,1,40,1000,29-September-2022,02/10/23,5.54883417,
3,1,2,29-June-2022,HIOC - North,Pacific,M. gigas,15,No_Tide,1,40,1000,29-September-2022,02/10/23,7.23909073,
3,2,2,29-June-2022,HIOC - North,Pacific,M. gigas,15,No_Tide,1,40,1000,29-September-2022,02/10/23,10.1660553,
3,3,2,29-June-2022,HIOC - North,Pacific,M. gigas,15,No_Tide,1,40,1000,29-September-2022,02/10/23,15.6152899,
3,4,2,29-June-2022,HIOC - North,Pacific,M. gigas,15,No_Tide,1,40,1000,29-September-2022,02/10/23,17.5783654,
3,5,2,29-June-2022,HIOC - North,Pacific,M. gigas,15,No_Tide,1,40,1000,29-September-2022,02/10/23,12.4521703,
4,1,2,29-June-2022,HIOC - North,Pacific,M. gigas,15,Tide,1,40,1000,29-September-2022,02/10/23,5.75909068,
4,2,2,29-June-2022,HIOC - North,Pacific,M. gigas,15,Tide,1,40,1000,29-September-2022,02/10/23,11.8488068,
4,3,2,29-June-2022,HIOC - North,Pacific,M. gigas,15,Tide,1,40,1000,29-September-2022,02/10/23,6.29626351,
4,4,2,29-June-2022,HIOC - North,Pacific,M. gigas,15,Tide,1,40,1000,29-September-2022,02/10/23,12.6349709,
4,5,2,29-June-2022,HIOC - North,Pacific,M. gigas,15,Tide,1,40,1000,29-September-2022,02/10/23,16.9349301,
5,1,2,29-June-2022,HIOC - North,Pacific,M. gigas,15,Tide,1,40,1000,29-September-2022,02/10/23,12.1908323,
5,2,2,29-June-2022,HIOC - North,Pacific,M. gigas,15,Tide,1,40,1000,29-September-2022,02/10/23,13.4111839,
5,3,2,29-June-2022,HIOC - North,Pacific,M. gigas,15,Tide,1,40,1000,29-September-2022,02/10/23,12.9230717,
5,4,2,29-June-2022,HIOC - North,Pacific,M. gigas,15,Tide,1,40,1000,29-September-2022,02/10/23,25.0336331,
5,5,2,29-June-2022,HIOC - North,Pacific,M. gigas,15,Tide,1,40,1000,29-September-2022,02/10/23,5.20061316,
6,1,2,29-June-2022,HIOC - North,Pacific,M. gigas,15,Tide,1,40,1000,29-September-2022,02/10/23,22.7261165,
6,2,2,29-June-2022,HIOC - North,Pacific,M. gigas,15,Tide,1,40,1000,29-September-2022,02/10/23,22.0159253,
6,3,2,29-June-2022,HIOC - North,Pacific,M. gigas,15,Tide,1,40,1000,29-September-2022,02/10/23,10.1184754,
6,4,2,29-June-2022,HIOC - North,Pacific,M. gigas,15,Tide,1,40,1000,29-September-2022,02/10/23,6.10320741,
6,5,2,29-June-2022,HIOC - North,Pacific,M. gigas,15,Tide,1,40,1000,29-September-2022,02/10/23,22.4045244,
7,1,2,29-June-2022,HIOC - North,Pacific,M. gigas,21,Tide,1,40,1000,29-September-2022,02/10/23,13.9249794,
7,2,2,29-June-2022,HIOC - North,Pacific,M. gigas,21,Tide,1,40,1000,29-September-2022,02/10/23,17.9033212,
7,3,2,29-June-2022,HIOC - North,Pacific,M. gigas,21,Tide,1,40,1000,29-September-2022,02/10/23,9.29017862,
7,4,2,29-June-2022,HIOC - North,Pacific,M. gigas,21,Tide,1,40,1000,29-September-2022,02/10/23,18.6548757,
7,5,2,29-June-2022,HIOC - North,Pacific,M. gigas,21,Tide,1,40,1000,29-September-2022,02/10/23,9.49949343,
8,1,2,29-June-2022,HIOC - North,Pacific,M. gigas,21,Tide,1,40,1000,29-September-2022,02/10/23,35.1813717,
8,2,2,29-June-2022,HIOC - North,Pacific,M. gigas,21,Tide,1,40,1000,29-September-2022,02/10/23,11.9804557,
8,3,2,29-June-2022,HIOC - North,Pacific,M. gigas,21,Tide,1,40,1000,29-September-2022,02/10/23,14.6598796,
8,4,2,29-June-2022,HIOC - North,Pacific,M. gigas,21,Tide,1,40,1000,29-September-2022,02/10/23,7.3693074,
8,5,2,29-June-2022,HIOC - North,Pacific,M. gigas,21,Tide,1,40,1000,29-September-2022,02/10/23,16.8103413,
9,1,2,29-June-2022,HIOC - North,Pacific,M. gigas,21,Tide,1,40,1000,29-September-2022,02/10/23,10.6042506,
9,2,2,29-June-2022,HIOC - North,Pacific,M. gigas,21,Tide,1,40,1000,29-September-2022,02/10/23,7.515126,
9,3,2,29-June-2022,HIOC - North,Pacific,M. gigas,21,Tide,1,40,1000,29-September-2022,02/10/23,17.2502266,
9,4,2,29-June-2022,HIOC - North,Pacific,M. gigas,21,Tide,1,40,1000,29-September-2022,02/10/23,6.92638667,
9,5,2,29-June-2022,HIOC - North,Pacific,M. gigas,21,Tide,1,40,1000,29-September-2022,02/10/23,17.2395832,
10,1,2,29-June-2022,HIOC - North,Pacific,M. gigas,21,No_Tide,1,40,1000,29-September-2022,02/10/23,3.55030435,
10,2,2,29-June-2022,HIOC - North,Pacific,M. gigas,21,No_Tide,1,40,1000,29-September-2022,02/10/23,25.0125982,
10,3,2,29-June-2022,HIOC - North,Pacific,M. gigas,21,No_Tide,1,40,1000,29-September-2022,02/10/23,18.2991835,
10,4,2,29-June-2022,HIOC - North,Pacific,M. gigas,21,No_Tide,1,40,1000,29-September-2022,02/10/23,9.1302524,
10,5,2,29-June-2022,HIOC - North,Pacific,M. gigas,21,No_Tide,1,40,1000,29-September-2022,02/10/23,13.4813947,
11,1,2,29-June-2022,HIOC - North,Pacific,M. gigas,21,No_Tide,1,40,1000,29-September-2022,02/10/23,52.0440883,
11,2,2,29-June-2022,HIOC - North,Pacific,M. gigas,21,No_Tide,1,40,1000,29-September-2022,02/10/23,7.43554678,
11,3,2,29-June-2022,HIOC - North,Pacific,M. gigas,21,No_Tide,1,40,1000,29-September-2022,02/10/23,8.70277037,
11,4,2,29-June-2022,HIOC - North,Pacific,M. gigas,21,No_Tide,1,40,1000,29-September-2022,02/10/23,6.23789591,
11,5,2,29-June-2022,HIOC - North,Pacific,M. gigas,21,No_Tide,1,40,1000,29-September-2022,02/10/23,6.11720901,
12,1,2,29-June-2022,HIOC - North,Pacific,M. gigas,21,No_Tide,1,40,1000,29-September-2022,02/10/23,4.51576174,
12,2,2,29-June-2022,HIOC - North,Pacific,M. gigas,21,No_Tide,1,40,1000,29-September-2022,02/10/23,14.7735798,
12,3,2,29-June-2022,HIOC - North,Pacific,M. gigas,21,No_Tide,1,40,1000,29-September-2022,02/10/23,16.002584,
12,4,2,29-June-2022,HIOC - North,Pacific,M. gigas,21,No_Tide,1,40,1000,29-September-2022,02/10/23,29.6247108,
12,5,2,29-June-2022,HIOC - North,Pacific,M. gigas,21,No_Tide,1,40,1000,29-September-2022,02/10/23,17.3924299,
13,1,2,29-June-2022,BBOC - Middle,Pacific,M. gigas,15,No_Tide,1,40,1000,29-September-2022,02/10/23,3.2377956,
13,2,2,29-June-2022,BBOC - Middle,Pacific,M. gigas,15,No_Tide,1,40,1000,29-September-2022,02/10/23,4.29974478,
13,3,2,29-June-2022,BBOC - Middle,Pacific,M. gigas,15,No_Tide,1,40,1000,29-September-2022,02/10/23,7.11799741,
13,4,2,29-June-2022,BBOC - Middle,Pacific,M. gigas,15,No_Tide,1,40,1000,29-September-2022,02/10/23,5.68705932,
13,5,2,29-June-2022,BBOC - Middle,Pacific,M. gigas,15,No_Tide,1,40,1000,29-September-2022,02/10/23,2.54863093,
14,1,2,29-June-2022,BBOC - Middle,Pacific,M. gigas,15,No_Tide,1,40,1000,29-September-2022,02/10/23,3.58077506,
14,2,2,29-June-2022,BBOC - Middle,Pacific,M. gigas,15,No_Tide,1,40,1000,29-September-2022,02/10/23,4.86349016,
14,3,2,29-June-2022,BBOC - Middle,Pacific,M. gigas,15,No_Tide,1,40,1000,29-September-2022,02/10/23,4.93111602,
14,4,2,29-June-2022,BBOC - Middle,Pacific,M. gigas,15,No_Tide,1,40,1000,29-September-2022,02/10/23,2.49499723,
14,5,2,29-June-2022,BBOC - Middle,Pacific,M. gigas,15,No_Tide,1,40,1000,29-September-2022,02/10/23,3.89468176,
15,1,2,29-June-2022,BBOC - Middle,Pacific,M. gigas,15,No_Tide,1,40,1000,29-September-2022,02/10/23,2.09969697,
15,2,2,29-June-2022,BBOC - Middle,Pacific,M. gigas,15,No_Tide,1,40,1000,29-September-2022,02/10/23,3.31935576,
15,3,2,29-June-2022,BBOC - Middle,Pacific,M. gigas,15,No_Tide,1,40,1000,29-September-2022,02/10/23,3.0017079,
15,4,2,29-June-2022,BBOC - Middle,Pacific,M. gigas,15,No_Tide,1,40,1000,29-September-2022,02/10/23,5.20271055,
15,5,2,29-June-2022,BBOC - Middle,Pacific,M. gigas,15,No_Tide,1,40,1000,29-September-2022,02/10/23,5.30963071,
16,1,2,29-June-2022,BBOC - Middle,Pacific,M. gigas,15,Tide,1,40,1000,29-September-2022,02/10/23,3.10131129,
16,2,2,29-June-2022,BBOC - Middle,Pacific,M. gigas,15,Tide,1,40,1000,29-September-2022,02/10/23,2.50465707,
16,3,2,29-June-2022,BBOC - Middle,Pacific,M. gigas,15,Tide,1,40,1000,29-September-2022,02/10/23,2.26099178,
16,4,2,29-June-2022,BBOC - Middle,Pacific,M. gigas,15,Tide,1,40,1000,29-September-2022,02/10/23,2.22295163,
16,5,2,29-June-2022,BBOC - Middle,Pacific,M. gigas,15,Tide,1,40,1000,29-September-2022,02/10/23,1.91987762,
17,1,2,29-June-2022,BBOC - Middle,Pacific,M. gigas,15,Tide,1,40,1000,30-September-2022,02/10/23,3.83462284,
17,2,2,29-June-2022,BBOC - Middle,Pacific,M. gigas,15,Tide,1,40,1000,30-September-2022,02/10/23,1.42866494,
17,3,2,29-June-2022,BBOC - Middle,Pacific,M. gigas,15,Tide,1,40,1000,30-September-2022,02/10/23,1.0857281,
17,4,2,29-June-2022,BBOC - Middle,Pacific,M. gigas,15,Tide,1,40,1000,30-September-2022,02/10/23,1.82794682,
17,5,2,29-June-2022,BBOC - Middle,Pacific,M. gigas,15,Tide,1,40,1000,30-September-2022,02/10/23,1.88750595,
18,1,2,29-June-2022,BBOC - Middle,Pacific,M. gigas,15,Tide,-------------------------------- SARAH ALREADY PROCESSED -------------------------------- ,,,,02/10/23,1.27830583,
18,2,2,29-June-2022,BBOC - Middle,Pacific,M. gigas,15,Tide,1,40,1000,30-September-2022,02/10/23,0.71206528,
18,3,2,29-June-2022,BBOC - Middle,Pacific,M. gigas,15,Tide,1,40,1000,30-September-2022,02/10/23,0.85277596,
18,4,2,29-June-2022,BBOC - Middle,Pacific,M. gigas,15,Tide,1,40,1000,30-September-2022,02/10/23,0.57997883,
18,5,2,29-June-2022,BBOC - Middle,Pacific,M. gigas,15,Tide,1,40,1000,30-September-2022,02/10/23,1.61049591,
19,1,2,29-June-2022,BBOC - Middle,Pacific,M. gigas,21,Tide,-------------------------------- SARAH ALREADY PROCESSED -------------------------------- ,,,,02/10/23,1.94629457,
19,2,2,29-June-2022,BBOC - Middle,Pacific,M. gigas,21,Tide,1,40,1000,30-September-2022,02/10/23,1.04872207,
19,3,2,29-June-2022,BBOC - Middle,Pacific,M. gigas,21,Tide,1,40,1000,30-September-2022,02/10/23,1.15907873,
19,4,2,29-June-2022,BBOC - Middle,Pacific,M. gigas,21,Tide,1,40,1000,30-September-2022,02/10/23,6.96676275,
19,5,2,29-June-2022,BBOC - Middle,Pacific,M. gigas,21,Tide,1,40,1000,30-September-2022,02/10/23,1.39687599,
20,1,2,29-June-2022,BBOC - Middle,Pacific,M. gigas,21,Tide,1,40,1000,30-September-2022,02/10/23,1.16604989,
20,2,2,29-June-2022,BBOC - Middle,Pacific,M. gigas,21,Tide,1,40,1000,30-September-2022,02/10/23,0.70467348,
20,3,2,29-June-2022,BBOC - Middle,Pacific,M. gigas,21,Tide,1,40,1000,30-September-2022,02/10/23,1.66047897,
20,4,2,29-June-2022,BBOC - Middle,Pacific,M. gigas,21,Tide,1,40,1000,30-September-2022,02/10/23,1.99182428,
20,5,2,29-June-2022,BBOC - Middle,Pacific,M. gigas,21,Tide,1,40,1000,30-September-2022,02/10/23,1.437388,
21,1,2,29-June-2022,BBOC - Middle,Pacific,M. gigas,21,Tide,-------------------------------- SARAH ALREADY PROCESSED -------------------------------- ,,,,02/10/23,0.91638589,
21,2,2,29-June-2022,BBOC - Middle,Pacific,M. gigas,21,Tide,1,40,1000,30-September-2022,02/10/23,1.17642032,
21,3,2,29-June-2022,BBOC - Middle,Pacific,M. gigas,21,Tide,1,40,1000,30-September-2022,02/10/23,2.04312572,
21,4,2,29-June-2022,BBOC - Middle,Pacific,M. gigas,21,Tide,1,40,1000,30-September-2022,02/10/23,0.50923636,
21,5,2,29-June-2022,BBOC - Middle,Pacific,M. gigas,21,Tide,1,40,1000,30-September-2022,02/10/23,0.6442546,
22,1,2,29-June-2022,BBOC - Middle,Pacific,M. gigas,21,No_Tide,1,40,1000,30-September-2022,02/10/23,0.96914866,
22,2,2,29-June-2022,BBOC - Middle,Pacific,M. gigas,21,No_Tide,1,40,1000,30-September-2022,02/10/23,0.69143614,
22,3,2,29-June-2022,BBOC - Middle,Pacific,M. gigas,21,No_Tide,1,40,1000,30-September-2022,02/10/23,5.48378379,
22,4,2,29-June-2022,BBOC - Middle,Pacific,M. gigas,21,No_Tide,1,40,1000,30-September-2022,02/10/23,1.0199704,
22,5,2,29-June-2022,BBOC - Middle,Pacific,M. gigas,21,No_Tide,1,40,1000,30-September-2022,02/10/23,1.56995997,
23,1,2,29-June-2022,BBOC - Middle,Pacific,M. gigas,21,No_Tide,1,40,1000,30-September-2022,02/10/23,0.46621362,
23,2,2,29-June-2022,BBOC - Middle,Pacific,M. gigas,21,No_Tide,1,40,1000,30-September-2022,02/10/23,1.73163168,
23,3,2,29-June-2022,BBOC - Middle,Pacific,M. gigas,21,No_Tide,1,40,1000,30-September-2022,02/10/23,0.74127516,
23,4,2,29-June-2022,BBOC - Middle,Pacific,M. gigas,21,No_Tide,1,40,1000,30-September-2022,02/10/23,0.73461,
23,5,2,29-June-2022,BBOC - Middle,Pacific,M. gigas,21,No_Tide,1,40,1000,30-September-2022,02/10/23,1.59674325,
24,1,2,29-June-2022,BBOC - Middle,Pacific,M. gigas,21,No_Tide,-------------------------------- SARAH ALREADY PROCESSED -------------------------------- ,,,,02/10/23,2.18456759,
24,2,2,29-June-2022,BBOC - Middle,Pacific,M. gigas,21,No_Tide,1,40,1000,30-September-2022,02/10/23,5.84391784,part of sample lost
24,3,2,29-June-2022,BBOC - Middle,Pacific,M. gigas,21,No_Tide,1,40,1000,30-September-2022,02/10/23,2.94404361,
24,4,2,29-June-2022,BBOC - Middle,Pacific,M. gigas,21,No_Tide,1,40,1000,30-September-2022,02/10/23,0.96519566,
24,5,2,29-June-2022,BBOC - Middle,Pacific,M. gigas,21,No_Tide,1,40,1000,30-September-2022,02/10/23,0.86459483,
25,1,2,30-June-2022,TBOC - South,Pacific,M. gigas,15,No_Tide,1,40,1000,30-September-2022,02/10/23,3.26888706,
25,2,2,30-June-2022,TBOC - South,Pacific,M. gigas,15,No_Tide,1,40,1000,30-September-2022,02/10/23,2.14764125,
25,3,2,30-June-2022,TBOC - South,Pacific,M. gigas,15,No_Tide,1,40,1000,30-September-2022,02/10/23,1.79017822,
25,4,2,30-June-2022,TBOC - South,Pacific,M. gigas,15,No_Tide,1,40,1000,30-September-2022,02/10/23,1.08495246,
25,5,2,30-June-2022,TBOC - South,Pacific,M. gigas,15,No_Tide,1,40,1000,30-September-2022,02/10/23,1.14077143,
26,1,2,30-June-2022,TBOC - South,Pacific,M. gigas,15,No_Tide,1,40,1000,30-September-2022,02/10/23,3.16472214,
26,2,2,30-June-2022,TBOC - South,Pacific,M. gigas,15,No_Tide,1,40,1000,30-September-2022,02/10/23,6.3143076,
26,3,2,30-June-2022,TBOC - South,Pacific,M. gigas,15,No_Tide,1,40,1000,30-September-2022,02/10/23,1.50448745,
26,4,2,30-June-2022,TBOC - South,Pacific,M. gigas,15,No_Tide,1,40,1000,30-September-2022,02/10/23,1.80807376,
26,5,2,30-June-2022,TBOC - South,Pacific,M. gigas,15,No_Tide,1,40,1000,30-September-2022,02/10/23,1.84118386,
27,1,2,30-June-2022,TBOC - South,Pacific,M. gigas,15,No_Tide,1,40,1000,30-September-2022,02/10/23,1.34857598,
27,2,2,30-June-2022,TBOC - South,Pacific,M. gigas,15,No_Tide,1,40,1000,30-September-2022,02/10/23,0.94585127,
27,3,2,30-June-2022,TBOC - South,Pacific,M. gigas,15,No_Tide,1,40,1000,30-September-2022,02/10/23,1.31234838,
27,4,2,30-June-2022,TBOC - South,Pacific,M. gigas,15,No_Tide,1,40,1000,30-September-2022,02/10/23,1.19413075,
27,5,2,30-June-2022,TBOC - South,Pacific,M. gigas,15,No_Tide,1,40,1000,30-September-2022,02/10/23,6.54687573,
28,1,2,30-June-2022,TBOC - South,Pacific,M. gigas,15,Tide,1,40,1000,30-September-2022,02/10/23,2.01043332,
28,2,2,30-June-2022,TBOC - South,Pacific,M. gigas,15,Tide,1,40,1000,30-September-2022,02/10/23,1.87078843,
28,3,2,30-June-2022,TBOC - South,Pacific,M. gigas,15,Tide,1,40,1000,30-September-2022,02/10/23,1.17051133,
28,4,2,30-June-2022,TBOC - South,Pacific,M. gigas,15,Tide,1,40,1000,30-September-2022,02/10/23,1.84305207,
28,5,2,30-June-2022,TBOC - South,Pacific,M. gigas,15,Tide,1,40,1000,30-September-2022,02/10/23,1.86231657,
29,1,2,30-June-2022,TBOC - South,Pacific,M. gigas,15,Tide,1,40,1000,30-September-2022,02/10/23,0.86887921,
29,2,2,30-June-2022,TBOC - South,Pacific,M. gigas,15,Tide,1,40,1000,30-September-2022,02/10/23,1.55100939,
29,3,2,30-June-2022,TBOC - South,Pacific,M. gigas,15,Tide,1,40,1000,30-September-2022,02/10/23,4.49026555,
29,4,2,30-June-2022,TBOC - South,Pacific,M. gigas,15,Tide,1,40,1000,30-September-2022,02/10/23,0.97381177,
29,5,2,30-June-2022,TBOC - South,Pacific,M. gigas,15,Tide,1,40,1000,30-September-2022,02/10/23,0.85943452,
30,1,2,30-June-2022,TBOC - South,Pacific,M. gigas,15,Tide,-------------------------------- SARAH ALREADY PROCESSED -------------------------------- ,,,,,1.66149902,
30,2,2,30-June-2022,TBOC - South,Pacific,M. gigas,15,Tide,1,40,1000,30-September-2022,02/10/23,0.97300948,
30,3,2,30-June-2022,TBOC - South,Pacific,M. gigas,15,Tide,1,40,1000,30-September-2022,02/10/23,1.33325666,
30,4,2,30-June-2022,TBOC - South,Pacific,M. gigas,15,Tide,1,40,1000,30-September-2022,02/10/23,1.41942967,
30,5,2,30-June-2022,TBOC - South,Pacific,M. gigas,15,Tide,1,40,1000,30-September-2022,02/10/23,1.41803107,
31,1,2,30-June-2022,TBOC - South,Pacific,M. gigas,21,Tide,1,40,1000,30-September-2022,02/10/23,1.56586818,
31,2,2,30-June-2022,TBOC - South,Pacific,M. gigas,21,Tide,1,40,1000,30-September-2022,02/10/23,1.26955082,
31,3,2,30-June-2022,TBOC - South,Pacific,M. gigas,21,Tide,1,40,1000,30-September-2022,02/10/23,0.97333487,
31,4,2,30-June-2022,TBOC - South,Pacific,M. gigas,21,Tide,1,40,1000,30-September-2022,02/10/23,1.58616163,
31,5,2,30-June-2022,TBOC - South,Pacific,M. gigas,21,Tide,1,40,1000,30-September-2022,02/10/23,2.35684042,
32,1,2,30-June-2022,TBOC - South,Pacific,M. gigas,21,Tide,1,40,1000,30-September-2022,02/10/23,1.48959707,
32,2,2,30-June-2022,TBOC - South,Pacific,M. gigas,21,Tide,1,40,1000,30-September-2022,02/10/23,1.96286751,
32,3,2,30-June-2022,TBOC - South,Pacific,M. gigas,21,Tide,1,40,1000,30-September-2022,02/10/23,1.15817345,
32,4,2,30-June-2022,TBOC - South,Pacific,M. gigas,21,Tide,1,40,1000,30-September-2022,02/10/23,1.88873386,
32,5,2,30-June-2022,TBOC - South,Pacific,M. gigas,21,Tide,1,40,1000,30-September-2022,02/10/23,1.52004884,
33,1,2,30-June-2022,TBOC - South,Pacific,M. gigas,21,Tide,1,40,1000,30-September-2022,02/10/23,0.61990952,
33,2,2,30-June-2022,TBOC - South,Pacific,M. gigas,21,Tide,1,40,1000,30-September-2022,02/10/23,0.57053871,
33,3,2,30-June-2022,TBOC - South,Pacific,M. gigas,21,Tide,1,40,1000,30-September-2022,02/10/23,6.69792387,
33,4,2,30-June-2022,TBOC - South,Pacific,M. gigas,21,Tide,1,40,1000,30-September-2022,02/10/23,5.46006402,
33,5,2,30-June-2022,TBOC - South,Pacific,M. gigas,21,Tide,1,40,1000,30-September-2022,02/10/23,4.27456871,
34,1,2,30-June-2022,TBOC - South,Pacific,M. gigas,21,No_Tide,-------------------------------- SARAH ALREADY PROCESSED -------------------------------- ,,,,,3.12764778,
34,2,2,30-June-2022,TBOC - South,Pacific,M. gigas,21,No_Tide,1,40,1000,30-September-2022,02/10/23,2.41800736,
34,3,2,30-June-2022,TBOC - South,Pacific,M. gigas,21,No_Tide,1,40,1000,30-September-2022,02/10/23,4.08399682,
34,4,2,30-June-2022,TBOC - South,Pacific,M. gigas,21,No_Tide,1,40,1000,30-September-2022,02/10/23,2.78896704,
34,5,2,30-June-2022,TBOC - South,Pacific,M. gigas,21,No_Tide,1,40,1000,30-September-2022,02/10/23,2.54292503,
35,1,2,30-June-2022,TBOC - South,Pacific,M. gigas,21,No_Tide,-------------------------------- SARAH ALREADY PROCESSED -------------------------------- ,,,,,2.29045799,
35,2,2,30-June-2022,TBOC - South,Pacific,M. gigas,21,No_Tide,1,40,1000,30-September-2022,02/10/23,1.87854305,
35,3,2,30-June-2022,TBOC - South,Pacific,M. gigas,21,No_Tide,1,40,1000,30-September-2022,02/10/23,1.31378309,
35,4,2,30-June-2022,TBOC - South,Pacific,M. gigas,21,No_Tide,1,40,1000,30-September-2022,02/10/23,4.21034205,
35,5,2,30-June-2022,TBOC - South,Pacific,M. gigas,21,No_Tide,1,40,1000,30-September-2022,02/10/23,3.07606537,
36,1,2,30-June-2022,TBOC - South,Pacific,M. gigas,21,No_Tide,-------------------------------- SARAH ALREADY PROCESSED -------------------------------- ,,,,,2.25849766,
36,2,2,30-June-2022,TBOC - South,Pacific,M. gigas,21,No_Tide,1,40,1000,30-September-2022,02/10/23,1.97018308,
36,3,2,30-June-2022,TBOC - South,Pacific,M. gigas,21,No_Tide,1,40,1000,30-September-2022,02/10/23,3.06997695,
36,4,2,30-June-2022,TBOC - South,Pacific,M. gigas,21,No_Tide,1,40,1000,30-September-2022,02/10/23,2.42782886,
36,5,2,30-June-2022,TBOC - South,Pacific,M. gigas,21,No_Tide,1,40,1000,30-September-2022,02/10/23,1.49608236,
1,1,5,12-Aug-2022,HIOC - North,Pacific,M. gigas,15,No_Tide,1,40,1000,9-October-2022,02/10/23,6.56549695,
1,2,5,12-Aug-2022,HIOC - North,Pacific,M. gigas,15,No_Tide,1,40,1000,9-October-2022,02/10/23,8.23797237,
1,3,5,12-Aug-2022,HIOC - North,Pacific,M. gigas,15,No_Tide,1,40,1000,9-October-2022,02/10/23,6.48924565,
1,4,5,12-Aug-2022,HIOC - North,Pacific,M. gigas,15,No_Tide,1,40,1000,9-October-2022,02/10/23,6.91167658,
1,5,5,12-Aug-2022,HIOC - North,Pacific,M. gigas,15,No_Tide,1,40,1000,9-October-2022,02/10/23,14.5276928,
2,1,5,12-Aug-2022,HIOC - North,Pacific,M. gigas,15,No_Tide,1,40,1000,9-October-2022,02/10/23,8.88965058,
2,2,5,12-Aug-2022,HIOC - North,Pacific,M. gigas,15,No_Tide,1,40,1000,9-October-2022,02/10/23,15.321819,
2,3,5,12-Aug-2022,HIOC - North,Pacific,M. gigas,15,No_Tide,1,40,1000,9-October-2022,02/10/23,6.09893296,
2,4,5,12-Aug-2022,HIOC - North,Pacific,M. gigas,15,No_Tide,1,40,1000,9-October-2022,02/10/23,4.9568175,
2,5,5,12-Aug-2022,HIOC - North,Pacific,M. gigas,15,No_Tide,1,40,1000,9-October-2022,02/10/23,4.95731954,
3,1,5,12-Aug-2022,HIOC - North,Pacific,M. gigas,15,No_Tide,1,40,1000,9-October-2022,02/10/23,3.74286883,
3,2,5,12-Aug-2022,HIOC - North,Pacific,M. gigas,15,No_Tide,1,40,1000,9-October-2022,02/10/23,10.2639318,
3,3,5,12-Aug-2022,HIOC - North,Pacific,M. gigas,15,No_Tide,1,40,1000,9-October-2022,02/10/23,18.040777,
3,4,5,12-Aug-2022,HIOC - North,Pacific,M. gigas,15,No_Tide,1,40,1000,9-October-2022,02/10/23,8.14368585,
3,5,5,12-Aug-2022,HIOC - North,Pacific,M. gigas,15,No_Tide,1,40,1000,9-October-2022,02/10/23,4.03536875,
4,1,5,12-Aug-2022,HIOC - North,Pacific,M. gigas,15,Tide,1,40,1000,9-October-2022,02/10/23,5.41052237,
4,2,5,12-Aug-2022,HIOC - North,Pacific,M. gigas,15,Tide,1,40,1000,9-October-2022,02/10/23,2.59389774,
4,3,5,12-Aug-2022,HIOC - North,Pacific,M. gigas,15,Tide,1,40,1000,9-October-2022,02/10/23,3.06583908,
4,4,5,12-Aug-2022,HIOC - North,Pacific,M. gigas,15,Tide,1,40,1000,9-October-2022,02/10/23,3.36415759,
4,5,5,12-Aug-2022,HIOC - North,Pacific,M. gigas,15,Tide,1,40,1000,9-October-2022,02/10/23,8.53056489,
5,1,5,12-Aug-2022,HIOC - North,Pacific,M. gigas,15,Tide,1,40,1000,9-October-2022,02/10/23,3.95339594,
5,2,5,12-Aug-2022,HIOC - North,Pacific,M. gigas,15,Tide,1,40,1000,9-October-2022,02/10/23,10.8162662,
5,3,5,12-Aug-2022,HIOC - North,Pacific,M. gigas,15,Tide,1,40,1000,9-October-2022,02/10/23,7.70382673,
5,4,5,12-Aug-2022,HIOC - North,Pacific,M. gigas,15,Tide,1,40,1000,9-October-2022,02/10/23,6.40472831,
5,5,5,12-Aug-2022,HIOC - North,Pacific,M. gigas,15,Tide,1,40,1000,9-October-2022,02/10/23,12.7697467,
6,1,5,12-Aug-2022,HIOC - North,Pacific,M. gigas,15,Tide,1,40,1000,9-October-2022,02/10/23,15.7499103,
6,2,5,12-Aug-2022,HIOC - North,Pacific,M. gigas,15,Tide,1,40,1000,9-October-2022,02/10/23,5.21131694,
6,3,5,12-Aug-2022,HIOC - North,Pacific,M. gigas,15,Tide,1,40,1000,9-October-2022,02/10/23,14.8761239,
6,4,5,12-Aug-2022,HIOC - North,Pacific,M. gigas,15,Tide,1,40,1000,9-October-2022,02/10/23,8.59407167,
6,5,5,12-Aug-2022,HIOC - North,Pacific,M. gigas,15,Tide,1,40,1000,9-October-2022,02/10/23,5.9371607,
7,1,5,12-Aug-2022,HIOC - North,Pacific,M. gigas,21,Tide,1,40,1000,10-October-2022,02/10/23,6.3149232,
7,2,5,12-Aug-2022,HIOC - North,Pacific,M. gigas,21,Tide,1,40,1000,10-October-2022,02/10/23,7.30674257,
7,3,5,12-Aug-2022,HIOC - North,Pacific,M. gigas,21,Tide,1,40,1000,10-October-2022,02/10/23,7.9034469,
7,4,5,12-Aug-2022,HIOC - North,Pacific,M. gigas,21,Tide,1,40,1000,10-October-2022,02/10/23,16.5770041,
7,5,5,12-Aug-2022,HIOC - North,Pacific,M. gigas,21,Tide,1,40,1000,10-October-2022,02/10/23,13.0062945,
8,1,5,12-Aug-2022,HIOC - North,Pacific,M. gigas,21,Tide,1,40,1000,10-October-2022,02/10/23,12.6392776,
8,2,5,12-Aug-2022,HIOC - North,Pacific,M. gigas,21,Tide,1,40,1000,10-October-2022,02/10/23,3.88088806,
8,3,5,12-Aug-2022,HIOC - North,Pacific,M. gigas,21,Tide,1,40,1000,10-October-2022,02/10/23,7.20655645,
8,4,5,12-Aug-2022,HIOC - North,Pacific,M. gigas,21,Tide,1,40,1000,10-October-2022,02/10/23,8.01734569,
8,5,5,12-Aug-2022,HIOC - North,Pacific,M. gigas,21,Tide,1,40,1000,10-October-2022,02/10/23,24.4293469,
9,1,5,12-Aug-2022,HIOC - North,Pacific,M. gigas,21,Tide,1,40,1000,10-October-2022,02/10/23,9.80159219,
9,2,5,12-Aug-2022,HIOC - North,Pacific,M. gigas,21,Tide,1,40,1000,10-October-2022,02/10/23,17.9662657,
9,3,5,12-Aug-2022,HIOC - North,Pacific,M. gigas,21,Tide,1,40,1000,10-October-2022,02/10/23,4.55166232,
9,4,5,12-Aug-2022,HIOC - North,Pacific,M. gigas,21,Tide,1,40,1000,10-October-2022,02/10/23,21.7824483,
9,5,5,12-Aug-2022,HIOC - North,Pacific,M. gigas,21,Tide,1,40,1000,10-October-2022,02/10/23,5.58586743,
10,1,5,12-Aug-2022,HIOC - North,Pacific,M. gigas,21,No_Tide,1,40,1000,10-October-2022,02/10/23,4.92134098,
10,2,5,12-Aug-2022,HIOC - North,Pacific,M. gigas,21,No_Tide,1,40,1000,10-October-2022,02/10/23,20.690604,
10,3,5,12-Aug-2022,HIOC - North,Pacific,M. gigas,21,No_Tide,1,40,1000,10-October-2022,02/10/23,5.10976023,
10,4,5,12-Aug-2022,HIOC - North,Pacific,M. gigas,21,No_Tide,1,40,1000,10-October-2022,02/10/23,7.81745795,
10,5,5,12-Aug-2022,HIOC - North,Pacific,M. gigas,21,No_Tide,1,40,1000,10-October-2022,02/10/23,8.52203339,
11,1,5,12-Aug-2022,HIOC - North,Pacific,M. gigas,21,No_Tide,1,40,1000,10-October-2022,02/10/23,5.14955243,
11,2,5,12-Aug-2022,HIOC - North,Pacific,M. gigas,21,No_Tide,1,40,1000,10-October-2022,02/10/23,4.62114522,
11,3,5,12-Aug-2022,HIOC - North,Pacific,M. gigas,21,No_Tide,1,40,1000,10-October-2022,02/10/23,6.64539689,
11,4,5,12-Aug-2022,HIOC - North,Pacific,M. gigas,21,No_Tide,1,40,1000,10-October-2022,02/10/23,27.8159879,
11,5,5,12-Aug-2022,HIOC - North,Pacific,M. gigas,21,No_Tide,1,40,1000,10-October-2022,02/10/23,14.9990061,
12,1,5,12-Aug-2022,HIOC - North,Pacific,M. gigas,21,No_Tide,1,40,1000,10-October-2022,02/10/23,20.3599101,
12,2,5,12-Aug-2022,HIOC - North,Pacific,M. gigas,21,No_Tide,1,40,1000,10-October-2022,02/10/23,9.57552222,
12,3,5,12-Aug-2022,HIOC - North,Pacific,M. gigas,21,No_Tide,1,40,1000,10-October-2022,02/10/23,12.8498371,
12,4,5,12-Aug-2022,HIOC - North,Pacific,M. gigas,21,No_Tide,1,40,1000,10-October-2022,02/10/23,16.0191545,
12,5,5,12-Aug-2022,HIOC - North,Pacific,M. gigas,21,No_Tide,1,40,1000,10-October-2022,02/10/23,15.3073024,
13,1,5,11-Aug-2022,BBOC - Middle,Pacific,M. gigas,15,No_Tide,1,40,1000,11-October-2022,02/10/23,24.1496664,
13,2,5,11-Aug-2022,BBOC - Middle,Pacific,M. gigas,15,No_Tide,1,40,1000,11-October-2022,02/10/23,15.3052354,
13,3,5,11-Aug-2022,BBOC - Middle,Pacific,M. gigas,15,No_Tide,1,40,1000,11-October-2022,02/10/23,13.8328167,
13,4,5,11-Aug-2022,BBOC - Middle,Pacific,M. gigas,15,No_Tide,1,40,1000,11-October-2022,02/10/23,10.5468689,
13,5,5,11-Aug-2022,BBOC - Middle,Pacific,M. gigas,15,No_Tide,1,40,1000,11-October-2022,02/10/23,10.4775561,
14,1,5,11-Aug-2022,BBOC - Middle,Pacific,M. gigas,15,No_Tide,1,40,1000,11-October-2022,02/10/23,12.1423629,
14,2,5,11-Aug-2022,BBOC - Middle,Pacific,M. gigas,15,No_Tide,1,40,1000,11-October-2022,02/10/23,10.4351222,
14,3,5,11-Aug-2022,BBOC - Middle,Pacific,M. gigas,15,No_Tide,1,40,1000,11-October-2022,02/10/23,5.29844056,
14,4,5,11-Aug-2022,BBOC - Middle,Pacific,M. gigas,15,No_Tide,1,40,1000,11-October-2022,02/10/23,17.1953907,
14,5,5,11-Aug-2022,BBOC - Middle,Pacific,M. gigas,15,No_Tide,1,40,1000,11-October-2022,02/10/23,5.54883966,
15,1,5,11-Aug-2022,BBOC - Middle,Pacific,M. gigas,15,No_Tide,1,40,1000,11-October-2022,02/10/23,7.37392291,
15,2,5,11-Aug-2022,BBOC - Middle,Pacific,M. gigas,15,No_Tide,1,40,1000,11-October-2022,02/10/23,11.3291414,
15,3,5,11-Aug-2022,BBOC - Middle,Pacific,M. gigas,15,No_Tide,1,40,1000,11-October-2022,02/10/23,14.2533446,
15,4,5,11-Aug-2022,BBOC - Middle,Pacific,M. gigas,15,No_Tide,1,40,1000,11-October-2022,02/10/23,26.1431691,
15,5,5,11-Aug-2022,BBOC - Middle,Pacific,M. gigas,15,No_Tide,1,40,1000,11-October-2022,02/10/23,15.1554597,
16,1,5,11-Aug-2022,BBOC - Middle,Pacific,M. gigas,15,Tide,1,40,1000,11-October-2022,02/10/23,4.20674407,
16,2,5,11-Aug-2022,BBOC - Middle,Pacific,M. gigas,15,Tide,1,40,1000,11-October-2022,02/10/23,27.2556817,
16,3,5,11-Aug-2022,BBOC - Middle,Pacific,M. gigas,15,Tide,1,40,1000,11-October-2022,02/10/23,23.9860821,
16,4,5,11-Aug-2022,BBOC - Middle,Pacific,M. gigas,15,Tide,1,40,1000,11-October-2022,02/10/23,11.9255559,
16,5,5,11-Aug-2022,BBOC - Middle,Pacific,M. gigas,15,Tide,1,40,1000,11-October-2022,02/10/23,13.8322114,
17,1,5,11-Aug-2022,BBOC - Middle,Pacific,M. gigas,15,Tide,1,40,1000,11-October-2022,02/10/23,9.91150026,
17,2,5,11-Aug-2022,BBOC - Middle,Pacific,M. gigas,15,Tide,1,40,1000,11-October-2022,02/10/23,9.31826369,
17,3,5,11-Aug-2022,BBOC - Middle,Pacific,M. gigas,15,Tide,1,40,1000,11-October-2022,02/10/23,13.2168577,
17,4,5,11-Aug-2022,BBOC - Middle,Pacific,M. gigas,15,Tide,1,40,1000,11-October-2022,02/10/23,6.18917074,
17,5,5,11-Aug-2022,BBOC - Middle,Pacific,M. gigas,15,Tide,1,40,1000,11-October-2022,02/10/23,25.8250534,
18,1,5,11-Aug-2022,BBOC - Middle,Pacific,M. gigas,15,Tide,1,40,1000,11-October-2022,02/10/23,3.73044955,
18,2,5,11-Aug-2022,BBOC - Middle,Pacific,M. gigas,15,Tide,1,40,1000,11-October-2022,02/10/23,15.9159354,
18,3,5,11-Aug-2022,BBOC - Middle,Pacific,M. gigas,15,Tide,1,40,1000,11-October-2022,02/10/23,11.6915357,
18,4,5,11-Aug-2022,BBOC - Middle,Pacific,M. gigas,15,Tide,1,40,1000,11-October-2022,02/10/23,20.7997827,
18,5,5,11-Aug-2022,BBOC - Middle,Pacific,M. gigas,15,Tide,1,40,1000,11-October-2022,02/10/23,14.498304,
19,1,5,11-Aug-2022,BBOC - Middle,Pacific,M. gigas,21,Tide,1,40,1000,11-October-2022,02/10/23,4.06189896,
19,2,5,11-Aug-2022,BBOC - Middle,Pacific,M. gigas,21,Tide,1,40,1000,11-October-2022,02/10/23,11.0783298,
19,3,5,11-Aug-2022,BBOC - Middle,Pacific,M. gigas,21,Tide,1,40,1000,11-October-2022,02/10/23,5.53899911,
19,4,5,11-Aug-2022,BBOC - Middle,Pacific,M. gigas,21,Tide,1,40,1000,11-October-2022,02/10/23,12.5442243,
19,5,5,11-Aug-2022,BBOC - Middle,Pacific,M. gigas,21,Tide,1,40,1000,11-October-2022,02/10/23,5.11448984,
20,1,5,11-Aug-2022,BBOC - Middle,Pacific,M. gigas,21,Tide,1,40,1000,11-October-2022,02/10/23,7.12158121,
20,2,5,11-Aug-2022,BBOC - Middle,Pacific,M. gigas,21,Tide,1,40,1000,11-October-2022,02/10/23,12.7527244,
20,3,5,11-Aug-2022,BBOC - Middle,Pacific,M. gigas,21,Tide,1,40,1000,11-October-2022,02/10/23,12.988886,
20,4,5,11-Aug-2022,BBOC - Middle,Pacific,M. gigas,21,Tide,1,40,1000,11-October-2022,02/10/23,6.32731827,
20,5,5,11-Aug-2022,BBOC - Middle,Pacific,M. gigas,21,Tide,1,40,1000,11-October-2022,02/10/23,4.54314497,
21,1,5,11-Aug-2022,BBOC - Middle,Pacific,M. gigas,21,Tide,1,40,1000,20-October-2022,02/10/23,5.86964786,
21,2,5,11-Aug-2022,BBOC - Middle,Pacific,M. gigas,21,Tide,1,40,1000,20-October-2022,02/10/23,3.02136267,
21,3,5,11-Aug-2022,BBOC - Middle,Pacific,M. gigas,21,Tide,1,40,1000,20-October-2022,02/10/23,2.64909519,
21,4,5,11-Aug-2022,BBOC - Middle,Pacific,M. gigas,21,Tide,1,40,1000,20-October-2022,02/10/23,6.31861487,
21,5,5,11-Aug-2022,BBOC - Middle,Pacific,M. gigas,21,Tide,1,40,1000,20-October-2022,02/10/23,7.43634776,
22,1,5,11-Aug-2022,BBOC - Middle,Pacific,M. gigas,21,No_Tide,1,40,1000,20-October-2022,02/10/23,11.3264282,
22,2,5,11-Aug-2022,BBOC - Middle,Pacific,M. gigas,21,No_Tide,1,40,1000,20-October-2022,02/10/23,10.9483812,
22,3,5,11-Aug-2022,BBOC - Middle,Pacific,M. gigas,21,No_Tide,1,40,1000,20-October-2022,02/10/23,16.0030546,
22,4,5,11-Aug-2022,BBOC - Middle,Pacific,M. gigas,21,No_Tide,1,40,1000,20-October-2022,02/10/23,14.8138732,
22,5,5,11-Aug-2022,BBOC - Middle,Pacific,M. gigas,21,No_Tide,1,40,1000,20-October-2022,02/10/23,9.86543871,
23,1,5,11-Aug-2022,BBOC - Middle,Pacific,M. gigas,21,No_Tide,1,40,1000,20-October-2022,02/10/23,4.35239943,
23,2,5,11-Aug-2022,BBOC - Middle,Pacific,M. gigas,21,No_Tide,1,40,1000,20-October-2022,02/10/23,10.7798756,
23,3,5,11-Aug-2022,BBOC - Middle,Pacific,M. gigas,21,No_Tide,1,40,1000,20-October-2022,02/10/23,17.1210551,
23,4,5,11-Aug-2022,BBOC - Middle,Pacific,M. gigas,21,No_Tide,1,40,1000,20-October-2022,02/10/23,1.79219119,
23,5,5,11-Aug-2022,BBOC - Middle,Pacific,M. gigas,21,No_Tide,1,40,1000,20-October-2022,02/10/23,14.8121386,
24,1,5,11-Aug-2022,BBOC - Middle,Pacific,M. gigas,21,No_Tide,1,40,1000,20-October-2022,02/10/23,6.20594125,
24,2,5,11-Aug-2022,BBOC - Middle,Pacific,M. gigas,21,No_Tide,1,40,1000,20-October-2022,02/10/23,6.22054469,
24,3,5,11-Aug-2022,BBOC - Middle,Pacific,M. gigas,21,No_Tide,1,40,1000,20-October-2022,02/10/23,2.23211184,
24,4,5,11-Aug-2022,BBOC - Middle,Pacific,M. gigas,21,No_Tide,1,40,1000,20-October-2022,02/10/23,8.08674788,
24,5,5,11-Aug-2022,BBOC - Middle,Pacific,M. gigas,21,No_Tide,1,40,1000,20-October-2022,02/10/23,4.60602459,
25,1,5,10-Aug-2022,TBOC - South,Pacific,M. gigas,15,No_Tide,1,40,1000,20-October-2022,02/10/23,9.8606916,
25,2,5,10-Aug-2022,TBOC - South,Pacific,M. gigas,15,No_Tide,1,40,1000,20-October-2022,02/10/23,25.9382779,
25,3,5,10-Aug-2022,TBOC - South,Pacific,M. gigas,15,No_Tide,1,40,1000,20-October-2022,02/10/23,11.4990742,
25,4,5,10-Aug-2022,TBOC - South,Pacific,M. gigas,15,No_Tide,1,40,1000,20-October-2022,02/10/23,1.37330078,
25,5,5,10-Aug-2022,TBOC - South,Pacific,M. gigas,15,No_Tide,1,40,1000,20-October-2022,02/10/23,2.33734026,
26,1,5,10-Aug-2022,TBOC - South,Pacific,M. gigas,15,No_Tide,1,40,1000,20-October-2022,02/10/23,3.15634721,
26,2,5,10-Aug-2022,TBOC - South,Pacific,M. gigas,15,No_Tide,1,40,1000,20-October-2022,02/10/23,2.43381264,
26,3,5,10-Aug-2022,TBOC - South,Pacific,M. gigas,15,No_Tide,1,40,1000,20-October-2022,02/10/23,2.15623576,
26,4,5,10-Aug-2022,TBOC - South,Pacific,M. gigas,15,No_Tide,1,40,1000,20-October-2022,02/10/23,0.6203471,
26,5,5,10-Aug-2022,TBOC - South,Pacific,M. gigas,15,No_Tide,1,40,1000,20-October-2022,02/10/23,2.56857117,
27,1,5,10-Aug-2022,TBOC - South,Pacific,M. gigas,15,No_Tide,1,40,1000,20-October-2022,02/10/23,1.81749598,
27,2,5,10-Aug-2022,TBOC - South,Pacific,M. gigas,15,No_Tide,1,40,1000,20-October-2022,02/10/23,2.50906496,
27,3,5,10-Aug-2022,TBOC - South,Pacific,M. gigas,15,No_Tide,1,40,1000,20-October-2022,02/10/23,2.01956795,
27,4,5,10-Aug-2022,TBOC - South,Pacific,M. gigas,15,No_Tide,1,40,1000,20-October-2022,02/10/23,3.1597026,
27,5,5,10-Aug-2022,TBOC - South,Pacific,M. gigas,15,No_Tide,1,40,1000,20-October-2022,02/10/23,1.65843888,
28,1,5,10-Aug-2022,TBOC - South,Pacific,M. gigas,15,Tide,1,40,1000,20-October-2022,02/10/23,2.81996575,
28,2,5,10-Aug-2022,TBOC - South,Pacific,M. gigas,15,Tide,1,40,1000,20-October-2022,02/10/23,2.90432549,
28,3,5,10-Aug-2022,TBOC - South,Pacific,M. gigas,15,Tide,1,40,1000,20-October-2022,02/10/23,,
28,4,5,10-Aug-2022,TBOC - South,Pacific,M. gigas,15,Tide,1,40,1000,20-October-2022,02/10/23,4.09536272,
28,5,5,10-Aug-2022,TBOC - South,Pacific,M. gigas,15,Tide,1,40,1000,20-October-2022,02/10/23,3.54377018,
29,1,5,10-Aug-2022,TBOC - South,Pacific,M. gigas,15,Tide,1,40,1000,20-October-2022,02/10/23,3.10683473,
29,2,5,10-Aug-2022,TBOC - South,Pacific,M. gigas,15,Tide,1,40,1000,20-October-2022,02/10/23,-0.1685654,
29,3,5,10-Aug-2022,TBOC - South,Pacific,M. gigas,15,Tide,1,40,1000,20-October-2022,02/10/23,4.29573931,
29,4,5,10-Aug-2022,TBOC - South,Pacific,M. gigas,15,Tide,1,40,1000,20-October-2022,02/10/23,2.40004388,
29,5,5,10-Aug-2022,TBOC - South,Pacific,M. gigas,15,Tide,1,40,1000,20-October-2022,02/10/23,2.54253879,
30,1,5,10-Aug-2022,TBOC - South,Pacific,M. gigas,15,Tide,1,40,1000,20-October-2022,02/10/23,2.77281114,
30,2,5,10-Aug-2022,TBOC - South,Pacific,M. gigas,15,Tide,1,40,1000,20-October-2022,02/10/23,4.99279438,
30,3,5,10-Aug-2022,TBOC - South,Pacific,M. gigas,15,Tide,1,40,1000,20-October-2022,02/10/23,6.98736647,
30,4,5,10-Aug-2022,TBOC - South,Pacific,M. gigas,15,Tide,1,40,1000,20-October-2022,02/10/23,3.84300819,
30,5,5,10-Aug-2022,TBOC - South,Pacific,M. gigas,15,Tide,1,40,1000,20-October-2022,02/10/23,3.65473165,
31,1,5,10-Aug-2022,TBOC - South,Pacific,M. gigas,21,Tide,1,40,1000,20-October-2022,02/10/23,1.37907054,
31,2,5,10-Aug-2022,TBOC - South,Pacific,M. gigas,21,Tide,1,40,1000,20-October-2022,02/10/23,7.7680683,
31,3,5,10-Aug-2022,TBOC - South,Pacific,M. gigas,21,Tide,1,40,1000,20-October-2022,02/10/23,3.6954422,
31,4,5,10-Aug-2022,TBOC - South,Pacific,M. gigas,21,Tide,1,40,1000,20-October-2022,02/10/23,9.39020382,
31,5,5,10-Aug-2022,TBOC - South,Pacific,M. gigas,21,Tide,1,40,1000,20-October-2022,02/10/23,1.03563064,
32,1,5,10-Aug-2022,TBOC - South,Pacific,M. gigas,21,Tide,1,40,1000,20-October-2022,02/10/23,2.97772428,
32,2,5,10-Aug-2022,TBOC - South,Pacific,M. gigas,21,Tide,1,40,1000,20-October-2022,02/10/23,2.0154374,
32,3,5,10-Aug-2022,TBOC - South,Pacific,M. gigas,21,Tide,1,40,1000,20-October-2022,02/10/23,3.14854534,
32,4,5,10-Aug-2022,TBOC - South,Pacific,M. gigas,21,Tide,1,40,1000,20-October-2022,02/10/23,2.60329061,
32,5,5,10-Aug-2022,TBOC - South,Pacific,M. gigas,21,Tide,1,40,1000,20-October-2022,02/10/23,4.77898178,
33,1,5,10-Aug-2022,TBOC - South,Pacific,M. gigas,21,Tide,1,40,1000,20-October-2022,02/10/23,8.34036434,
33,2,5,10-Aug-2022,TBOC - South,Pacific,M. gigas,21,Tide,1,40,1000,20-October-2022,02/10/23,5.85702672,
33,3,5,10-Aug-2022,TBOC - South,Pacific,M. gigas,21,Tide,1,40,1000,20-October-2022,02/10/23,1.10856585,
33,4,5,10-Aug-2022,TBOC - South,Pacific,M. gigas,21,Tide,1,40,1000,20-October-2022,02/10/23,1.39259196,
33,5,5,10-Aug-2022,TBOC - South,Pacific,M. gigas,21,Tide,1,40,1000,20-October-2022,02/10/23,1.01989853,
34,1,5,10-Aug-2022,TBOC - South,Pacific,M. gigas,21,No_Tide,1,40,1000,20-October-2022,02/10/23,0.81266908,
34,2,5,10-Aug-2022,TBOC - South,Pacific,M. gigas,21,No_Tide,1,40,1000,20-October-2022,02/10/23,1.28642952,
34,3,5,10-Aug-2022,TBOC - South,Pacific,M. gigas,21,No_Tide,1,40,1000,20-October-2022,02/10/23,1.65169585,
34,4,5,10-Aug-2022,TBOC - South,Pacific,M. gigas,21,No_Tide,1,40,1000,20-October-2022,02/10/23,1.50174483,
34,5,5,10-Aug-2022,TBOC - South,Pacific,M. gigas,21,No_Tide,1,40,1000,20-October-2022,02/10/23,3.05407845,
35,1,5,10-Aug-2022,TBOC - South,Pacific,M. gigas,21,No_Tide,1,40,1000,21-October-2022,02/10/23,0.70118089,
35,2,5,10-Aug-2022,TBOC - South,Pacific,M. gigas,21,No_Tide,1,40,1000,21-October-2022,02/10/23,0.36260795,
35,3,5,10-Aug-2022,TBOC - South,Pacific,M. gigas,21,No_Tide,1,40,1000,21-October-2022,02/10/23,3.43454674,
35,4,5,10-Aug-2022,TBOC - South,Pacific,M. gigas,21,No_Tide,1,40,1000,21-October-2022,02/10/23,2.6261294,
35,5,5,10-Aug-2022,TBOC - South,Pacific,M. gigas,21,No_Tide,1,40,1000,21-October-2022,02/10/23,1.84043024,
36,1,5,10-Aug-2022,TBOC - South,Pacific,M. gigas,21,No_Tide,1,40,1000,21-October-2022,02/10/23,1.35744523,
36,2,5,10-Aug-2022,TBOC - South,Pacific,M. gigas,21,No_Tide,1,40,1000,21-October-2022,02/10/23,1.86010849,
36,3,5,10-Aug-2022,TBOC - South,Pacific,M. gigas,21,No_Tide,1,40,1000,21-October-2022,02/10/23,1.94550318,
36,4,5,10-Aug-2022,TBOC - South,Pacific,M. gigas,21,No_Tide,1,40,1000,21-October-2022,02/10/23,2.81642864,
36,5,5,10-Aug-2022,TBOC - South,Pacific,M. gigas,21,No_Tide,1,40,1000,21-October-2022,02/10/23,2.00009377,