Numb,Date_Time,Temp_C
1,7/8/2020 14:00,20.841
2,7/8/2020 15:00,21.103
3,7/8/2020 16:00,21.103
4,7/8/2020 17:00,20.841
5,7/8/2020 18:00,20.889
6,7/8/2020 19:00,20.603
7,7/8/2020 20:00,20.317
8,7/8/2020 21:00,20.007
9,7/8/2020 22:00,19.936
10,7/8/2020 23:00,20.126
11,7/9/2020 0:00,20.055
12,7/9/2020 1:00,19.698
13,7/9/2020 2:00,19.674
14,7/9/2020 3:00,19.579
15,7/9/2020 4:00,19.413
16,7/9/2020 5:00,19.103
17,7/9/2020 6:00,18.652
18,7/9/2020 7:00,18.152
19,7/9/2020 8:00,17.986
20,7/9/2020 9:00,19.056
21,7/9/2020 10:00,24.75
22,7/9/2020 11:00,29.389
23,7/9/2020 12:00,24.823
24,7/9/2020 13:00,21.581
25,7/9/2020 14:00,21.175
26,7/9/2020 15:00,21.461
27,7/9/2020 16:00,21.318
28,7/9/2020 17:00,21.39
29,7/9/2020 18:00,21.103
30,7/9/2020 19:00,20.865
31,7/9/2020 20:00,20.507
32,7/9/2020 21:00,20.222
33,7/9/2020 22:00,20.055
34,7/9/2020 23:00,19.841
35,7/10/2020 0:00,20.055
36,7/10/2020 1:00,20.174
37,7/10/2020 2:00,20.126
38,7/10/2020 3:00,19.936
39,7/10/2020 4:00,19.817
40,7/10/2020 5:00,19.698
41,7/10/2020 6:00,19.413
42,7/10/2020 7:00,18.628
43,7/10/2020 8:00,18.343
44,7/10/2020 9:00,18.343
45,7/10/2020 10:00,20.77
46,7/10/2020 11:00,21.891
47,7/10/2020 12:00,24.436
48,7/10/2020 13:00,22.034
49,7/10/2020 14:00,21.724
50,7/10/2020 15:00,21.724
51,7/10/2020 16:00,21.676
52,7/10/2020 17:00,21.628
53,7/10/2020 18:00,21.39
54,7/10/2020 19:00,21.342
55,7/10/2020 20:00,21.032
56,7/10/2020 21:00,20.627
57,7/10/2020 22:00,20.269
58,7/10/2020 23:00,20.079
59,7/11/2020 0:00,20.293
60,7/11/2020 1:00,20.174
61,7/11/2020 2:00,20.222
62,7/11/2020 3:00,20.317
63,7/11/2020 4:00,20.222
64,7/11/2020 5:00,20.031
65,7/11/2020 6:00,19.936
66,7/11/2020 7:00,19.318
67,7/11/2020 8:00,18.937
68,7/11/2020 9:00,19.365
69,7/11/2020 10:00,21.724
70,7/11/2020 11:00,23.785
71,7/11/2020 12:00,23.521
72,7/11/2020 13:00,22.274
73,7/11/2020 14:00,21.987
74,7/11/2020 15:00,22.202
75,7/11/2020 16:00,22.13
76,7/11/2020 17:00,21.795
77,7/11/2020 18:00,21.557
78,7/11/2020 19:00,21.366
79,7/11/2020 20:00,21.175
80,7/11/2020 21:00,20.96
81,7/11/2020 22:00,20.746
82,7/11/2020 23:00,20.746
83,7/12/2020 0:00,20.627
84,7/12/2020 1:00,19.603
85,7/12/2020 2:00,19.722
86,7/12/2020 3:00,19.532
87,7/12/2020 4:00,19.77
88,7/12/2020 5:00,19.841
89,7/12/2020 6:00,19.77
90,7/12/2020 7:00,18.985
91,7/12/2020 8:00,19.032
92,7/12/2020 9:00,19.984
93,7/12/2020 10:00,20.936
94,7/12/2020 11:00,21.915
95,7/12/2020 12:00,22.92
96,7/12/2020 13:00,23.088
97,7/12/2020 14:00,22.369
98,7/12/2020 15:00,22.13
99,7/12/2020 16:00,22.25
100,7/12/2020 17:00,22.154
101,7/12/2020 18:00,21.939
102,7/12/2020 19:00,21.7
103,7/12/2020 20:00,21.39
104,7/12/2020 21:00,21.175
105,7/12/2020 22:00,20.865
106,7/12/2020 23:00,20.603
107,7/13/2020 0:00,20.293
108,7/13/2020 1:00,20.103
109,7/13/2020 2:00,19.96
110,7/13/2020 3:00,19.912
111,7/13/2020 4:00,19.888
112,7/13/2020 5:00,19.817
113,7/13/2020 6:00,19.484
114,7/13/2020 7:00,19.555
115,7/13/2020 8:00,19.555
116,7/13/2020 9:00,19.841
117,7/13/2020 10:00,20.579
118,7/13/2020 11:00,21.246
119,7/13/2020 12:00,21.7
120,7/13/2020 13:00,22.154
121,7/13/2020 14:00,21.795
122,7/13/2020 15:00,21.867
123,7/13/2020 16:00,21.557
124,7/13/2020 17:00,21.437
125,7/13/2020 18:00,21.318
126,7/13/2020 19:00,21.223
127,7/13/2020 20:00,21.079
128,7/13/2020 21:00,21.032
129,7/13/2020 22:00,20.913
130,7/13/2020 23:00,20.865
131,7/14/2020 0:00,21.008
132,7/14/2020 1:00,20.984
133,7/14/2020 2:00,20.436
134,7/14/2020 3:00,19.579
135,7/14/2020 4:00,18.2
136,7/14/2020 5:00,19.294
137,7/14/2020 6:00,19.413
138,7/14/2020 7:00,19.08
139,7/14/2020 8:00,19.365
140,7/14/2020 9:00,19.127
141,7/14/2020 10:00,19.508
142,7/14/2020 11:00,19.984
143,7/14/2020 12:00,20.936
144,7/14/2020 13:00,21.939
145,7/14/2020 14:00,21.987
146,7/14/2020 15:00,22.25
147,7/14/2020 16:00,22.321
148,7/14/2020 17:00,23.064
149,7/14/2020 18:00,22.034
150,7/14/2020 19:00,21.652
151,7/14/2020 20:00,21.604
152,7/14/2020 21:00,22.321
153,7/14/2020 22:00,21.127
154,7/14/2020 23:00,20.817
155,7/15/2020 0:00,20.865
156,7/15/2020 1:00,20.817
157,7/15/2020 2:00,20.412
158,7/15/2020 3:00,19.318
159,7/15/2020 4:00,18.723
160,7/15/2020 5:00,19.555
161,7/15/2020 6:00,19.532
162,7/15/2020 7:00,19.127
163,7/15/2020 8:00,17.867
164,7/15/2020 9:00,17.962
165,7/15/2020 10:00,19.08
166,7/15/2020 11:00,20.293
167,7/15/2020 12:00,20.841
168,7/15/2020 13:00,21.581
169,7/15/2020 14:00,22.441
170,7/15/2020 15:00,22.944
171,7/15/2020 16:00,24.026
172,7/15/2020 17:00,22.082
173,7/15/2020 18:00,21.939
174,7/15/2020 19:00,21.628
175,7/15/2020 20:00,21.509
176,7/15/2020 21:00,21.437
177,7/15/2020 22:00,21.581
178,7/15/2020 23:00,21.032
179,7/16/2020 0:00,21.127
180,7/16/2020 1:00,21.175
181,7/16/2020 2:00,21.294
182,7/16/2020 3:00,20.817
183,7/16/2020 4:00,19.722
184,7/16/2020 5:00,19.246
185,7/16/2020 6:00,20.031
186,7/16/2020 7:00,20.46
187,7/16/2020 8:00,20.674
188,7/16/2020 9:00,20.341
189,7/16/2020 10:00,20.436
190,7/16/2020 11:00,20.865
191,7/16/2020 12:00,20.936
192,7/16/2020 13:00,21.39
193,7/16/2020 14:00,21.891
194,7/16/2020 15:00,22.106
195,7/16/2020 16:00,21.987
196,7/16/2020 17:00,21.915
197,7/16/2020 18:00,21.795
198,7/16/2020 19:00,21.628
199,7/16/2020 20:00,21.533
200,7/16/2020 21:00,21.485
201,7/16/2020 22:00,21.413
202,7/16/2020 23:00,21.318
203,7/17/2020 0:00,21.27
204,7/17/2020 1:00,21.223
205,7/17/2020 2:00,21.246
206,7/17/2020 3:00,20.865
207,7/17/2020 4:00,20.174
208,7/17/2020 5:00,19.127
209,7/17/2020 6:00,14.314
210,7/17/2020 7:00,20.007
211,7/17/2020 8:00,20.46
212,7/17/2020 9:00,20.65
213,7/17/2020 10:00,20.746
214,7/17/2020 11:00,20.269
215,7/17/2020 12:00,20.579
216,7/17/2020 13:00,21.103
217,7/17/2020 14:00,21.581
218,7/17/2020 15:00,21.939
219,7/17/2020 16:00,22.154
220,7/17/2020 17:00,22.298
221,7/17/2020 18:00,21.987
222,7/17/2020 19:00,22.058
223,7/17/2020 20:00,21.652
224,7/17/2020 21:00,21.533
225,7/17/2020 22:00,21.485
226,7/17/2020 23:00,21.366
227,7/18/2020 0:00,21.342
228,7/18/2020 1:00,21.079
229,7/18/2020 2:00,20.984
230,7/18/2020 3:00,20.936
231,7/18/2020 4:00,20.46
232,7/18/2020 5:00,19.056
233,7/18/2020 6:00,15.151
234,7/18/2020 7:00,15.103
235,7/18/2020 8:00,19.841
236,7/18/2020 9:00,20.317
237,7/18/2020 10:00,20.865
238,7/18/2020 11:00,21.318
239,7/18/2020 12:00,21.7
240,7/18/2020 13:00,22.154
241,7/18/2020 14:00,22.585
242,7/18/2020 15:00,23.232
243,7/18/2020 16:00,24.798
244,7/18/2020 17:00,24.726
245,7/18/2020 18:00,23.569
246,7/18/2020 19:00,23.088
247,7/18/2020 20:00,22.824
248,7/18/2020 21:00,22.776
249,7/18/2020 22:00,22.393
250,7/18/2020 23:00,22.226
251,7/19/2020 0:00,22.417
252,7/19/2020 1:00,22.393
253,7/19/2020 2:00,22.345
254,7/19/2020 3:00,22.729
255,7/19/2020 4:00,22.657
256,7/19/2020 5:00,21.867
257,7/19/2020 6:00,18.699
258,7/19/2020 7:00,15.199
259,7/19/2020 8:00,15.247
260,7/19/2020 9:00,21.151
261,7/19/2020 10:00,21.772
262,7/19/2020 11:00,21.843
263,7/19/2020 12:00,22.154
264,7/19/2020 13:00,22.274
265,7/19/2020 14:00,22.609
266,7/19/2020 15:00,22.896
267,7/19/2020 16:00,23.472
268,7/19/2020 17:00,23.833
269,7/19/2020 18:00,23.761
270,7/19/2020 19:00,23.064
271,7/19/2020 20:00,22.561
272,7/19/2020 21:00,22.13
273,7/19/2020 22:00,21.891
274,7/19/2020 23:00,21.724
275,7/20/2020 0:00,21.628
276,7/20/2020 1:00,21.604
277,7/20/2020 2:00,21.891
278,7/20/2020 3:00,21.867
279,7/20/2020 4:00,21.676
280,7/20/2020 5:00,21.175
281,7/20/2020 6:00,20.198
282,7/20/2020 7:00,14.673
283,7/20/2020 8:00,14.721
284,7/20/2020 9:00,15.318
285,7/20/2020 10:00,20.793
286,7/20/2020 11:00,21.199
287,7/20/2020 12:00,21.175
288,7/20/2020 13:00,21.246
289,7/20/2020 14:00,21.342
290,7/20/2020 15:00,21.533
291,7/20/2020 16:00,21.604
292,7/20/2020 17:00,21.748
293,7/20/2020 18:00,21.676
294,7/20/2020 19:00,21.485
295,7/20/2020 20:00,21.39
296,7/20/2020 21:00,21.318
297,7/20/2020 22:00,21.27
298,7/20/2020 23:00,21.223
299,7/21/2020 0:00,21.103
300,7/21/2020 1:00,21.056
301,7/21/2020 2:00,20.936
302,7/21/2020 3:00,20.698
303,7/21/2020 4:00,20.436
304,7/21/2020 5:00,20.079
305,7/21/2020 6:00,19.555
306,7/21/2020 7:00,18.818
307,7/21/2020 8:00,15.055
308,7/21/2020 9:00,16.201
309,7/21/2020 10:00,20.889
310,7/21/2020 11:00,20.603
311,7/21/2020 12:00,20.793
312,7/21/2020 13:00,21.008
313,7/21/2020 14:00,21.39
314,7/21/2020 15:00,21.628
315,7/21/2020 16:00,21.581
316,7/21/2020 17:00,21.581
317,7/21/2020 18:00,21.39
318,7/21/2020 19:00,21.318
319,7/21/2020 20:00,21.294
320,7/21/2020 21:00,21.175
321,7/21/2020 22:00,21.079
322,7/21/2020 23:00,20.984
323,7/22/2020 0:00,20.936
324,7/22/2020 1:00,20.865
325,7/22/2020 2:00,20.817
326,7/22/2020 3:00,20.674
327,7/22/2020 4:00,20.579
328,7/22/2020 5:00,20.222
329,7/22/2020 6:00,19.746
330,7/22/2020 7:00,19.08
331,7/22/2020 8:00,17.938
332,7/22/2020 9:00,16.939
333,7/22/2020 10:00,18.01
334,7/22/2020 11:00,20.627
335,7/22/2020 12:00,20.627
336,7/22/2020 13:00,20.936
337,7/22/2020 14:00,21.413
338,7/22/2020 15:00,21.604
339,7/22/2020 16:00,22.058
340,7/22/2020 17:00,22.513
341,7/22/2020 18:00,22.537
342,7/22/2020 19:00,22.465
343,7/22/2020 20:00,21.843
344,7/22/2020 21:00,22.011
345,7/22/2020 22:00,21.843
346,7/22/2020 23:00,21.318
347,7/23/2020 0:00,21.318
348,7/23/2020 1:00,21.246
349,7/23/2020 2:00,21.151
350,7/23/2020 3:00,21.127
351,7/23/2020 4:00,21.246
352,7/23/2020 5:00,21.032
353,7/23/2020 6:00,20.817
354,7/23/2020 7:00,20.412
355,7/23/2020 8:00,19.77
356,7/23/2020 9:00,15.485
357,7/23/2020 10:00,19.627
358,7/23/2020 11:00,27.431
359,7/23/2020 12:00,23.545
360,7/23/2020 13:00,22.729
361,7/23/2020 14:00,22.896
362,7/23/2020 15:00,22.705
363,7/23/2020 16:00,22.729
364,7/23/2020 17:00,22.92
365,7/23/2020 18:00,23.064
366,7/23/2020 19:00,23.376
367,7/23/2020 20:00,23.136
368,7/23/2020 21:00,22.657
369,7/23/2020 22:00,22.274
370,7/23/2020 23:00,22.082
371,7/24/2020 0:00,21.867
372,7/24/2020 1:00,21.604
373,7/24/2020 2:00,21.366
374,7/24/2020 3:00,21.199
375,7/24/2020 4:00,21.079
376,7/24/2020 5:00,20.96
377,7/24/2020 6:00,20.484
378,7/24/2020 7:00,20.174
379,7/24/2020 8:00,19.651
380,7/24/2020 9:00,19.698
381,7/24/2020 10:00,19.817
382,7/24/2020 11:00,19.96
383,7/24/2020 12:00,21.246
384,7/24/2020 13:00,21.223
385,7/24/2020 14:00,21.223
386,7/24/2020 15:00,21.27
387,7/24/2020 16:00,21.246
388,7/24/2020 17:00,21.199
389,7/24/2020 18:00,21.127
390,7/24/2020 19:00,21.127
391,7/24/2020 20:00,21.056
392,7/24/2020 21:00,21.079
393,7/24/2020 22:00,20.722
394,7/24/2020 23:00,20.507
395,7/25/2020 0:00,20.412
396,7/25/2020 1:00,20.484
397,7/25/2020 2:00,20.46
398,7/25/2020 3:00,20.46
399,7/25/2020 4:00,20.365
400,7/25/2020 5:00,20.126
401,7/25/2020 6:00,19.865
402,7/25/2020 7:00,19.413
403,7/25/2020 8:00,19.032
404,7/25/2020 9:00,18.794
405,7/25/2020 10:00,20.436
406,7/25/2020 11:00,27.505
407,7/25/2020 12:00,25.744
408,7/25/2020 13:00,22.992
409,7/25/2020 14:00,22.274
410,7/25/2020 15:00,22.321
411,7/25/2020 16:00,22.106
412,7/25/2020 17:00,22.441
413,7/25/2020 18:00,22.609
414,7/25/2020 19:00,22.202
415,7/25/2020 20:00,23.521
416,7/25/2020 21:00,23.28
417,7/25/2020 22:00,23.737
418,7/25/2020 23:00,23.4
419,7/26/2020 0:00,22.705
420,7/26/2020 1:00,21.987
421,7/26/2020 2:00,21.772
422,7/26/2020 3:00,21.533
423,7/26/2020 4:00,21.318
424,7/26/2020 5:00,21.199
425,7/26/2020 6:00,21.223
426,7/26/2020 7:00,21.103
427,7/26/2020 8:00,20.65
428,7/26/2020 9:00,20.46
429,7/26/2020 10:00,20.531
430,7/26/2020 11:00,22.609
431,7/26/2020 12:00,25.38
432,7/26/2020 13:00,23.497
433,7/26/2020 14:00,23.016
434,7/26/2020 15:00,23.376
435,7/26/2020 16:00,22.776
436,7/26/2020 17:00,22.465
437,7/26/2020 18:00,22.321
438,7/26/2020 19:00,22.417
439,7/26/2020 20:00,22.561
440,7/26/2020 21:00,23.617
441,7/26/2020 22:00,24.098
442,7/26/2020 23:00,23.833
443,7/27/2020 0:00,23.352
444,7/27/2020 1:00,22.465
445,7/27/2020 2:00,22.298
446,7/27/2020 3:00,22.058
447,7/27/2020 4:00,21.939
448,7/27/2020 5:00,21.509
449,7/27/2020 6:00,21.366
450,7/27/2020 7:00,21.318
451,7/27/2020 8:00,21.008
452,7/27/2020 9:00,21.127
453,7/27/2020 10:00,21.533
454,7/27/2020 11:00,22.657
455,7/27/2020 12:00,23.376
456,7/27/2020 13:00,23.376
457,7/27/2020 14:00,23.088
458,7/27/2020 15:00,22.992
459,7/27/2020 16:00,22.992
460,7/27/2020 17:00,22.776
461,7/27/2020 18:00,22.321
462,7/27/2020 19:00,22.106
463,7/27/2020 20:00,22.274
464,7/27/2020 21:00,22.465
465,7/27/2020 22:00,22.824
466,7/27/2020 23:00,22.944
467,7/28/2020 0:00,22.872
468,7/28/2020 1:00,22.417
469,7/28/2020 2:00,21.366
470,7/28/2020 3:00,21.342
471,7/28/2020 4:00,21.891
472,7/28/2020 5:00,21.676
473,7/28/2020 6:00,21.533
474,7/28/2020 7:00,21.032
475,7/28/2020 8:00,21.127
476,7/28/2020 9:00,21.199
477,7/28/2020 10:00,21.008
478,7/28/2020 11:00,21.39
479,7/28/2020 12:00,22.321
480,7/28/2020 13:00,22.992
481,7/28/2020 14:00,22.92
482,7/28/2020 15:00,22.944
483,7/28/2020 16:00,22.753
484,7/28/2020 17:00,22.489
485,7/28/2020 18:00,22.154
486,7/28/2020 19:00,21.939
487,7/28/2020 20:00,21.843
488,7/28/2020 21:00,21.867
489,7/28/2020 22:00,22.011
490,7/28/2020 23:00,22.178
491,7/29/2020 0:00,22.226
492,7/29/2020 1:00,22.011
493,7/29/2020 2:00,21.199
494,7/29/2020 3:00,20.055
495,7/29/2020 4:00,19.817
496,7/29/2020 5:00,20.793
497,7/29/2020 6:00,21.032
498,7/29/2020 7:00,21.056
499,7/29/2020 8:00,20.865
500,7/29/2020 9:00,20.579
501,7/29/2020 10:00,20.793
502,7/29/2020 11:00,21.199
503,7/29/2020 12:00,21.891
504,7/29/2020 13:00,22.561
505,7/29/2020 14:00,23.04
506,7/29/2020 15:00,22.681
507,7/29/2020 16:00,22.513
508,7/29/2020 17:00,22.202
509,7/29/2020 18:00,21.963
510,7/29/2020 19:00,21.915
511,7/29/2020 20:00,21.819
512,7/29/2020 21:00,21.724
513,7/29/2020 22:00,21.581
514,7/29/2020 23:00,21.581
515,7/30/2020 0:00,21.676
516,7/30/2020 1:00,21.533
517,7/30/2020 2:00,21.079
518,7/30/2020 3:00,20.055
519,7/30/2020 4:00,18.747
520,7/30/2020 5:00,15.963
521,7/30/2020 6:00,19.651
522,7/30/2020 7:00,20.507
523,7/30/2020 8:00,20.627
524,7/30/2020 9:00,20.507
525,7/30/2020 10:00,20.222
526,7/30/2020 11:00,20.555
527,7/30/2020 12:00,21.127
528,7/30/2020 13:00,21.772
529,7/30/2020 14:00,22.226
530,7/30/2020 15:00,22.657
531,7/30/2020 16:00,22.25
532,7/30/2020 17:00,21.819
533,7/30/2020 18:00,21.676
534,7/30/2020 19:00,21.557
535,7/30/2020 20:00,21.509
536,7/30/2020 21:00,21.437
537,7/30/2020 22:00,21.342
538,7/30/2020 23:00,21.151
539,7/31/2020 0:00,20.96
540,7/31/2020 1:00,21.008
541,7/31/2020 2:00,20.817
542,7/31/2020 3:00,20.412
543,7/31/2020 4:00,19.318
544,7/31/2020 5:00,15.986
545,7/31/2020 6:00,15.008
546,7/31/2020 7:00,17.796
547,7/31/2020 8:00,19.888
548,7/31/2020 9:00,20.15
549,7/31/2020 10:00,20.198
550,7/31/2020 11:00,20.198
551,7/31/2020 12:00,20.365
552,7/31/2020 13:00,20.531
553,7/31/2020 14:00,20.96
554,7/31/2020 15:00,21.318
555,7/31/2020 16:00,21.485
556,7/31/2020 17:00,21.294
557,7/31/2020 18:00,21.056
558,7/31/2020 19:00,20.96
559,7/31/2020 20:00,20.698
560,7/31/2020 21:00,20.77
561,7/31/2020 22:00,20.746
562,7/31/2020 23:00,20.65
563,8/1/2020 0:00,20.341
564,8/1/2020 1:00,19.984
565,8/1/2020 2:00,19.817
566,8/1/2020 3:00,19.532
567,8/1/2020 4:00,18.818
568,8/1/2020 5:00,18.295
569,8/1/2020 6:00,14.84
570,8/1/2020 7:00,14.026
571,8/1/2020 8:00,16.987
572,8/1/2020 9:00,19.008
573,8/1/2020 10:00,19.27
574,8/1/2020 11:00,19.532
575,8/1/2020 12:00,19.793
576,8/1/2020 13:00,20.174
577,8/1/2020 14:00,20.46
578,8/1/2020 15:00,20.936
579,8/1/2020 16:00,21.27
580,8/1/2020 17:00,21.151
581,8/1/2020 18:00,20.984
582,8/1/2020 19:00,20.793
583,8/1/2020 20:00,20.555
584,8/1/2020 21:00,20.46
585,8/1/2020 22:00,20.507
586,8/1/2020 23:00,20.436
587,8/2/2020 0:00,20.365
588,8/2/2020 1:00,20.007
589,8/2/2020 2:00,19.793
590,8/2/2020 3:00,19.46
591,8/2/2020 4:00,19.032
592,8/2/2020 5:00,18.39
593,8/2/2020 6:00,17.249
594,8/2/2020 7:00,15.151
595,8/2/2020 8:00,15.485
596,8/2/2020 9:00,18.604
597,8/2/2020 10:00,19.555
598,8/2/2020 11:00,19.96
599,8/2/2020 12:00,20.317
600,8/2/2020 13:00,20.555
601,8/2/2020 14:00,20.841
602,8/2/2020 15:00,21.032
603,8/2/2020 16:00,21.461
604,8/2/2020 17:00,21.246
605,8/2/2020 18:00,21.127
606,8/2/2020 19:00,21.246
607,8/2/2020 20:00,21.27
608,8/2/2020 21:00,20.698
609,8/2/2020 22:00,20.531
610,8/2/2020 23:00,20.484
611,8/3/2020 0:00,20.436
612,8/3/2020 1:00,20.293
613,8/3/2020 2:00,19.96
614,8/3/2020 3:00,19.698
615,8/3/2020 4:00,19.341
616,8/3/2020 5:00,18.747
617,8/3/2020 6:00,17.891
618,8/3/2020 7:00,15.629
619,8/3/2020 8:00,17.296
620,8/3/2020 9:00,19.817
621,8/3/2020 10:00,20.627
622,8/3/2020 11:00,20.15
623,8/3/2020 12:00,20.388
624,8/3/2020 13:00,20.698
625,8/3/2020 14:00,20.865
626,8/3/2020 15:00,20.841
627,8/3/2020 16:00,20.77
628,8/3/2020 17:00,20.722
629,8/3/2020 18:00,20.627
630,8/3/2020 19:00,20.555
631,8/3/2020 20:00,20.984
632,8/3/2020 21:00,20.841
633,8/3/2020 22:00,20.365
634,8/3/2020 23:00,20.341
635,8/4/2020 0:00,20.246
636,8/4/2020 1:00,20.15
637,8/4/2020 2:00,20.031
638,8/4/2020 3:00,19.651
639,8/4/2020 4:00,19.294
640,8/4/2020 5:00,18.723
641,8/4/2020 6:00,18.247
642,8/4/2020 7:00,17.701
643,8/4/2020 8:00,16.487
644,8/4/2020 9:00,18.509
645,8/4/2020 10:00,16.296
646,8/4/2020 11:00,20.436
647,8/4/2020 12:00,20.436
648,8/4/2020 13:00,20.555
649,8/4/2020 14:00,20.722
650,8/4/2020 15:00,21.032
651,8/4/2020 16:00,20.913
652,8/4/2020 17:00,20.817
653,8/4/2020 18:00,20.627
654,8/4/2020 19:00,20.531
655,8/4/2020 20:00,20.841
656,8/4/2020 21:00,20.77
657,8/4/2020 22:00,20.365
658,8/4/2020 23:00,20.293
659,8/5/2020 0:00,20.222
660,8/5/2020 1:00,20.079
661,8/5/2020 2:00,19.96
662,8/5/2020 3:00,19.793
663,8/5/2020 4:00,19.508
664,8/5/2020 5:00,19.127
665,8/5/2020 6:00,18.961
666,8/5/2020 7:00,18.628
667,8/5/2020 8:00,18.129
668,8/5/2020 9:00,14.912
669,8/5/2020 10:00,15.819
670,8/5/2020 11:00,19.222
671,8/5/2020 12:00,19.579
672,8/5/2020 13:00,19.555
673,8/5/2020 14:00,19.627
674,8/5/2020 15:00,19.888
675,8/5/2020 16:00,20.174
676,8/5/2020 17:00,20.269
677,8/5/2020 18:00,20.198
678,8/5/2020 19:00,20.055
679,8/5/2020 20:00,19.841
680,8/5/2020 21:00,19.77
681,8/5/2020 22:00,19.817
682,8/5/2020 23:00,19.817
683,8/6/2020 0:00,19.579
684,8/6/2020 1:00,19.555
685,8/6/2020 2:00,19.484
686,8/6/2020 3:00,19.365
687,8/6/2020 4:00,19.08
688,8/6/2020 5:00,18.39
689,8/6/2020 6:00,17.915
690,8/6/2020 7:00,17.439
691,8/6/2020 8:00,17.177
692,8/6/2020 9:00,17.225
693,8/6/2020 10:00,22.92
694,8/6/2020 11:00,20.674
695,8/6/2020 12:00,20.365
696,8/6/2020 13:00,20.484
697,8/6/2020 14:00,20.507
698,8/6/2020 15:00,20.722
699,8/6/2020 16:00,20.698
700,8/6/2020 17:00,20.674
701,8/6/2020 18:00,20.579
702,8/6/2020 19:00,20.555
703,8/6/2020 20:00,20.269
704,8/6/2020 21:00,20.126
705,8/6/2020 22:00,20.841
706,8/6/2020 23:00,20.674
707,8/7/2020 0:00,20.555
708,8/7/2020 1:00,19.984
709,8/7/2020 2:00,19.984
710,8/7/2020 3:00,19.841
711,8/7/2020 4:00,19.698
712,8/7/2020 5:00,19.08
713,8/7/2020 6:00,18.438
714,8/7/2020 7:00,17.891
715,8/7/2020 8:00,17.344
716,8/7/2020 9:00,18.033
717,8/7/2020 10:00,19.674
718,8/7/2020 11:00,21.199
719,8/7/2020 12:00,20.865
720,8/7/2020 13:00,21.079
721,8/7/2020 14:00,21.318
722,8/7/2020 15:00,21.366
723,8/7/2020 16:00,21.581
724,8/7/2020 17:00,22.369
725,8/7/2020 18:00,23.136
726,8/7/2020 19:00,22.274
727,8/7/2020 20:00,21.987
728,8/7/2020 21:00,21.39
729,8/7/2020 22:00,20.96
730,8/7/2020 23:00,20.793
731,8/8/2020 0:00,20.746
732,8/8/2020 1:00,20.65
733,8/8/2020 2:00,20.674
734,8/8/2020 3:00,20.579
735,8/8/2020 4:00,20.412
736,8/8/2020 5:00,19.865
737,8/8/2020 6:00,19.722
738,8/8/2020 7:00,19.056
739,8/8/2020 8:00,18.604
740,8/8/2020 9:00,18.961
741,8/8/2020 10:00,20.579
742,8/8/2020 11:00,21.557
743,8/8/2020 12:00,21.604
744,8/8/2020 13:00,21.819
745,8/8/2020 14:00,21.748
746,8/8/2020 15:00,21.843
747,8/8/2020 16:00,22.011
748,8/8/2020 17:00,22.082
749,8/8/2020 18:00,23.569
750,8/8/2020 19:00,23.497
751,8/8/2020 20:00,22.345
752,8/8/2020 21:00,22.824
753,8/8/2020 22:00,21.915
754,8/8/2020 23:00,21.819
755,8/9/2020 0:00,21.461
756,8/9/2020 1:00,21.413
757,8/9/2020 2:00,21.509
758,8/9/2020 3:00,21.485
759,8/9/2020 4:00,21.366
760,8/9/2020 5:00,21.223
761,8/9/2020 6:00,20.746
762,8/9/2020 7:00,20.627
763,8/9/2020 8:00,20.126
764,8/9/2020 9:00,20.007
765,8/9/2020 10:00,21.366
766,8/9/2020 11:00,22.776
767,8/9/2020 12:00,22.657
768,8/9/2020 13:00,22.824
769,8/9/2020 14:00,22.992
770,8/9/2020 15:00,22.681
771,8/9/2020 16:00,22.585
772,8/9/2020 17:00,22.657
773,8/9/2020 18:00,23.16
774,8/9/2020 19:00,23.665
775,8/9/2020 20:00,23.28
776,8/9/2020 21:00,23.641
777,8/9/2020 22:00,23.256
778,8/9/2020 23:00,22.92
779,8/10/2020 0:00,22.369
780,8/10/2020 1:00,21.867
781,8/10/2020 2:00,21.939
782,8/10/2020 3:00,21.843
783,8/10/2020 4:00,21.557
784,8/10/2020 5:00,21.366
785,8/10/2020 6:00,21.366
786,8/10/2020 7:00,20.746
787,8/10/2020 8:00,21.103
788,8/10/2020 9:00,21.318
789,8/10/2020 10:00,21.915
790,8/10/2020 11:00,23.208
791,8/10/2020 12:00,24.122
792,8/10/2020 13:00,23.617
793,8/10/2020 14:00,23.593
794,8/10/2020 15:00,23.376
795,8/10/2020 16:00,23.328
796,8/10/2020 17:00,23.208
797,8/10/2020 18:00,23.521
798,8/10/2020 19:00,24.315
799,8/10/2020 20:00,24.774
800,8/10/2020 21:00,24.653
801,8/10/2020 22:00,24.653
802,8/10/2020 23:00,25.113
803,8/11/2020 0:00,24.726
804,8/11/2020 1:00,24.098
805,8/11/2020 2:00,23.304
806,8/11/2020 3:00,23.448
807,8/11/2020 4:00,23.28
808,8/11/2020 5:00,22.8
809,8/11/2020 6:00,22.441
810,8/11/2020 7:00,22.465
811,8/11/2020 8:00,22.513
812,8/11/2020 9:00,22.393
813,8/11/2020 10:00,22.465
814,8/11/2020 11:00,22.393
815,8/11/2020 12:00,22.8
816,8/11/2020 13:00,22.729
817,8/11/2020 14:00,22.8
818,8/11/2020 15:00,22.705
819,8/11/2020 16:00,22.609
820,8/11/2020 17:00,22.489
821,8/11/2020 18:00,22.274
822,8/11/2020 19:00,22.178
823,8/11/2020 20:00,22.25
824,8/11/2020 21:00,22.633
825,8/11/2020 22:00,22.705
826,8/11/2020 23:00,22.513
827,8/12/2020 0:00,22.226
828,8/12/2020 1:00,21.867
829,8/12/2020 2:00,21.604
830,8/12/2020 3:00,21.27
831,8/12/2020 4:00,21.366
832,8/12/2020 5:00,21.366
833,8/12/2020 6:00,20.984
834,8/12/2020 7:00,20.77
835,8/12/2020 8:00,20.627
836,8/12/2020 9:00,20.889
837,8/12/2020 10:00,20.984
838,8/12/2020 11:00,21.223
839,8/12/2020 12:00,21.772
840,8/12/2020 13:00,22.345
841,8/12/2020 14:00,22.417
842,8/12/2020 15:00,22.441
843,8/12/2020 16:00,22.465
844,8/12/2020 17:00,22.417
845,8/12/2020 18:00,22.321
846,8/12/2020 19:00,22.154
847,8/12/2020 20:00,21.963
848,8/12/2020 21:00,22.011
849,8/12/2020 22:00,21.987
850,8/12/2020 23:00,22.226
851,8/13/2020 0:00,22.178
852,8/13/2020 1:00,21.724
853,8/13/2020 2:00,20.889
854,8/13/2020 3:00,19.77
855,8/13/2020 4:00,19.341
856,8/13/2020 5:00,20.269
857,8/13/2020 6:00,20.531
858,8/13/2020 7:00,20.293
859,8/13/2020 8:00,19.722
860,8/13/2020 9:00,20.222
861,8/13/2020 10:00,20.603
862,8/13/2020 11:00,21.27
863,8/13/2020 12:00,21.891
864,8/13/2020 13:00,22.298
865,8/13/2020 14:00,22.465
866,8/13/2020 15:00,22.633
867,8/13/2020 16:00,22.609
868,8/13/2020 17:00,22.441
869,8/13/2020 18:00,22.274
870,8/13/2020 19:00,22.154
871,8/13/2020 20:00,22.034
872,8/13/2020 21:00,22.011
873,8/13/2020 22:00,21.987
874,8/13/2020 23:00,22.274
875,8/14/2020 0:00,22.489
876,8/14/2020 1:00,22.513
877,8/14/2020 2:00,22.25
878,8/14/2020 3:00,21.175
879,8/14/2020 4:00,19.77
880,8/14/2020 5:00,19.746
881,8/14/2020 6:00,21.032
882,8/14/2020 7:00,20.865
883,8/14/2020 8:00,20.77
884,8/14/2020 9:00,21.461
885,8/14/2020 10:00,21.581
886,8/14/2020 11:00,21.533
887,8/14/2020 12:00,21.867
888,8/14/2020 13:00,22.465
889,8/14/2020 14:00,22.944
890,8/14/2020 15:00,23.184
891,8/14/2020 16:00,23.208
892,8/14/2020 17:00,22.968
893,8/14/2020 18:00,22.872
894,8/14/2020 19:00,22.753
895,8/14/2020 20:00,22.633
896,8/14/2020 21:00,22.537
897,8/14/2020 22:00,22.657
898,8/14/2020 23:00,22.824
899,8/15/2020 0:00,22.872
900,8/15/2020 1:00,22.968
901,8/15/2020 2:00,23.112
902,8/15/2020 3:00,22.729
903,8/15/2020 4:00,21.461
904,8/15/2020 5:00,16.272
905,8/15/2020 6:00,15.963
906,8/15/2020 7:00,21.413
907,8/15/2020 8:00,22.274
908,8/15/2020 9:00,22.585
909,8/15/2020 10:00,22.729
910,8/15/2020 11:00,22.848
911,8/15/2020 12:00,23.136
912,8/15/2020 13:00,23.689
913,8/15/2020 14:00,24.146
914,8/15/2020 15:00,24.436
915,8/15/2020 16:00,24.532
916,8/15/2020 17:00,24.291
917,8/15/2020 18:00,24.002
918,8/15/2020 19:00,23.713
919,8/15/2020 20:00,23.521
920,8/15/2020 21:00,23.328
921,8/15/2020 22:00,23.232
922,8/15/2020 23:00,23.28
923,8/16/2020 0:00,23.4
924,8/16/2020 1:00,23.4
925,8/16/2020 2:00,23.521
926,8/16/2020 3:00,23.497
927,8/16/2020 4:00,22.441
928,8/16/2020 5:00,20.627
929,8/16/2020 6:00,18.438
930,8/16/2020 7:00,18.224
931,8/16/2020 8:00,21.987
932,8/16/2020 9:00,22.681
933,8/16/2020 10:00,22.776
934,8/16/2020 11:00,22.8
935,8/16/2020 12:00,22.705
936,8/16/2020 13:00,22.848
937,8/16/2020 14:00,23.184
938,8/16/2020 15:00,22.968
939,8/16/2020 16:00,23.328
940,8/16/2020 17:00,23.448
941,8/16/2020 18:00,23.232
942,8/16/2020 19:00,23.04
943,8/16/2020 20:00,22.872
944,8/16/2020 21:00,22.776
945,8/16/2020 22:00,22.729
946,8/16/2020 23:00,22.633
947,8/17/2020 0:00,22.441
948,8/17/2020 1:00,22.106
949,8/17/2020 2:00,22.058
950,8/17/2020 3:00,21.724
951,8/17/2020 4:00,21.294
952,8/17/2020 5:00,20.436
953,8/17/2020 6:00,16.463
954,8/17/2020 7:00,16.82
955,8/17/2020 8:00,17.082
956,8/17/2020 9:00,21.318
957,8/17/2020 10:00,21.461
958,8/17/2020 11:00,21.509
959,8/17/2020 12:00,21.461
960,8/17/2020 13:00,21.748
961,8/17/2020 14:00,22.058
962,8/17/2020 15:00,22.417
963,8/17/2020 16:00,22.776
964,8/17/2020 17:00,22.8
965,8/17/2020 18:00,22.537
966,8/17/2020 19:00,22.321
967,8/17/2020 20:00,22.274
968,8/17/2020 21:00,22.274
969,8/17/2020 22:00,22.321
970,8/17/2020 23:00,22.274
971,8/18/2020 0:00,22.178
972,8/18/2020 1:00,21.867
973,8/18/2020 2:00,21.628
974,8/18/2020 3:00,21.294
975,8/18/2020 4:00,20.841
976,8/18/2020 5:00,20.15
977,8/18/2020 6:00,18.747
978,8/18/2020 7:00,15.318
979,8/18/2020 8:00,17.843
980,8/18/2020 9:00,21.581
981,8/18/2020 10:00,21.843
982,8/18/2020 11:00,21.772
983,8/18/2020 12:00,22.154
984,8/18/2020 13:00,22.441
985,8/18/2020 14:00,22.753
986,8/18/2020 15:00,22.944
987,8/18/2020 16:00,23.088
988,8/18/2020 17:00,23.376
989,8/18/2020 18:00,22.92
990,8/18/2020 19:00,22.968
991,8/18/2020 20:00,22.896
992,8/18/2020 21:00,22.609
993,8/18/2020 22:00,22.441
994,8/18/2020 23:00,22.417
995,8/19/2020 0:00,22.369
996,8/19/2020 1:00,22.274
997,8/19/2020 2:00,21.891
998,8/19/2020 3:00,21.7
999,8/19/2020 4:00,21.246
1000,8/19/2020 5:00,20.674
1001,8/19/2020 6:00,19.698
1002,8/19/2020 7:00,15.652
1003,8/19/2020 8:00,16.63
1004,8/19/2020 9:00,18.794
1005,8/19/2020 10:00,21.437
1006,8/19/2020 11:00,21.772
1007,8/19/2020 12:00,21.939
1008,8/19/2020 13:00,22.154
1009,8/19/2020 14:00,22.465
1010,8/19/2020 15:00,22.633
1011,8/19/2020 16:00,22.776
1012,8/19/2020 17:00,22.824
1013,8/19/2020 18:00,22.657
1014,8/19/2020 19:00,22.393
1015,8/19/2020 20:00,22.226
1016,8/19/2020 21:00,22.202
1017,8/19/2020 22:00,22.274
1018,8/19/2020 23:00,22.082
1019,8/20/2020 0:00,21.987
1020,8/20/2020 1:00,21.891
1021,8/20/2020 2:00,21.724
1022,8/20/2020 3:00,21.294
1023,8/20/2020 4:00,20.603
1024,8/20/2020 5:00,20.007
1025,8/20/2020 6:00,19.318
1026,8/20/2020 7:00,18.509
1027,8/20/2020 8:00,16.844
1028,8/20/2020 9:00,19.722
1029,8/20/2020 10:00,15.533
1030,8/20/2020 11:00,21.008
1031,8/20/2020 12:00,21.294
1032,8/20/2020 13:00,21.891
1033,8/20/2020 14:00,22.154
1034,8/20/2020 15:00,22.393
1035,8/20/2020 16:00,22.441
1036,8/20/2020 17:00,22.513
1037,8/20/2020 18:00,22.561
1038,8/20/2020 19:00,22.321
1039,8/20/2020 20:00,21.819
1040,8/20/2020 21:00,21.843
1041,8/20/2020 22:00,22.082
1042,8/20/2020 23:00,21.795
1043,8/21/2020 0:00,21.604
1044,8/21/2020 1:00,21.581
1045,8/21/2020 2:00,21.581
1046,8/21/2020 3:00,21.461
1047,8/21/2020 4:00,21.103
1048,8/21/2020 5:00,20.627
1049,8/21/2020 6:00,20.031
1050,8/21/2020 7:00,19.603
1051,8/21/2020 8:00,19.555
1052,8/21/2020 9:00,19.27
1053,8/21/2020 10:00,21.485
1054,8/21/2020 11:00,22.393
1055,8/21/2020 12:00,22.226
1056,8/21/2020 13:00,22.465
1057,8/21/2020 14:00,22.513
1058,8/21/2020 15:00,22.585
1059,8/21/2020 16:00,22.633
1060,8/21/2020 17:00,22.776
1061,8/21/2020 18:00,22.633
1062,8/21/2020 19:00,22.441
1063,8/21/2020 20:00,22.034
1064,8/21/2020 21:00,21.533
1065,8/21/2020 22:00,21.7
1066,8/21/2020 23:00,21.748
1067,8/22/2020 0:00,22.034
1068,8/22/2020 1:00,22.011
1069,8/22/2020 2:00,21.891
1070,8/22/2020 3:00,21.819
1071,8/22/2020 4:00,21.724
1072,8/22/2020 5:00,21.413
1073,8/22/2020 6:00,20.817
1074,8/22/2020 7:00,20.293
1075,8/22/2020 8:00,19.722
1076,8/22/2020 9:00,20.198
1077,8/22/2020 10:00,22.561
1078,8/22/2020 11:00,22.321
1079,8/22/2020 12:00,22.298
1080,8/22/2020 13:00,22.489
1081,8/22/2020 14:00,22.585
1082,8/22/2020 15:00,22.609
1083,8/22/2020 16:00,22.585
1084,8/22/2020 17:00,22.561
1085,8/22/2020 18:00,22.776
1086,8/22/2020 19:00,23.328
1087,8/22/2020 20:00,23.232
1088,8/22/2020 21:00,22.968
1089,8/22/2020 22:00,21.891
1090,8/22/2020 23:00,21.533
1091,8/23/2020 0:00,22.178
1092,8/23/2020 1:00,21.915
1093,8/23/2020 2:00,21.7
1094,8/23/2020 3:00,21.676
1095,8/23/2020 4:00,21.604
1096,8/23/2020 5:00,21.485
1097,8/23/2020 6:00,20.889
1098,8/23/2020 7:00,20.365
1099,8/23/2020 8:00,19.651
1100,8/23/2020 9:00,19.222
1101,8/23/2020 10:00,20.198
1102,8/23/2020 11:00,21.461
1103,8/23/2020 12:00,21.724
1104,8/23/2020 13:00,21.915
1105,8/23/2020 14:00,22.13
1106,8/23/2020 15:00,22.106
1107,8/23/2020 16:00,22.345
1108,8/23/2020 17:00,22.369
1109,8/23/2020 18:00,22.321
1110,8/23/2020 19:00,22.561
1111,8/23/2020 20:00,22.705
1112,8/23/2020 21:00,22.513
1113,8/23/2020 22:00,21.819
1114,8/23/2020 23:00,20.817
1115,8/24/2020 0:00,20.46
1116,8/24/2020 1:00,21.461
1117,8/24/2020 2:00,21.246
1118,8/24/2020 3:00,20.698
1119,8/24/2020 4:00,21.199
1120,8/24/2020 5:00,21.151
1121,8/24/2020 6:00,20.889
1122,8/24/2020 7:00,20.293
1123,8/24/2020 8:00,20.246
1124,8/24/2020 9:00,19.603
1125,8/24/2020 10:00,20.079
1126,8/24/2020 11:00,21.175
1127,8/24/2020 12:00,21.461
1128,8/24/2020 13:00,21.795
1129,8/24/2020 14:00,22.034
1130,8/24/2020 15:00,22.13
1131,8/24/2020 16:00,22.226
1132,8/24/2020 17:00,22.25
1133,8/24/2020 18:00,22.226
1134,8/24/2020 19:00,22.489
1135,8/24/2020 20:00,22.609
1136,8/24/2020 21:00,22.633
1137,8/24/2020 22:00,22.417
1138,8/24/2020 23:00,22.011
1139,8/25/2020 0:00,20.436
1140,8/25/2020 1:00,19.841
1141,8/25/2020 2:00,21.27
1142,8/25/2020 3:00,21.437
1143,8/25/2020 4:00,21.366
1144,8/25/2020 5:00,20.793
1145,8/25/2020 6:00,20.507
1146,8/25/2020 7:00,20.936
1147,8/25/2020 8:00,20.531
1148,8/25/2020 9:00,20.555
1149,8/25/2020 10:00,20.269
1150,8/25/2020 11:00,20.841
1151,8/25/2020 12:00,22.465
1152,8/25/2020 13:00,22.585
1153,8/25/2020 14:00,22.537
1154,8/25/2020 15:00,22.561
1155,8/25/2020 16:00,22.561
1156,8/25/2020 17:00,22.585
1157,8/25/2020 18:00,22.465
1158,8/25/2020 19:00,22.417
1159,8/25/2020 20:00,22.369
1160,8/25/2020 21:00,22.705
1161,8/25/2020 22:00,22.657
1162,8/25/2020 23:00,22.633
1163,8/26/2020 0:00,22.298
1164,8/26/2020 1:00,20.722
1165,8/26/2020 2:00,19.46
1166,8/26/2020 3:00,20.222
1167,8/26/2020 4:00,21.366
1168,8/26/2020 5:00,21.557
1169,8/26/2020 6:00,21.557
1170,8/26/2020 7:00,21.461
1171,8/26/2020 8:00,21.175
1172,8/26/2020 9:00,21.294
1173,8/26/2020 10:00,20.436
1174,8/26/2020 11:00,20.913
1175,8/26/2020 12:00,21.485
1176,8/26/2020 13:00,21.963
1177,8/26/2020 14:00,21.772
1178,8/26/2020 15:00,21.748
1179,8/26/2020 16:00,21.676
1180,8/26/2020 17:00,21.557
1181,8/26/2020 18:00,21.461
1182,8/26/2020 19:00,21.366
1183,8/26/2020 20:00,21.223
1184,8/26/2020 21:00,20.936
1185,8/26/2020 22:00,20.246
1186,8/26/2020 23:00,19.96
1187,8/27/2020 0:00,19.413
1188,8/27/2020 1:00,18.961
1189,8/27/2020 2:00,18.224
1190,8/27/2020 3:00,17.463
1191,8/27/2020 4:00,18.842
1192,8/27/2020 5:00,19.413
1193,8/27/2020 6:00,19.651
1194,8/27/2020 7:00,19.365
1195,8/27/2020 8:00,19.603
1196,8/27/2020 9:00,19.77
1197,8/27/2020 10:00,19.722
1198,8/27/2020 11:00,19.46
1199,8/27/2020 12:00,19.651
1200,8/27/2020 13:00,20.627
1201,8/27/2020 14:00,21.413
1202,8/27/2020 15:00,21.437
1203,8/27/2020 16:00,21.413
1204,8/27/2020 17:00,21.342
1205,8/27/2020 18:00,21.246
1206,8/27/2020 19:00,21.127
1207,8/27/2020 20:00,21.032
1208,8/27/2020 21:00,20.936
1209,8/27/2020 22:00,20.96
1210,8/27/2020 23:00,20.936
1211,8/28/2020 0:00,21.032
1212,8/28/2020 1:00,21.127
1213,8/28/2020 2:00,20.698
1214,8/28/2020 3:00,19.698
1215,8/28/2020 4:00,17.225
1216,8/28/2020 5:00,18.176
1217,8/28/2020 6:00,18.58
1218,8/28/2020 7:00,20.198
1219,8/28/2020 8:00,20.269
1220,8/28/2020 9:00,20.293
1221,8/28/2020 10:00,20.341
1222,8/28/2020 11:00,20.531
1223,8/28/2020 12:00,21.008
1224,8/28/2020 13:00,21.151
1225,8/28/2020 14:00,21.963
1226,8/28/2020 15:00,22.393
1227,8/28/2020 16:00,22.393
1228,8/28/2020 17:00,22.082
1229,8/28/2020 18:00,21.939
1230,8/28/2020 19:00,21.819
1231,8/28/2020 20:00,21.604
1232,8/28/2020 21:00,21.509
1233,8/28/2020 22:00,21.485
1234,8/28/2020 23:00,21.461
1235,8/29/2020 0:00,21.318
1236,8/29/2020 1:00,21.223
1237,8/29/2020 2:00,21.103
1238,8/29/2020 3:00,20.674
1239,8/29/2020 4:00,19.389
1240,8/29/2020 5:00,15.819
1241,8/29/2020 6:00,15.891
1242,8/29/2020 7:00,19.865
1243,8/29/2020 8:00,20.126
1244,8/29/2020 9:00,20.103
1245,8/29/2020 10:00,20.627
1246,8/29/2020 11:00,20.984
1247,8/29/2020 12:00,21.246
1248,8/29/2020 13:00,21.39
1249,8/29/2020 14:00,21.604
1250,8/29/2020 15:00,22.345
1251,8/29/2020 16:00,22.729
1252,8/29/2020 17:00,22.824
1253,8/29/2020 18:00,22.106
1254,8/29/2020 19:00,21.604
1255,8/29/2020 20:00,21.485
1256,8/29/2020 21:00,21.461
1257,8/29/2020 22:00,21.342
1258,8/29/2020 23:00,21.342
1259,8/30/2020 0:00,21.294
1260,8/30/2020 1:00,21.175
1261,8/30/2020 2:00,21.151
1262,8/30/2020 3:00,21.008
1263,8/30/2020 4:00,20.436
1264,8/30/2020 5:00,19.056
1265,8/30/2020 6:00,15.724
1266,8/30/2020 7:00,18.509
1267,8/30/2020 8:00,19.603
1268,8/30/2020 9:00,20.484
1269,8/30/2020 10:00,20.579
1270,8/30/2020 11:00,21.079
1271,8/30/2020 12:00,21.342
1272,8/30/2020 13:00,21.604
1273,8/30/2020 14:00,21.819
1274,8/30/2020 15:00,22.345
1275,8/30/2020 16:00,22.585
1276,8/30/2020 17:00,22.776
1277,8/30/2020 18:00,22.489
1278,8/30/2020 19:00,21.939
1279,8/30/2020 20:00,21.581
1280,8/30/2020 21:00,21.366
1281,8/30/2020 22:00,21.175
1282,8/30/2020 23:00,21.056
1283,8/31/2020 0:00,21.079
1284,8/31/2020 1:00,21.127
1285,8/31/2020 2:00,21.008
1286,8/31/2020 3:00,20.889
1287,8/31/2020 4:00,20.555
1288,8/31/2020 5:00,19.817
1289,8/31/2020 6:00,18.604
1290,8/31/2020 7:00,15.008
1291,8/31/2020 8:00,19.318
1292,8/31/2020 9:00,20.055
1293,8/31/2020 10:00,20.65
1294,8/31/2020 11:00,20.984
1295,8/31/2020 12:00,21.223
1296,8/31/2020 13:00,21.485
1297,8/31/2020 14:00,21.7
1298,8/31/2020 15:00,22.106
1299,8/31/2020 16:00,22.776
1300,8/31/2020 17:00,22.489
1301,8/31/2020 18:00,22.202
1302,8/31/2020 19:00,22.082
1303,8/31/2020 20:00,21.772
1304,8/31/2020 21:00,21.485
1305,8/31/2020 22:00,21.413
1306,8/31/2020 23:00,21.246
1307,9/1/2020 0:00,21.151
1308,9/1/2020 1:00,21.223
1309,9/1/2020 2:00,21.246
1310,9/1/2020 3:00,21.127
1311,9/1/2020 4:00,20.96
1312,9/1/2020 5:00,20.579
1313,9/1/2020 6:00,19.674
1314,9/1/2020 7:00,18.271
1315,9/1/2020 8:00,18.081
1316,9/1/2020 9:00,20.293
1317,9/1/2020 10:00,20.507
1318,9/1/2020 11:00,20.46
1319,9/1/2020 12:00,20.984
1320,9/1/2020 13:00,21.246
1321,9/1/2020 14:00,21.604
1322,9/1/2020 15:00,21.652
1323,9/1/2020 16:00,21.819
1324,9/1/2020 17:00,22.058
1325,9/1/2020 18:00,21.987
1326,9/1/2020 19:00,21.581
1327,9/1/2020 20:00,21.485
1328,9/1/2020 21:00,21.39
1329,9/1/2020 22:00,21.246
1330,9/1/2020 23:00,21.127
1331,9/2/2020 0:00,21.079
1332,9/2/2020 1:00,21.008
1333,9/2/2020 2:00,20.984
1334,9/2/2020 3:00,20.841
1335,9/2/2020 4:00,20.579
1336,9/2/2020 5:00,20.317
1337,9/2/2020 6:00,19.888
1338,9/2/2020 7:00,19.199
1339,9/2/2020 8:00,18.794
1340,9/2/2020 9:00,20.174
1341,9/2/2020 10:00,20.484
1342,9/2/2020 11:00,20.484
1343,9/2/2020 12:00,20.722
1344,9/2/2020 13:00,21.008
1345,9/2/2020 14:00,21.366
1346,9/2/2020 15:00,21.557
1347,9/2/2020 16:00,21.843
1348,9/2/2020 17:00,21.939
1349,9/2/2020 18:00,21.987
1350,9/2/2020 19:00,21.461
1351,9/2/2020 20:00,21.318
1352,9/2/2020 21:00,21.103
1353,9/2/2020 22:00,21.056
1354,9/2/2020 23:00,20.889
1355,9/3/2020 0:00,20.817
1356,9/3/2020 1:00,20.746
1357,9/3/2020 2:00,20.65
1358,9/3/2020 3:00,20.436
1359,9/3/2020 4:00,19.841
1360,9/3/2020 5:00,19.508
1361,9/3/2020 6:00,18.842
1362,9/3/2020 7:00,18.557
1363,9/3/2020 8:00,18.557
1364,9/3/2020 9:00,19.175
1365,9/3/2020 10:00,19.555
1366,9/3/2020 11:00,19.793
1367,9/3/2020 12:00,19.96
1368,9/3/2020 13:00,20.055
1369,9/3/2020 14:00,20.246
1370,9/3/2020 15:00,20.317
1371,9/3/2020 16:00,20.412
1372,9/3/2020 17:00,20.579
1373,9/3/2020 18:00,20.579
1374,9/3/2020 19:00,20.293
1375,9/3/2020 20:00,20.031
1376,9/3/2020 21:00,19.865
1377,9/3/2020 22:00,19.865
1378,9/3/2020 23:00,19.865
1379,9/4/2020 0:00,19.888
1380,9/4/2020 1:00,19.865
1381,9/4/2020 2:00,19.817
1382,9/4/2020 3:00,19.674
1383,9/4/2020 4:00,19.46
1384,9/4/2020 5:00,19.246
1385,9/4/2020 6:00,18.533
1386,9/4/2020 7:00,17.915
1387,9/4/2020 8:00,17.534
1388,9/4/2020 9:00,18.057
1389,9/4/2020 10:00,19.341
1390,9/4/2020 11:00,19.841
1391,9/4/2020 12:00,20.222
1392,9/4/2020 13:00,20.388
1393,9/4/2020 14:00,20.722
1394,9/4/2020 15:00,21.079
1395,9/4/2020 16:00,21.223
1396,9/4/2020 17:00,21.223
1397,9/4/2020 18:00,21.246
1398,9/4/2020 19:00,21.151
1399,9/4/2020 20:00,21.079
1400,9/4/2020 21:00,20.317
1401,9/4/2020 22:00,20.341
1402,9/4/2020 23:00,20.436
1403,9/5/2020 0:00,20.555
1404,9/5/2020 1:00,20.412
1405,9/5/2020 2:00,20.341
1406,9/5/2020 3:00,20.198
1407,9/5/2020 4:00,20.103
1408,9/5/2020 5:00,19.436
1409,9/5/2020 6:00,18.842
1410,9/5/2020 7:00,17.867
1411,9/5/2020 8:00,17.32
1412,9/5/2020 9:00,17.701
1413,9/5/2020 10:00,19.984
1414,9/5/2020 11:00,20.293
1415,9/5/2020 12:00,20.698
1416,9/5/2020 13:00,20.913
1417,9/5/2020 14:00,21.056
1418,9/5/2020 15:00,21.27
1419,9/5/2020 16:00,21.557
1420,9/5/2020 17:00,22.513
1421,9/5/2020 18:00,22.585
1422,9/5/2020 19:00,22.992
1423,9/5/2020 20:00,22.465
1424,9/5/2020 21:00,21.987
1425,9/5/2020 22:00,21.581
1426,9/5/2020 23:00,21.151
1427,9/6/2020 0:00,21.175
1428,9/6/2020 1:00,21.008
1429,9/6/2020 2:00,20.793
1430,9/6/2020 3:00,20.674
1431,9/6/2020 4:00,20.746
1432,9/6/2020 5:00,20.77
1433,9/6/2020 6:00,20.412
1434,9/6/2020 7:00,20.007
1435,9/6/2020 8:00,19.603
1436,9/6/2020 9:00,19.746
1437,9/6/2020 10:00,20.913
1438,9/6/2020 11:00,21.294
1439,9/6/2020 12:00,21.533
1440,9/6/2020 13:00,21.557
1441,9/6/2020 14:00,21.724
1442,9/6/2020 15:00,21.819
1443,9/6/2020 16:00,22.058
1444,9/6/2020 17:00,22.776
1445,9/6/2020 18:00,23.352
1446,9/6/2020 19:00,23.328
1447,9/6/2020 20:00,23.665
1448,9/6/2020 21:00,23.954
1449,9/6/2020 22:00,23.497
1450,9/6/2020 23:00,22.202
1451,9/7/2020 0:00,21.843
1452,9/7/2020 1:00,21.724
1453,9/7/2020 2:00,21.581
1454,9/7/2020 3:00,21.509
1455,9/7/2020 4:00,21.413
1456,9/7/2020 5:00,21.413
1457,9/7/2020 6:00,21.39
1458,9/7/2020 7:00,21.127
1459,9/7/2020 8:00,20.77
1460,9/7/2020 9:00,20.436
1461,9/7/2020 10:00,21.318
1462,9/7/2020 11:00,21.939
1463,9/7/2020 12:00,22.058
1464,9/7/2020 13:00,22.034
1465,9/7/2020 14:00,22.106
1466,9/7/2020 15:00,22.154
1467,9/7/2020 16:00,22.321
1468,9/7/2020 17:00,22.417
1469,9/7/2020 18:00,22.92
1470,9/7/2020 19:00,23.352
1471,9/7/2020 20:00,23.184
1472,9/7/2020 21:00,23.617
1473,9/7/2020 22:00,22.705
1474,9/7/2020 23:00,22.393
1475,9/8/2020 0:00,22.13
1476,9/8/2020 1:00,21.867
1477,9/8/2020 2:00,21.676
1478,9/8/2020 3:00,21.461
1479,9/8/2020 4:00,21.413
1480,9/8/2020 5:00,21.27
1481,9/8/2020 6:00,21.199
1482,9/8/2020 7:00,21.032
1483,9/8/2020 8:00,20.65
1484,9/8/2020 9:00,20.603
1485,9/8/2020 10:00,20.793
1486,9/8/2020 11:00,20.984
1487,9/8/2020 12:00,21.27
1488,9/8/2020 13:00,21.581
1489,9/8/2020 14:00,21.652
1490,9/8/2020 15:00,21.557
1491,9/8/2020 16:00,21.485
1492,9/8/2020 17:00,21.461
1493,9/8/2020 18:00,21.485
1494,9/8/2020 19:00,21.461
1495,9/8/2020 20:00,21.509
1496,9/8/2020 21:00,21.39
1497,9/8/2020 22:00,21.294
1498,9/8/2020 23:00,21.103
1499,9/9/2020 0:00,20.722
1500,9/9/2020 1:00,20.388
1501,9/9/2020 2:00,20.674
1502,9/9/2020 3:00,20.746
1503,9/9/2020 4:00,20.698
1504,9/9/2020 5:00,20.65
1505,9/9/2020 6:00,20.46
1506,9/9/2020 7:00,20.579
1507,9/9/2020 8:00,20.198
1508,9/9/2020 9:00,19.912
1509,9/9/2020 10:00,19.603
1510,9/9/2020 11:00,19.627
1511,9/9/2020 12:00,19.793
1512,9/9/2020 13:00,19.96
1513,9/9/2020 14:00,20.103
1514,9/9/2020 15:00,20.388
1515,9/9/2020 16:00,20.531
1516,9/9/2020 17:00,20.317
1517,9/9/2020 18:00,20.412
1518,9/9/2020 19:00,20.126
1519,9/9/2020 20:00,20.103
1520,9/9/2020 21:00,19.912
1521,9/9/2020 22:00,19.46
1522,9/9/2020 23:00,19.222
1523,9/10/2020 0:00,18.652
1524,9/10/2020 1:00,18.152
1525,9/10/2020 2:00,18.747
1526,9/10/2020 3:00,18.747
1527,9/10/2020 4:00,19.389
1528,9/10/2020 5:00,19.27
1529,9/10/2020 6:00,18.485
1530,9/10/2020 7:00,18.533
1531,9/10/2020 8:00,18.675
1532,9/10/2020 9:00,19.484
1533,9/10/2020 10:00,19.27
1534,9/10/2020 11:00,19.199
1535,9/10/2020 12:00,19.294
1536,9/10/2020 13:00,19.555
1537,9/10/2020 14:00,19.651
1538,9/10/2020 15:00,20.007
1539,9/10/2020 16:00,20.103
1540,9/10/2020 17:00,20.174
1541,9/10/2020 18:00,20.15
1542,9/10/2020 19:00,20.031
1543,9/10/2020 20:00,19.793
1544,9/10/2020 21:00,19.413
1545,9/10/2020 22:00,19.103
1546,9/10/2020 23:00,18.889
1547,9/11/2020 0:00,18.509
1548,9/11/2020 1:00,18.176
1549,9/11/2020 2:00,17.772
1550,9/11/2020 3:00,17.51
1551,9/11/2020 4:00,18.461
1552,9/11/2020 5:00,18.628
1553,9/11/2020 6:00,18.818
1554,9/11/2020 7:00,18.747
1555,9/11/2020 8:00,18.961
1556,9/11/2020 9:00,18.866
1557,9/11/2020 10:00,18.509
1558,9/11/2020 11:00,18.961
1559,9/11/2020 12:00,19.436
1560,9/11/2020 13:00,20.126
1561,9/11/2020 14:00,20.293
1562,9/11/2020 15:00,20.412
1563,9/11/2020 16:00,20.46
1564,9/11/2020 17:00,20.412
1565,9/11/2020 18:00,20.412
1566,9/11/2020 19:00,20.293
1567,9/11/2020 20:00,20.222
1568,9/11/2020 21:00,20.15
1569,9/11/2020 22:00,20.15
1570,9/11/2020 23:00,20.269
1571,9/12/2020 0:00,20.269
1572,9/12/2020 1:00,20.103
1573,9/12/2020 2:00,19.532
1574,9/12/2020 3:00,18.343
1575,9/12/2020 4:00,17.891
1576,9/12/2020 5:00,18.224
1577,9/12/2020 6:00,19.413
1578,9/12/2020 7:00,19.46
1579,9/12/2020 8:00,19.484
1580,9/12/2020 9:00,19.532
1581,9/12/2020 10:00,19.698
1582,9/12/2020 11:00,19.793
1583,9/12/2020 12:00,20.007
1584,9/12/2020 13:00,20.388
1585,9/12/2020 14:00,20.603
1586,9/12/2020 15:00,20.722
1587,9/12/2020 16:00,20.817
1588,9/12/2020 17:00,20.77
1589,9/12/2020 18:00,20.603
1590,9/12/2020 19:00,20.436
1591,9/12/2020 20:00,20.365
1592,9/12/2020 21:00,20.317
1593,9/12/2020 22:00,20.412
1594,9/12/2020 23:00,20.317
1595,9/13/2020 0:00,20.222
1596,9/13/2020 1:00,20.15
1597,9/13/2020 2:00,19.936
1598,9/13/2020 3:00,19.056
1599,9/13/2020 4:00,17.938
1600,9/13/2020 5:00,17.772
1601,9/13/2020 6:00,19.175
1602,9/13/2020 7:00,19.508
1603,9/13/2020 8:00,19.532
1604,9/13/2020 9:00,19.341
1605,9/13/2020 10:00,19.579
1606,9/13/2020 11:00,19.46
1607,9/13/2020 12:00,19.674
1608,9/13/2020 13:00,19.817
1609,9/13/2020 14:00,20.246
1610,9/13/2020 15:00,20.531
1611,9/13/2020 16:00,20.507
1612,9/13/2020 17:00,20.269
1613,9/13/2020 18:00,20.198
1614,9/13/2020 19:00,20.15
1615,9/13/2020 20:00,20.079
1616,9/13/2020 21:00,20.031
1617,9/13/2020 22:00,19.96
1618,9/13/2020 23:00,19.817
1619,9/14/2020 0:00,19.603
1620,9/14/2020 1:00,19.46
1621,9/14/2020 2:00,19.199
1622,9/14/2020 3:00,18.652
1623,9/14/2020 4:00,18.152
1624,9/14/2020 5:00,15.39
1625,9/14/2020 6:00,15.175
1626,9/14/2020 7:00,18.366
1627,9/14/2020 8:00,18.889
1628,9/14/2020 9:00,18.985
1629,9/14/2020 10:00,19.175
1630,9/14/2020 11:00,19.365
1631,9/14/2020 12:00,19.484
1632,9/14/2020 13:00,19.888
1633,9/14/2020 14:00,20.293
1634,9/14/2020 15:00,20.698
1635,9/14/2020 16:00,21.079
1636,9/14/2020 17:00,20.722
1637,9/14/2020 18:00,20.507
1638,9/14/2020 19:00,20.317
1639,9/14/2020 20:00,20.222
1640,9/14/2020 21:00,20.055
1641,9/14/2020 22:00,20.031
1642,9/14/2020 23:00,19.936
1643,9/15/2020 0:00,19.888
1644,9/15/2020 1:00,19.793
1645,9/15/2020 2:00,19.698
1646,9/15/2020 3:00,19.532
1647,9/15/2020 4:00,19.103
1648,9/15/2020 5:00,18.247
1649,9/15/2020 6:00,14.984
1650,9/15/2020 7:00,15.223
1651,9/15/2020 8:00,18.794
1652,9/15/2020 9:00,19.413
1653,9/15/2020 10:00,19.579
1654,9/15/2020 11:00,19.865
1655,9/15/2020 12:00,20.317
1656,9/15/2020 13:00,20.698
1657,9/15/2020 14:00,21.103
1658,9/15/2020 15:00,21.819
1659,9/15/2020 16:00,22.226
1660,9/15/2020 17:00,21.987
1661,9/15/2020 18:00,21.604
1662,9/15/2020 19:00,21.246
1663,9/15/2020 20:00,20.96
1664,9/15/2020 21:00,20.746
1665,9/15/2020 22:00,20.579
1666,9/15/2020 23:00,20.603
1667,9/16/2020 0:00,20.555
1668,9/16/2020 1:00,20.555
1669,9/16/2020 2:00,20.698
1670,9/16/2020 3:00,20.698
1671,9/16/2020 4:00,20.627
1672,9/16/2020 5:00,20.269
1673,9/16/2020 6:00,19.722
1674,9/16/2020 7:00,18.224
1675,9/16/2020 8:00,19.984
1676,9/16/2020 9:00,20.579
1677,9/16/2020 10:00,20.77
1678,9/16/2020 11:00,20.817
1679,9/16/2020 12:00,20.936
1680,9/16/2020 13:00,21.151
1681,9/16/2020 14:00,21.581
1682,9/16/2020 15:00,22.034
1683,9/16/2020 16:00,22.609
1684,9/16/2020 17:00,22.681
1685,9/16/2020 18:00,23.184
1686,9/16/2020 19:00,22.298
1687,9/16/2020 20:00,22.154
1688,9/16/2020 21:00,21.724
1689,9/16/2020 22:00,21.318
1690,9/16/2020 23:00,21.127
1691,9/17/2020 0:00,21.056
1692,9/17/2020 1:00,21.056
1693,9/17/2020 2:00,21.175
1694,9/17/2020 3:00,21.294
1695,9/17/2020 4:00,21.318
1696,9/17/2020 5:00,21.199
1697,9/17/2020 6:00,20.698
1698,9/17/2020 7:00,19.389
1699,9/17/2020 8:00,18.176
1700,9/17/2020 9:00,20.889
1701,9/17/2020 10:00,21.199
1702,9/17/2020 11:00,21.27
1703,9/17/2020 12:00,21.366
1704,9/17/2020 13:00,21.39
1705,9/17/2020 14:00,21.509
1706,9/17/2020 15:00,21.748
1707,9/17/2020 16:00,22.226
1708,9/17/2020 17:00,22.729
1709,9/17/2020 18:00,22.944
1710,9/17/2020 19:00,22.178
1711,9/17/2020 20:00,21.819
1712,9/17/2020 21:00,21.509
1713,9/17/2020 22:00,21.509
1714,9/17/2020 23:00,21.318
1715,9/18/2020 0:00,21.175
1716,9/18/2020 1:00,21.127
1717,9/18/2020 2:00,21.079
1718,9/18/2020 3:00,21.079
1719,9/18/2020 4:00,20.913
1720,9/18/2020 5:00,20.674
1721,9/18/2020 6:00,20.388
1722,9/18/2020 7:00,19.674
1723,9/18/2020 8:00,19.27
1724,9/18/2020 9:00,20.365
1725,9/18/2020 10:00,20.674
1726,9/18/2020 11:00,20.96
1727,9/18/2020 12:00,21.151
1728,9/18/2020 13:00,21.461
1729,9/18/2020 14:00,21.7
1730,9/18/2020 15:00,21.915
1731,9/18/2020 16:00,22.417
1732,9/18/2020 17:00,22.633
1733,9/18/2020 18:00,22.848
1734,9/18/2020 19:00,23.16
1735,9/18/2020 20:00,22.465
1736,9/18/2020 21:00,22.226
1737,9/18/2020 22:00,22.226
1738,9/18/2020 23:00,21.939
1739,9/19/2020 0:00,21.604
1740,9/19/2020 1:00,21.413
1741,9/19/2020 2:00,21.318
1742,9/19/2020 3:00,21.246
1743,9/19/2020 4:00,21.199
1744,9/19/2020 5:00,20.865
1745,9/19/2020 6:00,20.484
1746,9/19/2020 7:00,19.912
1747,9/19/2020 8:00,19.555
1748,9/19/2020 9:00,20.507
1749,9/19/2020 10:00,21.032
1750,9/19/2020 11:00,21.437
1751,9/19/2020 12:00,21.509
1752,9/19/2020 13:00,21.652
1753,9/19/2020 14:00,21.7
1754,9/19/2020 15:00,21.891
1755,9/19/2020 16:00,22.226
1756,9/19/2020 17:00,23.28
1757,9/19/2020 18:00,23.28
1758,9/19/2020 19:00,23.304
1759,9/19/2020 20:00,22.034
1760,9/19/2020 21:00,21.27
1761,9/19/2020 22:00,21.39
1762,9/19/2020 23:00,21.891
1763,9/20/2020 0:00,21.724
1764,9/20/2020 1:00,21.509
1765,9/20/2020 2:00,21.437
1766,9/20/2020 3:00,21.342
1767,9/20/2020 4:00,21.27
1768,9/20/2020 5:00,20.96
1769,9/20/2020 6:00,20.436
1770,9/20/2020 7:00,19.746
1771,9/20/2020 8:00,19.08
1772,9/20/2020 9:00,19.103
1773,9/20/2020 10:00,20.603
1774,9/20/2020 11:00,21.223
1775,9/20/2020 12:00,21.437
1776,9/20/2020 13:00,21.581
1777,9/20/2020 14:00,21.772
1778,9/20/2020 15:00,21.915
1779,9/20/2020 16:00,22.058
1780,9/20/2020 17:00,22.345
1781,9/20/2020 18:00,22.8
1782,9/20/2020 19:00,22.513
1783,9/20/2020 20:00,22.537
1784,9/20/2020 21:00,21.27
1785,9/20/2020 22:00,20.579
1786,9/20/2020 23:00,20.96
1787,9/21/2020 0:00,21.7
1788,9/21/2020 1:00,21.772
1789,9/21/2020 2:00,21.652
1790,9/21/2020 3:00,21.413
1791,9/21/2020 4:00,21.318
1792,9/21/2020 5:00,21.199
1793,9/21/2020 6:00,20.865
1794,9/21/2020 7:00,20.507
1795,9/21/2020 8:00,19.746
1796,9/21/2020 9:00,19.27
1797,9/21/2020 10:00,20.198
1798,9/21/2020 11:00,21.175
1799,9/21/2020 12:00,21.652
1800,9/21/2020 13:00,21.748
1801,9/21/2020 14:00,21.819
1802,9/21/2020 15:00,21.915
1803,9/21/2020 16:00,22.011
1804,9/21/2020 17:00,21.987
1805,9/21/2020 18:00,21.915
1806,9/21/2020 19:00,21.724
1807,9/21/2020 20:00,21.461
1808,9/21/2020 21:00,21.342
1809,9/21/2020 22:00,20.555
1810,9/21/2020 23:00,19.532
1811,9/22/2020 0:00,19.508
1812,9/22/2020 1:00,20.246
1813,9/22/2020 2:00,20.674
1814,9/22/2020 3:00,20.674
1815,9/22/2020 4:00,20.77
1816,9/22/2020 5:00,20.817
1817,9/22/2020 6:00,20.698
1818,9/22/2020 7:00,20.341
1819,9/22/2020 8:00,19.888
1820,9/22/2020 9:00,20.055
1821,9/22/2020 10:00,20.722
1822,9/22/2020 11:00,21.056
1823,9/22/2020 12:00,21.199
1824,9/22/2020 13:00,21.318
1825,9/22/2020 14:00,21.437
1826,9/22/2020 15:00,21.533
1827,9/22/2020 16:00,21.604
1828,9/22/2020 17:00,21.628
1829,9/22/2020 18:00,21.581
1830,9/22/2020 19:00,21.437
1831,9/22/2020 20:00,21.557
1832,9/22/2020 21:00,21.581
1833,9/22/2020 22:00,20.96
1834,9/22/2020 23:00,19.793
1835,9/23/2020 0:00,17.177
1836,9/23/2020 1:00,14.098
1837,9/23/2020 2:00,19.008
1838,9/23/2020 3:00,20.174
1839,9/23/2020 4:00,20.222
1840,9/23/2020 5:00,20.055
1841,9/23/2020 6:00,20.126
1842,9/23/2020 7:00,19.96
1843,9/23/2020 8:00,19.674
1844,9/23/2020 9:00,18.818
1845,9/23/2020 10:00,19.27
1846,9/23/2020 11:00,20.46
1847,9/23/2020 12:00,20.889
1848,9/23/2020 13:00,21.175
1849,9/23/2020 14:00,21.413
1850,9/23/2020 15:00,21.557
1851,9/23/2020 16:00,21.652
1852,9/23/2020 17:00,21.7
1853,9/23/2020 18:00,21.7
1854,9/23/2020 19:00,21.604
1855,9/23/2020 20:00,21.819
1856,9/23/2020 21:00,21.891
1857,9/23/2020 22:00,21.939
1858,9/23/2020 23:00,21.032
1859,9/24/2020 0:00,20.484
1860,9/24/2020 1:00,18.818
1861,9/24/2020 2:00,17.748
1862,9/24/2020 3:00,20.603
1863,9/24/2020 4:00,21.032
1864,9/24/2020 5:00,21.032
1865,9/24/2020 6:00,20.889
1866,9/24/2020 7:00,20.865
1867,9/24/2020 8:00,20.865
1868,9/24/2020 9:00,20.841
1869,9/24/2020 10:00,20.865
1870,9/24/2020 11:00,21.079
1871,9/24/2020 12:00,21.485
1872,9/24/2020 13:00,21.891
1873,9/24/2020 14:00,21.891
1874,9/24/2020 15:00,21.867
1875,9/24/2020 16:00,21.939
1876,9/24/2020 17:00,21.891
1877,9/24/2020 18:00,21.772
1878,9/24/2020 19:00,21.604
1879,9/24/2020 20:00,21.461
1880,9/24/2020 21:00,21.294
1881,9/24/2020 22:00,21.079
1882,9/24/2020 23:00,20.817
1883,9/25/2020 0:00,20.603
1884,9/25/2020 1:00,19.96
1885,9/25/2020 2:00,19.841
1886,9/25/2020 3:00,19.579
1887,9/25/2020 4:00,19.579
1888,9/25/2020 5:00,19.77
1889,9/25/2020 6:00,19.936
1890,9/25/2020 7:00,19.984
1891,9/25/2020 8:00,19.698
1892,9/25/2020 9:00,19.032
1893,9/25/2020 10:00,19.722
1894,9/25/2020 11:00,20.484
1895,9/25/2020 12:00,20.984
1896,9/25/2020 13:00,21.199
1897,9/25/2020 14:00,21.175
1898,9/25/2020 15:00,21.175
1899,9/25/2020 16:00,21.103
1900,9/25/2020 17:00,21.175
1901,9/25/2020 18:00,21.079
1902,9/25/2020 19:00,20.984
1903,9/25/2020 20:00,20.841
1904,9/25/2020 21:00,20.627
1905,9/25/2020 22:00,20.674
1906,9/25/2020 23:00,20.46
1907,9/26/2020 0:00,20.198
1908,9/26/2020 1:00,19.865
1909,9/26/2020 2:00,19.746
1910,9/26/2020 3:00,18.366
1911,9/26/2020 4:00,16.654
1912,9/26/2020 5:00,17.938
1913,9/26/2020 6:00,19.27
1914,9/26/2020 7:00,19.46
1915,9/26/2020 8:00,19.603
1916,9/26/2020 9:00,19.865
1917,9/26/2020 10:00,20.079
1918,9/26/2020 11:00,20.293
1919,9/26/2020 12:00,20.603
1920,9/26/2020 13:00,20.936
1921,9/26/2020 14:00,21.175
1922,9/26/2020 15:00,21.366
1923,9/26/2020 16:00,21.581
1924,9/26/2020 17:00,21.318
1925,9/26/2020 18:00,21.032
1926,9/26/2020 19:00,20.817
1927,9/26/2020 20:00,20.65
1928,9/26/2020 21:00,20.531
1929,9/26/2020 22:00,20.412
1930,9/26/2020 23:00,20.246
1931,9/27/2020 0:00,20.007
1932,9/27/2020 1:00,19.865
1933,9/27/2020 2:00,19.555
1934,9/27/2020 3:00,18.557
1935,9/27/2020 4:00,16.32
1936,9/27/2020 5:00,14.05
1937,9/27/2020 6:00,17.891
1938,9/27/2020 7:00,18.533
1939,9/27/2020 8:00,18.889
1940,9/27/2020 9:00,19.175
1941,9/27/2020 10:00,19.674
1942,9/27/2020 11:00,20.031
1943,9/27/2020 12:00,20.007
1944,9/27/2020 13:00,20.222
1945,9/27/2020 14:00,20.841
1946,9/27/2020 15:00,21.557
1947,9/27/2020 16:00,21.772
1948,9/27/2020 17:00,21.581
1949,9/27/2020 18:00,21.437
1950,9/27/2020 19:00,21.246
1951,9/27/2020 20:00,21.127
1952,9/27/2020 21:00,21.008
1953,9/27/2020 22:00,20.936
1954,9/27/2020 23:00,20.936
1955,9/28/2020 0:00,20.936
1956,9/28/2020 1:00,20.722
1957,9/28/2020 2:00,20.603
1958,9/28/2020 3:00,20.341
1959,9/28/2020 4:00,19.127
1960,9/28/2020 5:00,17.534
1961,9/28/2020 6:00,16.558
1962,9/28/2020 7:00,18.224
1963,9/28/2020 8:00,19.817
1964,9/28/2020 9:00,20.126
1965,9/28/2020 10:00,20.365
1966,9/28/2020 11:00,20.603
1967,9/28/2020 12:00,20.865
1968,9/28/2020 13:00,21.127
1969,9/28/2020 14:00,21.581
1970,9/28/2020 15:00,22.058
1971,9/28/2020 16:00,22.681
1972,9/28/2020 17:00,22.705
1973,9/28/2020 18:00,22.13
1974,9/28/2020 19:00,21.724
1975,9/28/2020 20:00,21.318
1976,9/28/2020 21:00,21.103
1977,9/28/2020 22:00,21.032
1978,9/28/2020 23:00,20.936
1979,9/29/2020 0:00,20.793
1980,9/29/2020 1:00,20.746
1981,9/29/2020 2:00,20.65
1982,9/29/2020 3:00,20.46
1983,9/29/2020 4:00,19.888
1984,9/29/2020 5:00,19.413
1985,9/29/2020 6:00,18.557
1986,9/29/2020 7:00,18.961
1987,9/29/2020 8:00,19.746
1988,9/29/2020 9:00,19.984
1989,9/29/2020 10:00,20.031
1990,9/29/2020 11:00,20.436
1991,9/29/2020 12:00,20.746
1992,9/29/2020 13:00,20.936
1993,9/29/2020 14:00,21.175
1994,9/29/2020 15:00,21.7
1995,9/29/2020 16:00,21.987
1996,9/29/2020 17:00,21.915
1997,9/29/2020 18:00,21.891
1998,9/29/2020 19:00,21.437
1999,9/29/2020 20:00,21.437
2000,9/29/2020 21:00,21.223
2001,9/29/2020 22:00,20.984
2002,9/29/2020 23:00,20.936
2003,9/30/2020 0:00,20.841
2004,9/30/2020 1:00,20.746
2005,9/30/2020 2:00,20.627
2006,9/30/2020 3:00,20.317
2007,9/30/2020 4:00,19.746
2008,9/30/2020 5:00,19.389
2009,9/30/2020 6:00,19.413
2010,9/30/2020 7:00,18.723
2011,9/30/2020 8:00,19.46
2012,9/30/2020 9:00,19.77
2013,9/30/2020 10:00,20.007
2014,9/30/2020 11:00,20.174
2015,9/30/2020 12:00,20.555
2016,9/30/2020 13:00,20.817
2017,9/30/2020 14:00,20.984
2018,9/30/2020 15:00,21.366
2019,9/30/2020 16:00,21.676
2020,9/30/2020 17:00,21.987
2021,9/30/2020 18:00,22.154
2022,9/30/2020 19:00,21.294
2023,9/30/2020 20:00,21.223
2024,9/30/2020 21:00,21.223
2025,9/30/2020 22:00,20.984
2026,9/30/2020 23:00,20.817
2027,10/1/2020 0:00,20.77
2028,10/1/2020 1:00,20.65
2029,10/1/2020 2:00,20.507
2030,10/1/2020 3:00,20.365
2031,10/1/2020 4:00,19.77
2032,10/1/2020 5:00,19.103
2033,10/1/2020 6:00,18.319
2034,10/1/2020 7:00,17.819
2035,10/1/2020 8:00,17.915
2036,10/1/2020 9:00,18.247
2037,10/1/2020 10:00,19.698
2038,10/1/2020 11:00,20.031
2039,10/1/2020 12:00,20.507
2040,10/1/2020 13:00,20.746
2041,10/1/2020 14:00,20.841
2042,10/1/2020 15:00,20.984
2043,10/1/2020 16:00,21.318
2044,10/1/2020 17:00,21.461
2045,10/1/2020 18:00,21.366
2046,10/1/2020 19:00,20.913
2047,10/1/2020 20:00,20.698
2048,10/1/2020 21:00,20.865
2049,10/1/2020 22:00,20.817
2050,10/1/2020 23:00,20.579
2051,10/2/2020 0:00,20.46
2052,10/2/2020 1:00,20.365
2053,10/2/2020 2:00,20.269
2054,10/2/2020 3:00,20.126
2055,10/2/2020 4:00,19.627
2056,10/2/2020 5:00,19.008
2057,10/2/2020 6:00,18.509
2058,10/2/2020 7:00,17.724
2059,10/2/2020 8:00,17.439
2060,10/2/2020 9:00,19.056
2061,10/2/2020 10:00,19.436
2062,10/2/2020 11:00,19.888
2063,10/2/2020 12:00,20.555
2064,10/2/2020 13:00,20.746
2065,10/2/2020 14:00,20.984
2066,10/2/2020 15:00,21.581
2067,10/2/2020 16:00,21.461
2068,10/2/2020 17:00,21.485
2069,10/2/2020 18:00,21.628
2070,10/2/2020 19:00,20.77
2071,10/2/2020 20:00,20.555
2072,10/2/2020 21:00,20.603
2073,10/2/2020 22:00,20.65
2074,10/2/2020 23:00,20.603
2075,10/3/2020 0:00,20.46
2076,10/3/2020 1:00,20.341
2077,10/3/2020 2:00,20.246
2078,10/3/2020 3:00,20.15
2079,10/3/2020 4:00,19.912
2080,10/3/2020 5:00,19.651
2081,10/3/2020 6:00,18.889
2082,10/3/2020 7:00,18.129
2083,10/3/2020 8:00,17.463
2084,10/3/2020 9:00,19.056
2085,10/3/2020 10:00,19.341
2086,10/3/2020 11:00,19.936
2087,10/3/2020 12:00,20.341
2088,10/3/2020 13:00,20.555
2089,10/3/2020 14:00,20.817
2090,10/3/2020 15:00,21.008
2091,10/3/2020 16:00,21.461
2092,10/3/2020 17:00,21.867
2093,10/3/2020 18:00,21.724
2094,10/3/2020 19:00,21.151
2095,10/3/2020 20:00,20.436
2096,10/3/2020 21:00,20.222
2097,10/3/2020 22:00,20.388
2098,10/3/2020 23:00,20.388
2099,10/4/2020 0:00,20.388
2100,10/4/2020 1:00,20.269
2101,10/4/2020 2:00,20.174
2102,10/4/2020 3:00,20.079
2103,10/4/2020 4:00,19.984
2104,10/4/2020 5:00,19.508
2105,10/4/2020 6:00,19.246
2106,10/4/2020 7:00,18.675
2107,10/4/2020 8:00,19.222
2108,10/4/2020 9:00,19.436
2109,10/4/2020 10:00,19.436
2110,10/4/2020 11:00,19.746
2111,10/4/2020 12:00,19.888
2112,10/4/2020 13:00,20.007
2113,10/4/2020 14:00,20.198
2114,10/4/2020 15:00,20.269
2115,10/4/2020 16:00,20.388
2116,10/4/2020 17:00,20.484
2117,10/4/2020 18:00,20.388
2118,10/4/2020 19:00,20.126
2119,10/4/2020 20:00,19.555
2120,10/4/2020 21:00,19.08
2121,10/4/2020 22:00,19.294
2122,10/4/2020 23:00,19.603
2123,10/5/2020 0:00,19.674
2124,10/5/2020 1:00,19.698
2125,10/5/2020 2:00,19.698
2126,10/5/2020 3:00,19.698
2127,10/5/2020 4:00,19.532
2128,10/5/2020 5:00,19.08
2129,10/5/2020 6:00,18.699
2130,10/5/2020 7:00,18.557
2131,10/5/2020 8:00,17.534
2132,10/5/2020 9:00,18.057
2133,10/5/2020 10:00,18.652
2134,10/5/2020 11:00,19.341
2135,10/5/2020 12:00,19.793
2136,10/5/2020 13:00,20.055
2137,10/5/2020 14:00,20.246
2138,10/5/2020 15:00,20.412
2139,10/5/2020 16:00,20.603
2140,10/5/2020 17:00,20.722
2141,10/5/2020 18:00,20.674
2142,10/5/2020 19:00,20.507
2143,10/5/2020 20:00,20.031
2144,10/5/2020 21:00,19.27
2145,10/5/2020 22:00,18.39
2146,10/5/2020 23:00,18.604
2147,10/6/2020 0:00,19.674
2148,10/6/2020 1:00,19.722
2149,10/6/2020 2:00,19.746
2150,10/6/2020 3:00,19.698
2151,10/6/2020 4:00,19.603
2152,10/6/2020 5:00,19.508
2153,10/6/2020 6:00,19.341
2154,10/6/2020 7:00,18.509
2155,10/6/2020 8:00,18.461
2156,10/6/2020 9:00,18.105
2157,10/6/2020 10:00,18.723
2158,10/6/2020 11:00,19.318
2159,10/6/2020 12:00,19.722
2160,10/6/2020 13:00,19.984
2161,10/6/2020 14:00,20.15
2162,10/6/2020 15:00,20.317
2163,10/6/2020 16:00,20.341
2164,10/6/2020 17:00,20.388
2165,10/6/2020 18:00,20.317
2166,10/6/2020 19:00,20.198
2167,10/6/2020 20:00,19.96
2168,10/6/2020 21:00,19.341
2169,10/6/2020 22:00,19.056
2170,10/6/2020 23:00,18.628
2171,10/7/2020 0:00,19.127
2172,10/7/2020 1:00,19.413
2173,10/7/2020 2:00,19.436
2174,10/7/2020 3:00,19.46
2175,10/7/2020 4:00,19.413
2176,10/7/2020 5:00,19.294
2177,10/7/2020 6:00,19.246
2178,10/7/2020 7:00,19.151
2179,10/7/2020 8:00,19.127
2180,10/7/2020 9:00,19.032
2181,10/7/2020 10:00,18.889
2182,10/7/2020 11:00,18.985
2183,10/7/2020 12:00,19.032
2184,10/7/2020 13:00,19.246
2185,10/7/2020 14:00,19.318
2186,10/7/2020 15:00,19.365
2187,10/7/2020 16:00,19.46
2188,10/7/2020 17:00,19.484
2189,10/7/2020 18:00,19.365
2190,10/7/2020 19:00,19.127
2191,10/7/2020 20:00,18.913
2192,10/7/2020 21:00,18.271
2193,10/7/2020 22:00,17.867
2194,10/7/2020 23:00,17.891
2195,10/8/2020 0:00,18.247
2196,10/8/2020 1:00,18.295
2197,10/8/2020 2:00,18.461
2198,10/8/2020 3:00,18.699
2199,10/8/2020 4:00,18.699
2200,10/8/2020 5:00,18.366
2201,10/8/2020 6:00,18.129
2202,10/8/2020 7:00,18.509
2203,10/8/2020 8:00,18.461
2204,10/8/2020 9:00,18.438
2205,10/8/2020 10:00,18.295
2206,10/8/2020 11:00,18.723
2207,10/8/2020 12:00,18.652
2208,10/8/2020 13:00,18.866
2209,10/8/2020 14:00,19.08
2210,10/8/2020 15:00,19.151
2211,10/8/2020 16:00,19.175
2212,10/8/2020 17:00,19.175
2213,10/8/2020 18:00,19.056
2214,10/8/2020 19:00,18.842
2215,10/8/2020 20:00,18.699
2216,10/8/2020 21:00,18.509
2217,10/8/2020 22:00,18.224
2218,10/8/2020 23:00,17.843
2219,10/9/2020 0:00,17.701
2220,10/9/2020 1:00,17.677
2221,10/9/2020 2:00,18.176
2222,10/9/2020 3:00,18.319
2223,10/9/2020 4:00,18.438
2224,10/9/2020 5:00,18.366
2225,10/9/2020 6:00,18.152
2226,10/9/2020 7:00,17.724
2227,10/9/2020 8:00,18.057
2228,10/9/2020 9:00,18.271
2229,10/9/2020 10:00,18.271
2230,10/9/2020 11:00,18.39
2231,10/9/2020 12:00,18.438
2232,10/9/2020 13:00,18.937
2233,10/9/2020 14:00,19.365
2234,10/9/2020 15:00,19.817
2235,10/9/2020 16:00,20.269
2236,10/9/2020 17:00,20.365
2237,10/9/2020 18:00,20.246
2238,10/9/2020 19:00,20.126
2239,10/9/2020 20:00,20.388
2240,10/9/2020 21:00,20.269
2241,10/9/2020 22:00,20.055
2242,10/9/2020 23:00,19.508
2243,10/10/2020 0:00,18.985
2244,10/10/2020 1:00,17.677
2245,10/10/2020 2:00,17.653
2246,10/10/2020 3:00,17.891
2247,10/10/2020 4:00,17.986
2248,10/10/2020 5:00,19.008
2249,10/10/2020 6:00,19.008
2250,10/10/2020 7:00,19.127
2251,10/10/2020 8:00,19.127
2252,10/10/2020 9:00,19.08
2253,10/10/2020 10:00,18.961
2254,10/10/2020 11:00,18.747
2255,10/10/2020 12:00,18.866
2256,10/10/2020 13:00,19.032
2257,10/10/2020 14:00,19.436
2258,10/10/2020 15:00,19.603
2259,10/10/2020 16:00,19.603
2260,10/10/2020 17:00,19.674
2261,10/10/2020 18:00,19.651
2262,10/10/2020 19:00,19.579
2263,10/10/2020 20:00,19.484
2264,10/10/2020 21:00,19.413
2265,10/10/2020 22:00,19.318
2266,10/10/2020 23:00,19.175
2267,10/11/2020 0:00,18.747
2268,10/11/2020 1:00,18.366
2269,10/11/2020 2:00,17.701
2270,10/11/2020 3:00,15.796
2271,10/11/2020 4:00,17.605
2272,10/11/2020 5:00,18.081
2273,10/11/2020 6:00,18.319
2274,10/11/2020 7:00,18.461
2275,10/11/2020 8:00,18.533
2276,10/11/2020 9:00,18.652
2277,10/11/2020 10:00,18.366
2278,10/11/2020 11:00,18.628
2279,10/11/2020 12:00,18.866
2280,10/11/2020 13:00,19.532
2281,10/11/2020 14:00,19.865
2282,10/11/2020 15:00,20.079
2283,10/11/2020 16:00,20.007
2284,10/11/2020 17:00,19.912
2285,10/11/2020 18:00,19.793
2286,10/11/2020 19:00,19.698
2287,10/11/2020 20:00,19.651
2288,10/11/2020 21:00,19.603
2289,10/11/2020 22:00,19.579
2290,10/11/2020 23:00,19.436
2291,10/12/2020 0:00,19.127
2292,10/12/2020 1:00,18.723
2293,10/12/2020 2:00,17.534
2294,10/12/2020 3:00,14.697
2295,10/12/2020 4:00,12.92
2296,10/12/2020 5:00,16.677
2297,10/12/2020 6:00,16.987
2298,10/12/2020 7:00,17.724
2299,10/12/2020 8:00,18.343
2300,10/12/2020 9:00,18.271
2301,10/12/2020 10:00,18.509
2302,10/12/2020 11:00,18.58
2303,10/12/2020 12:00,18.699
2304,10/12/2020 13:00,19.056
2305,10/12/2020 14:00,19.579
2306,10/12/2020 15:00,20.055
2307,10/12/2020 16:00,19.912
2308,10/12/2020 17:00,19.912
2309,10/12/2020 18:00,19.865
2310,10/12/2020 19:00,19.722
2311,10/12/2020 20:00,19.651
2312,10/12/2020 21:00,19.555
2313,10/12/2020 22:00,19.508
2314,10/12/2020 23:00,19.532
2315,10/13/2020 0:00,19.294
2316,10/13/2020 1:00,19.056
2317,10/13/2020 2:00,18.747
2318,10/13/2020 3:00,17.748
2319,10/13/2020 4:00,15.581
2320,10/13/2020 5:00,13.57
2321,10/13/2020 6:00,17.201
2322,10/13/2020 7:00,16.987
2323,10/13/2020 8:00,18.461
2324,10/13/2020 9:00,18.533
2325,10/13/2020 10:00,18.699
2326,10/13/2020 11:00,18.913
2327,10/13/2020 12:00,19.032
2328,10/13/2020 13:00,19.413
2329,10/13/2020 14:00,20.15
2330,10/13/2020 15:00,20.627
2331,10/13/2020 16:00,21.056
2332,10/13/2020 17:00,20.698
2333,10/13/2020 18:00,20.293
2334,10/13/2020 19:00,19.936
2335,10/13/2020 20:00,19.841
2336,10/13/2020 21:00,19.77
2337,10/13/2020 22:00,19.698
2338,10/13/2020 23:00,19.651
2339,10/14/2020 0:00,19.651
2340,10/14/2020 1:00,19.555
2341,10/14/2020 2:00,19.222
2342,10/14/2020 3:00,18.747
2343,10/14/2020 4:00,17.748
2344,10/14/2020 5:00,15.772
2345,10/14/2020 6:00,15.175
2346,10/14/2020 7:00,17.796
2347,10/14/2020 8:00,18.366
2348,10/14/2020 9:00,18.889
2349,10/14/2020 10:00,19.008
2350,10/14/2020 11:00,19.341
2351,10/14/2020 12:00,19.579
2352,10/14/2020 13:00,19.722
2353,10/14/2020 14:00,20.174
2354,10/14/2020 15:00,20.579
2355,10/14/2020 16:00,20.913
2356,10/14/2020 17:00,20.936
2357,10/14/2020 18:00,20.531
2358,10/14/2020 19:00,20.269
2359,10/14/2020 20:00,20.246
2360,10/14/2020 21:00,19.912
2361,10/14/2020 22:00,19.77
2362,10/14/2020 23:00,19.651
2363,10/15/2020 0:00,19.627
2364,10/15/2020 1:00,19.603
2365,10/15/2020 2:00,19.127
2366,10/15/2020 3:00,18.699
2367,10/15/2020 4:00,17.796
2368,10/15/2020 5:00,16.701
2369,10/15/2020 6:00,15.151
2370,10/15/2020 7:00,17.177
2371,10/15/2020 8:00,15.843
2372,10/15/2020 9:00,18.319
2373,10/15/2020 10:00,18.771
2374,10/15/2020 11:00,19.294
2375,10/15/2020 12:00,19.508
2376,10/15/2020 13:00,19.746
2377,10/15/2020 14:00,19.888
2378,10/15/2020 15:00,20.674
2379,10/15/2020 16:00,21.294
2380,10/15/2020 17:00,21.772
2381,10/15/2020 18:00,21.724
2382,10/15/2020 19:00,20.913
2383,10/15/2020 20:00,20.484
2384,10/15/2020 21:00,20.341
2385,10/15/2020 22:00,20.031
2386,10/15/2020 23:00,19.651
2387,10/16/2020 0:00,19.508
2388,10/16/2020 1:00,19.555
2389,10/16/2020 2:00,19.603
2390,10/16/2020 3:00,19.222
2391,10/16/2020 4:00,18.699
2392,10/16/2020 5:00,17.891
2393,10/16/2020 6:00,16.534
2394,10/16/2020 7:00,16.892
2395,10/16/2020 8:00,17.891
2396,10/16/2020 9:00,18.533
2397,10/16/2020 10:00,18.818
2398,10/16/2020 11:00,19.27
2399,10/16/2020 12:00,19.579
2400,10/16/2020 13:00,19.865
2401,10/16/2020 14:00,19.984
2402,10/16/2020 15:00,20.174
2403,10/16/2020 16:00,20.365
2404,10/16/2020 17:00,20.77
2405,10/16/2020 18:00,21.175
2406,10/16/2020 19:00,18.985
2407,10/16/2020 20:00,22.585
2408,10/16/2020 21:00,23.016
2409,10/16/2020 22:00,23.376
2410,10/16/2020 23:00,23.713
2411,10/17/2020 0:00,23.689
2412,10/17/2020 1:00,22.8
2413,10/17/2020 2:00,22.561
2414,10/17/2020 3:00,22.298
2415,10/17/2020 4:00,21.939
2416,10/17/2020 5:00,21.461
2417,10/17/2020 6:00,20.984
2418,10/17/2020 7:00,20.46
2419,10/17/2020 8:00,19.936
2420,10/17/2020 9:00,19.722
2421,10/17/2020 10:00,20.555
2422,10/17/2020 11:00,22.178
2423,10/17/2020 12:00,24.581
2424,10/17/2020 13:00,26.965
2425,10/17/2020 14:00,27.825
2426,10/17/2020 15:00,28.866
2427,10/17/2020 16:00,30.016
2428,10/17/2020 17:00,27.038
2429,10/17/2020 18:00,24.315
2430,10/17/2020 19:00,23.93
2431,10/17/2020 20:00,23.761
2432,10/17/2020 21:00,23.809
2433,10/17/2020 22:00,23.737
2434,10/17/2020 23:00,23.641
2435,10/18/2020 0:00,22.393
2436,10/18/2020 1:00,22.633
2437,10/18/2020 2:00,22.633
2438,10/18/2020 3:00,22.393
2439,10/18/2020 4:00,21.963
2440,10/18/2020 5:00,21.485
2441,10/18/2020 6:00,20.984
2442,10/18/2020 7:00,20.46
2443,10/18/2020 8:00,19.865
2444,10/18/2020 9:00,19.365
2445,10/18/2020 10:00,19.532
2446,10/18/2020 11:00,20.722
2447,10/18/2020 12:00,22.944
2448,10/18/2020 13:00,25.939
2449,10/18/2020 14:00,29.389
2450,10/18/2020 15:00,33.105
2451,10/18/2020 16:00,35.582
2452,10/18/2020 17:00,35.958
2453,10/18/2020 18:00,35.422
2454,10/18/2020 19:00,34.545
2455,10/18/2020 20:00,33.443
2456,10/18/2020 21:00,32.227
2457,10/18/2020 22:00,30.976
2458,10/18/2020 23:00,29.69
2459,10/19/2020 0:00,28.419
2460,10/19/2020 1:00,27.136
2461,10/19/2020 2:00,25.866
2462,10/19/2020 3:00,24.629
2463,10/19/2020 4:00,23.448
2464,10/19/2020 5:00,22.369
2465,10/19/2020 6:00,21.39
2466,10/19/2020 7:00,20.46
2467,10/19/2020 8:00,19.627
2468,10/19/2020 9:00,18.889
2469,10/19/2020 10:00,18.509
2470,10/19/2020 11:00,18.771
2471,10/19/2020 12:00,19.984
2472,10/19/2020 13:00,22.178
2473,10/19/2020 14:00,24.992
2474,10/19/2020 15:00,26.965
2475,10/19/2020 16:00,26.671
2476,10/19/2020 17:00,26.475
2477,10/19/2020 18:00,25.793
2478,10/19/2020 19:00,25.355
2479,10/19/2020 20:00,24.532
2480,10/19/2020 21:00,23.761
2481,10/19/2020 22:00,23.256
2482,10/19/2020 23:00,23.016
2483,10/20/2020 0:00,22.776
2484,10/20/2020 1:00,23.064
2485,10/20/2020 2:00,23.088
2486,10/20/2020 3:00,23.016
2487,10/20/2020 4:00,22.848
2488,10/20/2020 5:00,22.609
2489,10/20/2020 6:00,22.369
2490,10/20/2020 7:00,22.106
2491,10/20/2020 8:00,21.987
2492,10/20/2020 9:00,21.819
2493,10/20/2020 10:00,23.569
2494,10/20/2020 11:00,21.461
2495,10/20/2020 12:00,20.817
2496,10/20/2020 13:00,20.46
2497,10/20/2020 14:00,20.222
