Bag,Replicate,Sampling,Date,Site,Species,Species_Latin,SH_Temp,SH_Tide,Dilution_1,MilliQ_ul_1,Dilution_2,Date_Homogenized,Mean_Abs_375,Control_375,control - blank,carbonylContent/well,Protien_content/ug/ml,nmole_carbonyl/mg_protein,Dilution_factor,CarbPerProtein
1,1,5,12-Aug-22,HIOC - North,Pacific,M. gigas,15,No_Tide,1,300,1,6-Oct-22,0.115,0.077,0.038,0.59710874,416.333333,1.43420833,2,2.86841667
1,2,5,12-Aug-22,HIOC - North,Pacific,M. gigas,15,No_Tide,1,300,1,6-Oct-22,0.132,0.077,0.055,0.86423633,591.333333,1.4615045,2,2.92300901
1,3,5,12-Aug-22,HIOC - North,Pacific,M. gigas,15,No_Tide,1,300,1,6-Oct-22,0.121,0.077,0.044,0.69138906,378,1.8290716,2,3.65814319
1,4,5,12-Aug-22,HIOC - North,Pacific,M. gigas,15,No_Tide,1,300,1,6-Oct-22,0.134,0.077,0.057,0.8956631,491.333333,1.82292355,2,3.6458471
1,5,5,12-Aug-22,HIOC - North,Pacific,M. gigas,15,No_Tide,1,300,1,6-Oct-22,0.097,0.074,0.023,0.36140792,218.57,1.65351109,2,3.30702219
2,1,5,12-Aug-22,HIOC - North,Pacific,M. gigas,15,No_Tide,1,300,1,6-Oct-22,0.123,0.077,0.046,0.72281584,486.333333,1.48625601,2,2.97251202
2,2,5,12-Aug-22,HIOC - North,Pacific,M. gigas,15,No_Tide,1,300,1,6-Oct-22,0.12,0.077,0.043,0.67567568,406.333333,1.66286056,2,3.32572113
2,3,5,12-Aug-22,HIOC - North,Pacific,M. gigas,15,No_Tide,1,300,1,6-Oct-22,0.138,0.077,0.061,0.95851666,463,2.07023036,2,4.14046072
2,4,5,12-Aug-22,HIOC - North,Pacific,M. gigas,15,No_Tide,1,300,1,6-Oct-22,0.23,0.077,0.153,2.40414833,471.333333,5.10073904,2,10.2014781
2,5,5,12-Aug-22,HIOC - North,Pacific,M. gigas,15,No_Tide,1,300,1,6-Oct-22,0.142,0.074,0.068,1.06851037,444.276,2.40505985,2,4.8101197
3,1,5,12-Aug-22,HIOC - North,Pacific,M. gigas,15,No_Tide,1,300,1,6-Oct-22,0.125,0.077,0.048,0.75424261,424.666667,1.77608151,2,3.55216302
3,2,5,12-Aug-22,HIOC - North,Pacific,M. gigas,15,No_Tide,1,300,1,6-Oct-22,0.115,0.077,0.038,0.59710874,358,1.6679015,2,3.335803
3,3,5,12-Aug-22,HIOC - North,Pacific,M. gigas,15,No_Tide,1,300,1,6-Oct-22,0.142,0.077,0.065,1.02137021,701.333333,1.45632634,2,2.91265268
3,4,5,12-Aug-22,HIOC - North,Pacific,M. gigas,15,No_Tide,1,300,1,6-Oct-22,0.11,0.077,0.033,0.5185418,274.666667,1.88789489,2,3.77578979
3,5,5,12-Aug-22,HIOC - North,Pacific,M. gigas,15,No_Tide,1,300,1,6-Oct-22,0.092,0.074,0.018,0.28284098,228.551,1.23753989,2,2.47507979
4,1,5,12-Aug-22,HIOC - North,Pacific,M. gigas,15,Tide,1,300,1,6-Oct-22,0.142,0.077,0.065,1.02137021,609.666667,1.67529285,2,3.3505857
4,2,5,12-Aug-22,HIOC - North,Pacific,M. gigas,15,Tide,1,300,1,6-Oct-22,0.136,0.077,0.059,0.92708988,358,2.58963654,2,5.17927308
4,3,5,12-Aug-22,HIOC - North,Pacific,M. gigas,15,Tide,1,300,1,6-Oct-22,0.114,0.077,0.037,0.58139535,371.333333,1.56569663,2,3.13139326
4,4,5,12-Aug-22,HIOC - North,Pacific,M. gigas,15,Tide,1,300,1,6-Oct-22,0.13,0.077,0.053,0.83280955,424.666667,1.96109,2,3.92218
4,5,5,12-Aug-22,HIOC - North,Pacific,M. gigas,15,Tide,1,300,1,6-Oct-22,0.153,0.074,0.079,1.24135764,578.75,2.1448944,2,4.28978881
5,1,5,12-Aug-22,HIOC - North,Pacific,M. gigas,15,Tide,1,300,1,6-Oct-22,0.109,0.077,0.032,0.50282841,353,1.42444309,2,2.84888617
5,2,5,12-Aug-22,HIOC - North,Pacific,M. gigas,15,Tide,1,300,1,6-Oct-22,0.097,0.077,0.02,0.31426776,258,1.21809208,2,2.43618416
5,3,5,12-Aug-22,HIOC - North,Pacific,M. gigas,15,Tide,1,300,1,6-Oct-22,0.154,0.077,0.077,1.20993086,526.333333,2.29879201,2,4.59758402
5,4,5,12-Aug-22,HIOC - North,Pacific,M. gigas,15,Tide,1,300,1,6-Oct-22,0.142,0.077,0.065,1.02137021,359.666667,2.83976888,2,5.67953776
5,5,5,12-Aug-22,HIOC - North,Pacific,M. gigas,15,Tide,1,300,1,6-Oct-22,0.153,0.074,0.079,1.24135764,398.695,3.11355206,2,6.22710411
6,1,5,12-Aug-22,HIOC - North,Pacific,M. gigas,15,Tide,1,300,1,6-Oct-22,0.151,0.077,0.074,1.1627907,,,2,
6,2,5,12-Aug-22,HIOC - North,Pacific,M. gigas,15,Tide,1,300,1,6-Oct-22,0.131,0.077,0.054,0.84852294,574.666667,1.47654804,2,2.95309608
6,3,5,12-Aug-22,HIOC - North,Pacific,M. gigas,15,Tide,1,300,1,6-Oct-22,0.13,0.077,0.053,0.83280955,464.666667,1.79227307,2,3.58454614
6,4,5,12-Aug-22,HIOC - North,Pacific,M. gigas,15,Tide,1,300,1,6-Oct-22,0.329,0.077,0.252,3.95977373,218,18.1640997,2,36.3281993
6,5,5,12-Aug-22,HIOC - North,Pacific,M. gigas,15,Tide,1,300,1,6-Oct-22,0.138,0.074,0.064,1.00565682,460.715,2.18281762,2,4.36563524
7,1,5,12-Aug-22,HIOC - North,Pacific,M. gigas,21,Tide,1,300,1,7-Oct-22,0.101,0.077,0.024,0.37712131,173,2.17989195,2,4.3597839
7,2,5,12-Aug-22,HIOC - North,Pacific,M. gigas,21,Tide,1,300,1,7-Oct-22,0.119,0.077,0.042,0.65996229,236.333333,2.79250615,2,5.58501231
7,3,5,12-Aug-22,HIOC - North,Pacific,M. gigas,21,Tide,1,300,1,7-Oct-22,0.128,0.077,0.051,0.80138278,456.333333,1.75613465,2,3.5122693
7,4,5,12-Aug-22,HIOC - North,Pacific,M. gigas,21,Tide,1,300,1,7-Oct-22,0.118,0.077,0.041,0.6442489,399.666667,1.61196555,2,3.22393111
7,5,5,12-Aug-22,HIOC - North,Pacific,M. gigas,21,Tide,1,300,1,7-Oct-22,0.108,0.074,0.034,0.53425519,292.13,1.82882684,2,3.65765368
8,1,5,12-Aug-22,HIOC - North,Pacific,M. gigas,21,Tide,1,300,1,7-Oct-22,0.1,0.077,0.023,0.36140792,143,2.52732811,2,5.05465622
8,2,5,12-Aug-22,HIOC - North,Pacific,M. gigas,21,Tide,1,300,1,7-Oct-22,0.106,0.077,0.029,0.45568825,246.333333,1.84988463,2,3.69976925
8,3,5,12-Aug-22,HIOC - North,Pacific,M. gigas,21,Tide,1,300,1,7-Oct-22,0.133,0.077,0.056,0.87994972,381.333333,2.30756045,2,4.61512089
8,4,5,12-Aug-22,HIOC - North,Pacific,M. gigas,21,Tide,1,300,1,7-Oct-22,0.124,0.077,0.047,0.73852923,126.333333,5.84587779,2,11.6917556
8,5,5,12-Aug-22,HIOC - North,Pacific,M. gigas,21,Tide,1,300,1,7-Oct-22,0.287,0.074,0.213,3.3469516,532.952,6.28002447,2,12.5600489
9,1,5,12-Aug-22,HIOC - North,Pacific,M. gigas,21,Tide,1,300,1,7-Oct-22,0.13,0.077,0.053,0.83280955,229.666667,3.62616642,2,7.25233283
9,2,5,12-Aug-22,HIOC - North,Pacific,M. gigas,21,Tide,1,300,1,7-Oct-22,0.159,0.077,0.082,1.2884978,371.333333,3.46992226,2,6.93984452
9,3,5,12-Aug-22,HIOC - North,Pacific,M. gigas,21,Tide,1,300,1,7-Oct-22,0.165,0.077,0.088,1.38277813,285.5,4.84335596,2,9.68671192
9,4,5,12-Aug-22,HIOC - North,Pacific,M. gigas,21,Tide,1,300,1,7-Oct-22,0.137,0.077,0.06,0.94280327,129.666667,7.27097636,2,14.5419527
9,5,5,12-Aug-22,HIOC - North,Pacific,M. gigas,21,Tide,1,300,1,7-Oct-22,0.11,0.074,0.036,0.56568196,174.145,3.2483388,2,6.49667761
10,1,5,12-Aug-22,HIOC - North,Pacific,M. gigas,21,No_Tide,1,300,1,7-Oct-22,0.188,0.077,0.111,1.74418605,416.333333,4.18939803,2,8.37879606
10,2,5,12-Aug-22,HIOC - North,Pacific,M. gigas,21,No_Tide,1,300,1,7-Oct-22,0.152,0.077,0.075,1.17850409,686.333333,1.71710163,2,3.43420326
10,3,5,12-Aug-22,HIOC - North,Pacific,M. gigas,21,No_Tide,1,300,1,7-Oct-22,0.106,0.077,0.029,0.45568825,201.333333,2.26335222,2,4.52670443
10,4,5,12-Aug-22,HIOC - North,Pacific,M. gigas,21,No_Tide,1,300,1,7-Oct-22,0.13,0.077,0.053,0.83280955,599.666667,1.38878747,2,2.77757494
10,5,5,12-Aug-22,HIOC - North,Pacific,M. gigas,21,No_Tide,1,300,1,7-Oct-22,0.156,0.074,0.082,1.2884978,594.333,2.16797284,2,4.33594567
11,1,5,12-Aug-22,HIOC - North,Pacific,M. gigas,21,No_Tide,1,300,1,7-Oct-22,0.19,0.077,0.113,1.77561282,469.707,3.78025625,2,7.5605125
11,2,5,12-Aug-22,HIOC - North,Pacific,M. gigas,21,No_Tide,1,300,1,7-Oct-22,0.171,0.077,0.094,1.47705845,792.175,1.8645608,2,3.72912161
11,3,5,12-Aug-22,HIOC - North,Pacific,M. gigas,21,No_Tide,1,300,1,7-Oct-22,0.192,0.077,0.115,1.8070396,551.785,3.27489801,2,6.54979602
11,4,5,12-Aug-22,HIOC - North,Pacific,M. gigas,21,No_Tide,1,300,1,7-Oct-22,0.111,0.077,0.034,0.53425519,202.554,2.63759385,2,5.27518771
11,5,5,12-Aug-22,HIOC - North,Pacific,M. gigas,21,No_Tide,1,300,1,7-Oct-22,0.103,0.074,0.029,0.45568825,249.428,1.82693301,2,3.65386602
12,1,5,12-Aug-22,HIOC - North,Pacific,M. gigas,21,No_Tide,1,300,1,7-Oct-22,0.153,0.077,0.076,1.19421747,575.416,2.07539845,2,4.1507969
12,2,5,12-Aug-22,HIOC - North,Pacific,M. gigas,21,No_Tide,1,300,1,7-Oct-22,0.138,0.077,0.061,0.95851666,503.647,1.90315172,2,3.80630345
12,3,5,12-Aug-22,HIOC - North,Pacific,M. gigas,21,No_Tide,1,300,1,7-Oct-22,0.154,0.077,0.077,1.20993086,497.039,2.43427751,2,4.86855503
12,4,5,12-Aug-22,HIOC - North,Pacific,M. gigas,21,No_Tide,1,300,1,7-Oct-22,0.144,0.077,0.067,1.05279698,517.808,2.03318022,2,4.06636044
12,5,5,12-Aug-22,HIOC - North,Pacific,M. gigas,21,No_Tide,1,300,1,7-Oct-22,0.101,0.074,0.027,0.42426147,165.991,2.55593057,2,5.11186113
13,1,5,11-Aug-22,BBOC - Middle,Pacific,M. gigas,15,No_Tide,1,300,1,7-Oct-22,0.161,0.077,0.084,1.31992458,736.67,1.79174471,2,3.58348942
13,2,5,11-Aug-22,BBOC - Middle,Pacific,M. gigas,15,No_Tide,1,300,1,7-Oct-22,0.188,0.077,0.111,1.74418605,328.481,5.30985368,2,10.6197074
13,3,5,11-Aug-22,BBOC - Middle,Pacific,M. gigas,15,No_Tide,1,300,1,7-Oct-22,0.148,0.077,0.071,1.11565053,549.904,2.02880964,2,4.05761927
13,4,5,11-Aug-22,BBOC - Middle,Pacific,M. gigas,15,No_Tide,1,300,1,7-Oct-22,0.132,0.077,0.055,0.86423633,532.894,1.62177906,2,3.24355812
13,5,5,11-Aug-22,BBOC - Middle,Pacific,M. gigas,15,No_Tide,1,300,1,7-Oct-22,0.122,0.074,0.048,0.75424261,406.006,1.85771298,2,3.71542595
14,1,5,11-Aug-22,BBOC - Middle,Pacific,M. gigas,15,No_Tide,1,300,1,7-Oct-22,0.099,0.077,0.022,0.34569453,214.687,1.61022573,2,3.22045146
14,2,5,11-Aug-22,BBOC - Middle,Pacific,M. gigas,15,No_Tide,1,300,1,7-Oct-22,0.114,0.077,0.037,0.58139535,399.15,1.45658361,2,2.91316722
14,3,5,11-Aug-22,BBOC - Middle,Pacific,M. gigas,15,No_Tide,1,300,1,7-Oct-22,0.136,0.077,0.059,0.92708988,525.343,1.76473253,2,3.52946506
14,4,5,11-Aug-22,BBOC - Middle,Pacific,M. gigas,15,No_Tide,1,300,1,7-Oct-22,0.184,0.077,0.107,1.6813325,837.732,2.00700522,2,4.01401044
14,5,5,11-Aug-22,BBOC - Middle,Pacific,M. gigas,15,No_Tide,1,300,1,7-Oct-22,0.125,0.074,0.051,0.80138278,340.345,2.35461893,2,4.70923785
15,1,5,11-Aug-22,BBOC - Middle,Pacific,M. gigas,15,No_Tide,1,300,1,7-Oct-22,0.15,0.077,0.073,1.14707731,529.117,2.16790863,2,4.33581726
15,2,5,11-Aug-22,BBOC - Middle,Pacific,M. gigas,15,No_Tide,1,300,1,7-Oct-22,0.12,0.077,0.043,0.67567568,317.199,2.1301318,2,4.26026359
15,3,5,11-Aug-22,BBOC - Middle,Pacific,M. gigas,15,No_Tide,1,300,1,7-Oct-22,0.177,0.077,0.1,1.57133878,762.36,2.06115061,2,4.12230122
15,4,5,11-Aug-22,BBOC - Middle,Pacific,M. gigas,15,No_Tide,1,300,1,7-Oct-22,0.173,0.077,0.096,1.50848523,1085.445,1.38973898,2,2.77947796
15,5,5,11-Aug-22,BBOC - Middle,Pacific,M. gigas,15,No_Tide,1,300,1,7-Oct-22,0.099,0.074,0.025,0.3928347,175.957,2.23256077,2,4.46512154
16,1,5,11-Aug-22,BBOC - Middle,Pacific,M. gigas,15,Tide,1,300,1,7-Oct-22,0.15,0.077,0.073,1.14707731,766.2,1.49709907,2,2.99419815
16,2,5,11-Aug-22,BBOC - Middle,Pacific,M. gigas,15,Tide,1,300,1,7-Oct-22,0.122,0.077,0.045,0.70710245,517.854,1.3654475,2,2.73089501
16,3,5,11-Aug-22,BBOC - Middle,Pacific,M. gigas,15,Tide,1,300,1,7-Oct-22,0.139,0.077,0.062,0.97423004,571.633,1.70429287,2,3.40858573
16,4,5,11-Aug-22,BBOC - Middle,Pacific,M. gigas,15,Tide,1,300,1,7-Oct-22,0.133,0.077,0.056,0.87994972,308.201,2.85511636,2,5.71023272
16,5,5,11-Aug-22,BBOC - Middle,Pacific,M. gigas,15,Tide,1,300,1,7-Oct-22,0.1,0.074,0.026,0.40854808,219.477,1.86146194,2,3.72292389
17,1,5,11-Aug-22,BBOC - Middle,Pacific,M. gigas,15,Tide,1,300,1,7-Oct-22,0.142,0.077,0.065,1.02137021,497.053,2.05485171,2,4.10970342
17,2,5,11-Aug-22,BBOC - Middle,Pacific,M. gigas,15,Tide,1,300,1,7-Oct-22,0.137,0.077,0.06,0.94280327,445.244,2.11749798,2,4.23499595
17,3,5,11-Aug-22,BBOC - Middle,Pacific,M. gigas,15,Tide,1,300,1,7-Oct-22,0.114,0.077,0.037,0.58139535,304.426,1.90980846,2,3.81961691
17,4,5,11-Aug-22,BBOC - Middle,Pacific,M. gigas,15,Tide,1,300,1,7-Oct-22,0.121,0.077,0.044,0.69138906,522.575,1.32304275,2,2.64608549
17,5,5,11-Aug-22,BBOC - Middle,Pacific,M. gigas,15,Tide,1,300,1,7-Oct-22,0.123,0.074,0.049,0.769956,414.161,1.85907413,2,3.71814827
18,1,5,11-Aug-22,BBOC - Middle,Pacific,M. gigas,15,Tide,1,300,1,7-Oct-22,0.164,0.077,0.087,1.36706474,633.163,2.15910396,2,4.31820792
18,2,5,11-Aug-22,BBOC - Middle,Pacific,M. gigas,15,Tide,1,300,1,7-Oct-22,0.13,0.077,0.053,0.83280955,548.05,1.51958681,2,3.03917363
18,3,5,11-Aug-22,BBOC - Middle,Pacific,M. gigas,15,Tide,1,300,1,7-Oct-22,0.134,0.077,0.057,0.8956631,642.677,1.39364425,2,2.7872885
18,4,5,11-Aug-22,BBOC - Middle,Pacific,M. gigas,15,Tide,1,300,1,7-Oct-22,0.134,0.077,0.057,0.8956631,531.006,1.68672878,2,3.37345757
18,5,5,11-Aug-22,BBOC - Middle,Pacific,M. gigas,15,Tide,1,300,1,7-Oct-22,0.117,0.074,0.043,0.67567568,469.854,1.43805454,2,2.87610907
19,1,5,11-Aug-22,BBOC - Middle,Pacific,M. gigas,21,Tide,1,300,1,8-Oct-22,0.155,0.077,0.078,1.22564425,752.832,1.62804483,2,3.25608967
19,2,5,11-Aug-22,BBOC - Middle,Pacific,M. gigas,21,Tide,1,300,1,8-Oct-22,0.131,0.077,0.054,0.84852294,593.411,1.42990767,2,2.85981534
19,3,5,11-Aug-22,BBOC - Middle,Pacific,M. gigas,21,Tide,1,300,1,8-Oct-22,0.137,0.077,0.06,0.94280327,212.916,4.4280527,2,8.8561054
19,4,5,11-Aug-22,BBOC - Middle,Pacific,M. gigas,21,Tide,1,300,1,8-Oct-22,0.126,0.074,0.052,0.81709617,394.097,2.0733377,2,4.14667539
19,5,5,11-Aug-22,BBOC - Middle,Pacific,M. gigas,21,Tide,1,300,1,8-Oct-22,0.106,0.077,0.029,0.45568825,533.844,0.85359814,2,1.70719628
20,1,5,11-Aug-22,BBOC - Middle,Pacific,M. gigas,21,Tide,1,300,1,8-Oct-22,0.245,0.077,0.168,2.63984915,462.174,5.711808,2,11.423616
20,2,5,11-Aug-22,BBOC - Middle,Pacific,M. gigas,21,Tide,1,300,1,8-Oct-22,0.129,0.077,0.052,0.81709617,438.719,1.86245904,2,3.72491807
20,3,5,11-Aug-22,BBOC - Middle,Pacific,M. gigas,21,Tide,1,300,1,8-Oct-22,0.103,0.077,0.026,0.40854808,101.066,4.04238896,2,8.08477793
20,4,5,11-Aug-22,BBOC - Middle,Pacific,M. gigas,21,Tide,1,300,1,8-Oct-22,0.157,0.077,0.08,1.25707102,548.064,2.29365735,2,4.58731471
20,5,5,11-Aug-22,BBOC - Middle,Pacific,M. gigas,21,Tide,1,300,1,8-Oct-22,0.115,0.074,0.041,0.6442489,378.602,1.70165213,2,3.40330426
21,1,5,11-Aug-22,BBOC - Middle,Pacific,M. gigas,21,Tide,1,300,1,24-Oct-22,0.119,0.077,0.042,0.65996229,411.183,1.60503301,2,3.21006602
21,2,5,11-Aug-22,BBOC - Middle,Pacific,M. gigas,21,Tide,1,300,1,24-Oct-22,0.155,0.077,0.078,1.22564425,467.87,2.61962564,2,5.23925128
21,3,5,11-Aug-22,BBOC - Middle,Pacific,M. gigas,21,Tide,1,300,1,24-Oct-22,0.165,0.077,0.088,1.38277813,396.41,3.48825238,2,6.97650477
21,4,5,11-Aug-22,BBOC - Middle,Pacific,M. gigas,21,Tide,1,300,1,24-Oct-22,0.168,0.077,0.091,1.42991829,829.496,1.72383989,2,3.44767977
21,5,5,11-Aug-22,BBOC - Middle,Pacific,M. gigas,21,Tide,1,300,1,24-Oct-22,,,,,,,2,
22,1,5,11-Aug-22,BBOC - Middle,Pacific,M. gigas,21,No_Tide,1,300,1,24-Oct-22,0.124,0.077,0.047,0.73852923,488.002,1.51337336,2,3.02674672
22,2,5,11-Aug-22,BBOC - Middle,Pacific,M. gigas,21,No_Tide,1,300,1,24-Oct-22,0.118,0.077,0.041,0.6442489,467.869,1.37698565,2,2.7539713
22,3,5,11-Aug-22,BBOC - Middle,Pacific,M. gigas,21,No_Tide,1,300,1,24-Oct-22,0.101,0.077,0.024,0.37712131,251.579,1.49901744,2,2.99803487
22,4,5,11-Aug-22,BBOC - Middle,Pacific,M. gigas,21,No_Tide,1,300,1,24-Oct-22,0.097,0.077,0.02,0.31426776,301.347,1.04287667,2,2.08575334
22,5,5,11-Aug-22,BBOC - Middle,Pacific,M. gigas,21,No_Tide,1,300,1,24-Oct-22,0.12,0.074,0.046,0.72281584,372.221,1.94189968,2,3.88379935
23,1,5,11-Aug-22,BBOC - Middle,Pacific,M. gigas,21,No_Tide,1,300,1,24-Oct-22,0.114,0.077,0.037,0.58139535,399.016,1.45707277,2,2.91414554
23,2,5,11-Aug-22,BBOC - Middle,Pacific,M. gigas,21,No_Tide,1,300,1,24-Oct-22,0.126,0.077,0.049,0.769956,308.634,2.49472191,2,4.98944382
23,3,5,11-Aug-22,BBOC - Middle,Pacific,M. gigas,21,No_Tide,1,300,1,24-Oct-22,0.114,0.077,0.037,0.58139535,366.065,1.58822982,2,3.17645964
23,4,5,11-Aug-22,BBOC - Middle,Pacific,M. gigas,21,No_Tide,1,300,1,24-Oct-22,,,,,,,2,
23,5,5,11-Aug-22,BBOC - Middle,Pacific,M. gigas,21,No_Tide,1,300,1,24-Oct-22,0.086,0.074,0.012,0.18856065,344.067,0.5480347,2,1.09606939
24,1,5,11-Aug-22,BBOC - Middle,Pacific,M. gigas,21,No_Tide,1,300,1,24-Oct-22,0.097,0.077,0.02,0.31426776,190.986,1.64550153,2,3.29100307
24,2,5,11-Aug-22,BBOC - Middle,Pacific,M. gigas,21,No_Tide,1,300,1,24-Oct-22,0.121,0.077,0.044,0.69138906,380.793,1.81565592,2,3.63131183
24,3,5,11-Aug-22,BBOC - Middle,Pacific,M. gigas,21,No_Tide,1,300,1,24-Oct-22,0.137,0.077,0.06,0.94280327,523.119,1.80227304,2,3.60454607
24,4,5,11-Aug-22,BBOC - Middle,Pacific,M. gigas,21,No_Tide,1,300,1,24-Oct-22,0.122,0.077,0.045,0.70710245,417.272,1.69458399,2,3.38916798
24,5,5,11-Aug-22,BBOC - Middle,Pacific,M. gigas,21,No_Tide,1,300,1,24-Oct-22,0.113,0.074,0.039,0.61282212,180.488,3.39536215,2,6.79072431
25,1,5,10-Aug-22,TBOC - South,Pacific,M. gigas,15,No_Tide,1,300,1,24-Oct-22,0.091,0.077,0.014,0.21998743,148.529,1.48110759,2,2.96221518
25,2,5,10-Aug-22,TBOC - South,Pacific,M. gigas,15,No_Tide,1,300,1,24-Oct-22,0.089,0.077,0.012,0.18856065,318.165,0.59265052,2,1.18530105
25,3,5,10-Aug-22,TBOC - South,Pacific,M. gigas,15,No_Tide,1,300,1,24-Oct-22,0.104,0.077,0.027,0.42426147,202.906,2.0909262,2,4.18185239
25,4,5,10-Aug-22,TBOC - South,Pacific,M. gigas,15,No_Tide,1,300,1,24-Oct-22,0.105,0.077,0.028,0.43997486,353.192,1.24571015,2,2.4914203
25,5,5,10-Aug-22,TBOC - South,Pacific,M. gigas,15,No_Tide,1,300,1,24-Oct-22,0.098,0.074,0.024,0.37712131,243.981,1.54569949,2,3.09139898
26,1,5,10-Aug-22,TBOC - South,Pacific,M. gigas,15,No_Tide,1,300,1,24-Oct-22,0.16,0.077,0.083,1.30421119,719.418,1.81286983,2,3.62573966
26,2,5,10-Aug-22,TBOC - South,Pacific,M. gigas,15,No_Tide,1,300,1,24-Oct-22,0.098,0.077,0.021,0.32998114,212.282,1.55444712,2,3.10889424
26,3,5,10-Aug-22,TBOC - South,Pacific,M. gigas,15,No_Tide,1,300,1,24-Oct-22,0.087,0.077,0.01,0.15713388,133.288,1.17890491,2,2.35780983
26,4,5,10-Aug-22,TBOC - South,Pacific,M. gigas,15,No_Tide,1,300,1,24-Oct-22,0.092,0.077,0.015,0.23570082,146.835,1.60520868,2,3.21041737
26,5,5,10-Aug-22,TBOC - South,Pacific,M. gigas,15,No_Tide,1,300,1,24-Oct-22,0.097,0.074,0.023,0.36140792,244.889,1.47580299,2,2.95160599
27,1,5,10-Aug-22,TBOC - South,Pacific,M. gigas,15,No_Tide,1,300,1,24-Oct-22,0.101,0.077,0.024,0.37712131,238.751,1.57955907,2,3.15911814
27,2,5,10-Aug-22,TBOC - South,Pacific,M. gigas,15,No_Tide,1,300,1,24-Oct-22,0.106,0.077,0.029,0.45568825,249.012,1.82998509,2,3.65997017
27,3,5,10-Aug-22,TBOC - South,Pacific,M. gigas,15,No_Tide,1,300,1,24-Oct-22,0.095,0.077,0.018,0.28284098,152.767,1.85145339,2,3.70290679
27,4,5,10-Aug-22,TBOC - South,Pacific,M. gigas,15,No_Tide,1,300,1,24-Oct-22,0.091,0.077,0.014,0.21998743,118.913,1.84998637,2,3.69997274
27,5,5,10-Aug-22,TBOC - South,Pacific,M. gigas,15,No_Tide,1,300,1,24-Oct-22,0.09825,0.077,0.02125,0.33390949,189.86075,1.77774598,2,3.55549196
28,1,5,10-Aug-22,TBOC - South,Pacific,M. gigas,15,Tide,1,300,1,21-Oct-22,0.106,0.077,0.029,0.45568825,294.469,1.5474914,2,3.09498281
28,2,5,10-Aug-22,TBOC - South,Pacific,M. gigas,15,Tide,1,300,1,21-Oct-22,0.085,0.077,0.008,0.1257071,57.416,2.18940892,2,4.37881784
28,3,5,10-Aug-22,TBOC - South,Pacific,M. gigas,15,Tide,1,300,1,21-Oct-22,0.096,0.077,0.019,0.29855437,162.945,1.83224013,2,3.66448026
28,4,5,10-Aug-22,TBOC - South,Pacific,M. gigas,15,Tide,1,300,1,21-Oct-22,0.115,0.077,0.038,0.59710874,323.735,1.84443677,2,3.68887353
28,5,5,10-Aug-22,TBOC - South,Pacific,M. gigas,15,Tide,1,300,1,21-Oct-22,0.1005,0.077,0.0235,0.36926461,209.64125,1.85339431,2,3.70678861
29,1,5,10-Aug-22,TBOC - South,Pacific,M. gigas,15,Tide,1,300,1,21-Oct-22,0.1,0.077,0.023,0.36140792,216.547,1.66895833,2,3.33791666
29,2,5,10-Aug-22,TBOC - South,Pacific,M. gigas,15,Tide,1,300,1,21-Oct-22,0.095,0.077,0.018,0.28284098,196.947,1.43612739,2,2.87225477
29,3,5,10-Aug-22,TBOC - South,Pacific,M. gigas,15,Tide,1,300,1,21-Oct-22,0.101,0.077,0.024,0.37712131,276.437,1.36422153,2,2.72844306
29,4,5,10-Aug-22,TBOC - South,Pacific,M. gigas,15,Tide,1,300,1,21-Oct-22,0.116,0.077,0.039,0.61282212,361.746,1.69406745,2,3.3881349
29,5,5,10-Aug-22,TBOC - South,Pacific,M. gigas,15,Tide,1,300,1,21-Oct-22,0.103,0.077,0.026,0.40854808,262.91925,1.54084368,2,3.08168735
30,1,5,10-Aug-22,TBOC - South,Pacific,M. gigas,15,Tide,1,300,1,21-Oct-22,0.116,0.077,0.039,0.61282212,377.329,1.62410555,2,3.24821111
30,2,5,10-Aug-22,TBOC - South,Pacific,M. gigas,15,Tide,1,300,1,21-Oct-22,0.113,0.077,0.036,0.56568196,328.909,1.71987377,2,3.43974754
30,3,5,10-Aug-22,TBOC - South,Pacific,M. gigas,15,Tide,1,300,1,21-Oct-22,0.094,0.077,0.017,0.26712759,164.644,1.62245568,2,3.24491136
30,4,5,10-Aug-22,TBOC - South,Pacific,M. gigas,15,Tide,1,300,1,21-Oct-22,0.093,0.077,0.016,0.2514142,137.52,1.82820102,2,3.65640205
30,5,5,10-Aug-22,TBOC - South,Pacific,M. gigas,15,Tide,1,300,1,21-Oct-22,0.104,0.077,0.027,0.42426147,252.1005,1.69865901,2,3.39731801
31,1,5,10-Aug-22,TBOC - South,Pacific,M. gigas,21,Tide,1,300,1,21-Oct-22,0.106,0.077,0.029,0.45568825,300.703,1.51540971,2,3.03081942
31,2,5,10-Aug-22,TBOC - South,Pacific,M. gigas,21,Tide,1,300,1,21-Oct-22,0.121,0.077,0.044,0.69138906,260.327,2.65584847,2,5.31169693
31,3,5,10-Aug-22,TBOC - South,Pacific,M. gigas,21,Tide,1,300,1,21-Oct-22,0.106,0.077,0.029,0.45568825,220.957,2.06233904,2,4.12467807
31,4,5,10-Aug-22,TBOC - South,Pacific,M. gigas,21,Tide,1,300,1,21-Oct-22,0.135,0.077,0.058,0.91137649,465.498,1.95785265,2,3.9157053
31,5,5,10-Aug-22,TBOC - South,Pacific,M. gigas,21,Tide,1,300,1,21-Oct-22,0.117,0.077,0.04,0.62853551,311.87125,2.04786247,2,4.09572493
32,1,5,10-Aug-22,TBOC - South,Pacific,M. gigas,21,Tide,1,300,1,21-Oct-22,0.109,0.077,0.032,0.50282841,362.852,1.38576723,2,2.77153445
32,2,5,10-Aug-22,TBOC - South,Pacific,M. gigas,21,Tide,1,300,1,21-Oct-22,0.175,0.077,0.098,1.53991201,166.418,9.25327792,2,18.5065558
32,3,5,10-Aug-22,TBOC - South,Pacific,M. gigas,21,Tide,1,300,1,21-Oct-22,0.099,0.077,0.022,0.34569453,249.186,1.38729516,2,2.77459032
32,4,5,10-Aug-22,TBOC - South,Pacific,M. gigas,21,Tide,1,300,1,21-Oct-22,0.103,0.077,0.026,0.40854808,282.649,1.44542554,2,2.89085108
32,5,5,10-Aug-22,TBOC - South,Pacific,M. gigas,21,Tide,1,300,1,21-Oct-22,0.1215,0.077,0.0445,0.69924576,265.27625,3.36794146,2,6.73588292
33,1,5,10-Aug-22,TBOC - South,Pacific,M. gigas,21,Tide,1,300,1,21-Oct-22,0.099,0.077,0.022,0.34569453,233.78,1.47871731,2,2.95743461
33,2,5,10-Aug-22,TBOC - South,Pacific,M. gigas,21,Tide,1,300,1,21-Oct-22,0.096,0.077,0.019,0.29855437,277.133,1.07729635,2,2.15459269
33,3,5,10-Aug-22,TBOC - South,Pacific,M. gigas,21,Tide,1,300,1,21-Oct-22,0.093,0.077,0.016,0.2514142,111.306,2.25876597,2,4.51753194
33,4,5,10-Aug-22,TBOC - South,Pacific,M. gigas,21,Tide,1,300,1,21-Oct-22,0.098,0.077,0.021,0.32998114,171.52,1.92386395,2,3.84772789
33,5,5,10-Aug-22,TBOC - South,Pacific,M. gigas,21,Tide,1,300,1,21-Oct-22,0.0965,0.077,0.0195,0.30641106,198.43475,1.68466089,2,3.36932178
34,1,5,10-Aug-22,TBOC - South,Pacific,M. gigas,21,No_Tide,1,300,1,21-Oct-22,0.098,0.077,0.021,0.32998114,217.54,1.51687572,2,3.03375144
34,2,5,10-Aug-22,TBOC - South,Pacific,M. gigas,21,No_Tide,1,300,1,21-Oct-22,0.088,0.077,0.011,0.17284727,156.223,1.10641369,2,2.21282738
34,3,5,10-Aug-22,TBOC - South,Pacific,M. gigas,21,No_Tide,1,300,1,21-Oct-22,0.093,0.077,0.016,0.2514142,152.826,1.645101,2,3.29020199
34,4,5,10-Aug-22,TBOC - South,Pacific,M. gigas,21,No_Tide,1,300,1,21-Oct-22,0.166,0.077,0.089,1.39849151,213.271,6.55734495,2,13.1146899
34,5,5,10-Aug-22,TBOC - South,Pacific,M. gigas,21,No_Tide,1,300,1,21-Oct-22,0.11125,0.077,0.03425,0.53818353,184.965,2.70643384,2,5.41286768
35,1,5,10-Aug-22,TBOC - South,Pacific,M. gigas,21,No_Tide,1,300,1,21-Oct-22,0.139,0.077,0.062,0.97423004,286.083,3.40541047,2,6.81082094
35,2,5,10-Aug-22,TBOC - South,Pacific,M. gigas,21,No_Tide,1,300,1,21-Oct-22,0.128,0.077,0.051,0.80138278,284.874,2.81311309,2,5.62622618
35,3,5,10-Aug-22,TBOC - South,Pacific,M. gigas,21,No_Tide,1,300,1,21-Oct-22,0.112,0.077,0.035,0.54996857,359.389,1.53028772,2,3.06057544
35,4,5,10-Aug-22,TBOC - South,Pacific,M. gigas,21,No_Tide,1,300,1,21-Oct-22,0.097,0.077,0.02,0.31426776,200.474,1.56762351,2,3.13524703
35,5,5,10-Aug-22,TBOC - South,Pacific,M. gigas,21,No_Tide,1,300,1,21-Oct-22,0.119,0.077,0.042,0.65996229,282.705,2.3291087,2,4.6582174
36,1,5,10-Aug-22,TBOC - South,Pacific,M. gigas,21,No_Tide,1,300,1,21-Oct-22,0.096,0.077,0.019,0.29855437,211.564,1.41117756,2,2.82235511
36,2,5,10-Aug-22,TBOC - South,Pacific,M. gigas,21,No_Tide,1,300,1,21-Oct-22,0.091,0.077,0.014,0.21998743,170.669,1.28897122,2,2.57794244
36,3,5,10-Aug-22,TBOC - South,Pacific,M. gigas,21,No_Tide,1,300,1,21-Oct-22,0.115,0.077,0.038,0.59710874,363.718,1.64168047,2,3.28336094
36,4,5,10-Aug-22,TBOC - South,Pacific,M. gigas,21,No_Tide,1,300,1,21-Oct-22,0.116,0.077,0.039,0.61282212,367.181,1.66899193,2,3.33798385
36,5,5,10-Aug-22,TBOC - South,Pacific,M. gigas,21,No_Tide,1,300,1,21-Oct-22,0.1045,0.077,0.0275,0.43211816,278.283,1.50270529,2,3.00541059
